NVTX Range,Style,PID,TID,NVTX Inst,Kern Inst,Total Time (ns),Avg (ns),Med (ns),Min (ns),Max (ns),StdDev (ns),Kernel Name
:lm_head,PushPop,4239,4239,1,1,357889,357889.0,357889.0,357889,357889,0.0,"void gemv2T_kernel_val<int, int, __nv_bfloat16, __nv_bfloat16, __nv_bfloat16, float, (int)128, (int)16, (int)4, (int)4, (bool)0, (bool)0, cublasGemvParamsEx<int, cublasGemvTensorStridedBatched<const __nv_bfloat16>, cublasGemvTensorStridedBatched<const __nv_bfloat16>, cublasGemvTensorStridedBatched<__nv_bfloat16>, float>>(T13, T6, T6)"
:model.embed_tokens,PushPop,4239,4239,1,1,8800,8800.0,8800.0,8800,8800,0.0,"void at::native::vectorized_gather_kernel<(int)16, long>(char *, char *, T2 *, int, long, long, long, long, bool)"
:model.layers.0,PushPop,4239,4239,1,3,595555,198518.3,221345.0,150113,224097,41942.8,void cutlass::Kernel2<cutlass_80_tensorop_bf16_s16816gemm_relu_bf16_256x128_32x3_tn_align8>(T1::Params)
:model.layers.0,PushPop,4239,4239,1,1,316258,316258.0,316258.0,316258,316258,0.0,"void pytorch_flash::flash_fwd_kernel<Flash_fwd_kernel_traits<(int)128, (int)64, (int)64, (int)4, (bool)0, (bool)0, cutlass::bfloat16_t, Flash_kernel_traits<(int)128, (int)64, (int)64, (int)4, cutlass::bfloat16_t>>, (bool)0, (bool)1, (bool)0, (bool)0, (bool)1, (bool)1, (bool)0, (bool)0>(pytorch_flash::Flash_fwd_params)"
:model.layers.0,PushPop,4239,4239,1,2,303009,151504.5,151504.5,123136,179873,40119.1,ampere_bf16_s1688gemm_bf16_128x128_ldg8_f2f_stages_32x1_tn
:model.layers.0,PushPop,4239,4239,1,2,147712,73856.0,73856.0,73728,73984,181.0,ampere_bf16_s16816gemm_bf16_256x128_ldg8_f2f_stages_32x3_tn
:model.layers.0,PushPop,4239,4239,1,8,138368,17296.0,13600.0,12448,25088,5877.5,"void at::native::elementwise_kernel<(int)128, (int)4, void at::native::gpu_kernel_impl_nocast<at::native::BinaryFunctor<c10::BFloat16, c10::BFloat16, c10::BFloat16, at::native::binary_internal::MulFunctor<float>>>(at::TensorIteratorBase &, const T1 &)::[lambda(int) (instance 1)]>(int, T3)"
:model.layers.0,PushPop,4239,4239,1,4,104288,26072.0,21152.0,21024,40960,9925.5,"void at::native::vectorized_elementwise_kernel<(int)4, void at::native::<unnamed>::pow_tensor_scalar_kernel_impl<float, float>(at::TensorIteratorBase &, T2)::[lambda(float) (instance 1)], std::array<char *, (unsigned long)2>>(int, T2, T3)"
:model.layers.0,PushPop,4239,4239,1,4,102465,25616.3,24544.0,18209,35168,7037.2,"void at::native::<unnamed>::CatArrayBatchedCopy<at::native::<unnamed>::OpaqueType<(unsigned int)2>, unsigned int, (int)4, (int)64, (int)64>(T1 *, at::native::<unnamed>::CatArrInputTensorMetadata<T1, T2, T4, T5>, at::native::<unnamed>::TensorSizeStride<T2, (unsigned int)4>, int, T2)"
:model.layers.0,PushPop,4239,4239,1,4,99361,24840.3,20560.0,20032,38209,8916.2,"void at::native::elementwise_kernel<(int)128, (int)2, void at::native::gpu_kernel_impl_nocast<at::native::BinaryFunctor<float, float, float, at::native::binary_internal::MulFunctor<float>>>(at::TensorIteratorBase &, const T1 &)::[lambda(int) (instance 1)]>(int, T3)"
:model.layers.0,PushPop,4239,4239,1,4,84160,21040.0,17392.0,16224,33152,8093.4,"void at::native::unrolled_elementwise_kernel<at::native::direct_copy_kernel_cuda(at::TensorIteratorBase &)::[lambda() (instance 3)]::operator ()() const::[lambda() (instance 7)]::operator ()() const::[lambda(float) (instance 1)], std::array<char *, (unsigned long)2>, (int)4, TrivialOffsetCalculator<(int)1, unsigned int>, TrivialOffsetCalculator<(int)1, unsigned int>, at::native::memory::LoadWithCast<(int)1>, at::native::memory::StoreWithCast<(int)1>>(int, T1, T2, T4, T5, T6, T7)"
:model.layers.0,PushPop,4239,4239,1,4,75584,18896.0,14656.0,14432,31840,8630.1,"void at::native::vectorized_elementwise_kernel<(int)4, at::native::bfloat16_copy_kernel_cuda(at::TensorIteratorBase &)::[lambda(float) (instance 1)], std::array<char *, (unsigned long)2>>(int, T2, T3)"
:model.layers.0,PushPop,4239,4239,1,4,61600,15400.0,12432.0,10208,26528,7598.8,"void at::native::reduce_kernel<(int)512, (int)1, at::native::ReduceOp<float, at::native::MeanOps<float, float, float, float>, unsigned int, float, (int)4, (int)4>>(T3)"
:model.layers.0,PushPop,4239,4239,1,2,49600,24800.0,24800.0,17184,32416,10770.7,"void at::native::elementwise_kernel<(int)128, (int)4, void at::native::gpu_kernel_impl_nocast<at::native::CUDAFunctor_add<c10::BFloat16>>(at::TensorIteratorBase &, const T1 &)::[lambda(int) (instance 1)]>(int, T3)"
:model.layers.0,PushPop,4239,4239,1,1,46016,46016.0,46016.0,46016,46016,0.0,"void at::native::vectorized_elementwise_kernel<(int)4, at::native::BinaryFunctor<c10::BFloat16, c10::BFloat16, c10::BFloat16, at::native::binary_internal::MulFunctor<float>>, std::array<char *, (unsigned long)3>>(int, T2, T3)"
:model.layers.0,PushPop,4239,4239,1,1,31200,31200.0,31200.0,31200,31200,0.0,"void at::native::vectorized_elementwise_kernel<(int)4, at::native::<unnamed>::silu_kernel(at::TensorIteratorBase &)::[lambda() (instance 1)]::operator ()() const::[lambda() (instance 6)]::operator ()() const::[lambda(c10::BFloat16) (instance 1)], std::array<char *, (unsigned long)2>>(int, T2, T3)"
:model.layers.0,PushPop,4239,4239,1,2,27520,13760.0,13760.0,13728,13792,45.3,"void at::native::vectorized_elementwise_kernel<(int)4, at::native::CUDAFunctor_add<c10::BFloat16>, std::array<char *, (unsigned long)3>>(int, T2, T3)"
:model.layers.0,PushPop,4239,4239,1,2,20320,10160.0,10160.0,7232,13088,4140.8,"void at::native::elementwise_kernel<(int)128, (int)4, void at::native::gpu_kernel_impl_nocast<at::native::neg_kernel_cuda(at::TensorIteratorBase &)::[lambda() (instance 2)]::operator ()() const::[lambda() (instance 9)]::operator ()() const::[lambda(c10::BFloat16) (instance 1)]>(at::TensorIteratorBase &, const T1 &)::[lambda(int) (instance 1)]>(int, T3)"
:model.layers.0,PushPop,4239,4239,1,4,6464,1616.0,1520.0,1440,1984,251.3,"void at::native::vectorized_elementwise_kernel<(int)4, at::native::CUDAFunctorOnSelf_add<float>, std::array<char *, (unsigned long)2>>(int, T2, T3)"
:model.layers.0,PushPop,4239,4239,1,4,5888,1472.0,1472.0,1440,1504,26.1,"void at::native::vectorized_elementwise_kernel<(int)4, at::native::rsqrt_kernel_cuda(at::TensorIteratorBase &)::[lambda() (instance 2)]::operator ()() const::[lambda() (instance 2)]::operator ()() const::[lambda(float) (instance 1)], std::array<char *, (unsigned long)2>>(int, T2, T3)"
:model.layers.0.input_layernorm,PushPop,4239,4239,1,1,21152,21152.0,21152.0,21152,21152,0.0,"void at::native::vectorized_elementwise_kernel<(int)4, void at::native::<unnamed>::pow_tensor_scalar_kernel_impl<float, float>(at::TensorIteratorBase &, T2)::[lambda(float) (instance 1)], std::array<char *, (unsigned long)2>>(int, T2, T3)"
:model.layers.0.input_layernorm,PushPop,4239,4239,1,1,20640,20640.0,20640.0,20640,20640,0.0,"void at::native::elementwise_kernel<(int)128, (int)2, void at::native::gpu_kernel_impl_nocast<at::native::BinaryFunctor<float, float, float, at::native::binary_internal::MulFunctor<float>>>(at::TensorIteratorBase &, const T1 &)::[lambda(int) (instance 1)]>(int, T3)"
:model.layers.0.input_layernorm,PushPop,4239,4239,1,1,17408,17408.0,17408.0,17408,17408,0.0,"void at::native::unrolled_elementwise_kernel<at::native::direct_copy_kernel_cuda(at::TensorIteratorBase &)::[lambda() (instance 3)]::operator ()() const::[lambda() (instance 7)]::operator ()() const::[lambda(float) (instance 1)], std::array<char *, (unsigned long)2>, (int)4, TrivialOffsetCalculator<(int)1, unsigned int>, TrivialOffsetCalculator<(int)1, unsigned int>, at::native::memory::LoadWithCast<(int)1>, at::native::memory::StoreWithCast<(int)1>>(int, T1, T2, T4, T5, T6, T7)"
:model.layers.0.input_layernorm,PushPop,4239,4239,1,1,14432,14432.0,14432.0,14432,14432,0.0,"void at::native::vectorized_elementwise_kernel<(int)4, at::native::bfloat16_copy_kernel_cuda(at::TensorIteratorBase &)::[lambda(float) (instance 1)], std::array<char *, (unsigned long)2>>(int, T2, T3)"
:model.layers.0.input_layernorm,PushPop,4239,4239,1,1,12576,12576.0,12576.0,12576,12576,0.0,"void at::native::elementwise_kernel<(int)128, (int)4, void at::native::gpu_kernel_impl_nocast<at::native::BinaryFunctor<c10::BFloat16, c10::BFloat16, c10::BFloat16, at::native::binary_internal::MulFunctor<float>>>(at::TensorIteratorBase &, const T1 &)::[lambda(int) (instance 1)]>(int, T3)"
:model.layers.0.input_layernorm,PushPop,4239,4239,1,1,10208,10208.0,10208.0,10208,10208,0.0,"void at::native::reduce_kernel<(int)512, (int)1, at::native::ReduceOp<float, at::native::MeanOps<float, float, float, float>, unsigned int, float, (int)4, (int)4>>(T3)"
:model.layers.0.input_layernorm,PushPop,4239,4239,1,1,1440,1440.0,1440.0,1440,1440,0.0,"void at::native::vectorized_elementwise_kernel<(int)4, at::native::CUDAFunctorOnSelf_add<float>, std::array<char *, (unsigned long)2>>(int, T2, T3)"
:model.layers.0.input_layernorm,PushPop,4239,4239,1,1,1440,1440.0,1440.0,1440,1440,0.0,"void at::native::vectorized_elementwise_kernel<(int)4, at::native::rsqrt_kernel_cuda(at::TensorIteratorBase &)::[lambda() (instance 2)]::operator ()() const::[lambda() (instance 2)]::operator ()() const::[lambda(float) (instance 1)], std::array<char *, (unsigned long)2>>(int, T2, T3)"
:model.layers.0.mlp.act_fn,PushPop,4239,4239,1,1,31200,31200.0,31200.0,31200,31200,0.0,"void at::native::vectorized_elementwise_kernel<(int)4, at::native::<unnamed>::silu_kernel(at::TensorIteratorBase &)::[lambda() (instance 1)]::operator ()() const::[lambda() (instance 6)]::operator ()() const::[lambda(c10::BFloat16) (instance 1)], std::array<char *, (unsigned long)2>>(int, T2, T3)"
:model.layers.0.mlp.down_proj,PushPop,4239,4239,1,1,179873,179873.0,179873.0,179873,179873,0.0,ampere_bf16_s1688gemm_bf16_128x128_ldg8_f2f_stages_32x1_tn
:model.layers.0.mlp.gate_proj,PushPop,4239,4239,1,1,224097,224097.0,224097.0,224097,224097,0.0,void cutlass::Kernel2<cutlass_80_tensorop_bf16_s16816gemm_relu_bf16_256x128_32x3_tn_align8>(T1::Params)
:model.layers.0.mlp.up_proj,PushPop,4239,4239,1,1,221345,221345.0,221345.0,221345,221345,0.0,void cutlass::Kernel2<cutlass_80_tensorop_bf16_s16816gemm_relu_bf16_256x128_32x3_tn_align8>(T1::Params)
:model.layers.0.post_attention_layernorm,PushPop,4239,4239,1,1,21152,21152.0,21152.0,21152,21152,0.0,"void at::native::vectorized_elementwise_kernel<(int)4, void at::native::<unnamed>::pow_tensor_scalar_kernel_impl<float, float>(at::TensorIteratorBase &, T2)::[lambda(float) (instance 1)], std::array<char *, (unsigned long)2>>(int, T2, T3)"
:model.layers.0.post_attention_layernorm,PushPop,4239,4239,1,1,20480,20480.0,20480.0,20480,20480,0.0,"void at::native::elementwise_kernel<(int)128, (int)2, void at::native::gpu_kernel_impl_nocast<at::native::BinaryFunctor<float, float, float, at::native::binary_internal::MulFunctor<float>>>(at::TensorIteratorBase &, const T1 &)::[lambda(int) (instance 1)]>(int, T3)"
:model.layers.0.post_attention_layernorm,PushPop,4239,4239,1,1,17376,17376.0,17376.0,17376,17376,0.0,"void at::native::unrolled_elementwise_kernel<at::native::direct_copy_kernel_cuda(at::TensorIteratorBase &)::[lambda() (instance 3)]::operator ()() const::[lambda() (instance 7)]::operator ()() const::[lambda(float) (instance 1)], std::array<char *, (unsigned long)2>, (int)4, TrivialOffsetCalculator<(int)1, unsigned int>, TrivialOffsetCalculator<(int)1, unsigned int>, at::native::memory::LoadWithCast<(int)1>, at::native::memory::StoreWithCast<(int)1>>(int, T1, T2, T4, T5, T6, T7)"
:model.layers.0.post_attention_layernorm,PushPop,4239,4239,1,1,14720,14720.0,14720.0,14720,14720,0.0,"void at::native::vectorized_elementwise_kernel<(int)4, at::native::bfloat16_copy_kernel_cuda(at::TensorIteratorBase &)::[lambda(float) (instance 1)], std::array<char *, (unsigned long)2>>(int, T2, T3)"
:model.layers.0.post_attention_layernorm,PushPop,4239,4239,1,1,13056,13056.0,13056.0,13056,13056,0.0,"void at::native::elementwise_kernel<(int)128, (int)4, void at::native::gpu_kernel_impl_nocast<at::native::BinaryFunctor<c10::BFloat16, c10::BFloat16, c10::BFloat16, at::native::binary_internal::MulFunctor<float>>>(at::TensorIteratorBase &, const T1 &)::[lambda(int) (instance 1)]>(int, T3)"
:model.layers.0.post_attention_layernorm,PushPop,4239,4239,1,1,10880,10880.0,10880.0,10880,10880,0.0,"void at::native::reduce_kernel<(int)512, (int)1, at::native::ReduceOp<float, at::native::MeanOps<float, float, float, float>, unsigned int, float, (int)4, (int)4>>(T3)"
:model.layers.0.post_attention_layernorm,PushPop,4239,4239,1,1,1568,1568.0,1568.0,1568,1568,0.0,"void at::native::vectorized_elementwise_kernel<(int)4, at::native::CUDAFunctorOnSelf_add<float>, std::array<char *, (unsigned long)2>>(int, T2, T3)"
:model.layers.0.post_attention_layernorm,PushPop,4239,4239,1,1,1472,1472.0,1472.0,1472,1472,0.0,"void at::native::vectorized_elementwise_kernel<(int)4, at::native::rsqrt_kernel_cuda(at::TensorIteratorBase &)::[lambda() (instance 2)]::operator ()() const::[lambda() (instance 2)]::operator ()() const::[lambda(float) (instance 1)], std::array<char *, (unsigned long)2>>(int, T2, T3)"
:model.layers.0.self_attn.k_norm,PushPop,4239,4239,1,1,21024,21024.0,21024.0,21024,21024,0.0,"void at::native::vectorized_elementwise_kernel<(int)4, void at::native::<unnamed>::pow_tensor_scalar_kernel_impl<float, float>(at::TensorIteratorBase &, T2)::[lambda(float) (instance 1)], std::array<char *, (unsigned long)2>>(int, T2, T3)"
:model.layers.0.self_attn.k_norm,PushPop,4239,4239,1,1,20032,20032.0,20032.0,20032,20032,0.0,"void at::native::elementwise_kernel<(int)128, (int)2, void at::native::gpu_kernel_impl_nocast<at::native::BinaryFunctor<float, float, float, at::native::binary_internal::MulFunctor<float>>>(at::TensorIteratorBase &, const T1 &)::[lambda(int) (instance 1)]>(int, T3)"
:model.layers.0.self_attn.k_norm,PushPop,4239,4239,1,1,16224,16224.0,16224.0,16224,16224,0.0,"void at::native::unrolled_elementwise_kernel<at::native::direct_copy_kernel_cuda(at::TensorIteratorBase &)::[lambda() (instance 3)]::operator ()() const::[lambda() (instance 7)]::operator ()() const::[lambda(float) (instance 1)], std::array<char *, (unsigned long)2>, (int)4, TrivialOffsetCalculator<(int)1, unsigned int>, TrivialOffsetCalculator<(int)1, unsigned int>, at::native::memory::LoadWithCast<(int)1>, at::native::memory::StoreWithCast<(int)1>>(int, T1, T2, T4, T5, T6, T7)"
:model.layers.0.self_attn.k_norm,PushPop,4239,4239,1,1,14592,14592.0,14592.0,14592,14592,0.0,"void at::native::vectorized_elementwise_kernel<(int)4, at::native::bfloat16_copy_kernel_cuda(at::TensorIteratorBase &)::[lambda(float) (instance 1)], std::array<char *, (unsigned long)2>>(int, T2, T3)"
:model.layers.0.self_attn.k_norm,PushPop,4239,4239,1,1,13984,13984.0,13984.0,13984,13984,0.0,"void at::native::reduce_kernel<(int)512, (int)1, at::native::ReduceOp<float, at::native::MeanOps<float, float, float, float>, unsigned int, float, (int)4, (int)4>>(T3)"
:model.layers.0.self_attn.k_norm,PushPop,4239,4239,1,1,12448,12448.0,12448.0,12448,12448,0.0,"void at::native::elementwise_kernel<(int)128, (int)4, void at::native::gpu_kernel_impl_nocast<at::native::BinaryFunctor<c10::BFloat16, c10::BFloat16, c10::BFloat16, at::native::binary_internal::MulFunctor<float>>>(at::TensorIteratorBase &, const T1 &)::[lambda(int) (instance 1)]>(int, T3)"
:model.layers.0.self_attn.k_norm,PushPop,4239,4239,1,1,1472,1472.0,1472.0,1472,1472,0.0,"void at::native::vectorized_elementwise_kernel<(int)4, at::native::CUDAFunctorOnSelf_add<float>, std::array<char *, (unsigned long)2>>(int, T2, T3)"
:model.layers.0.self_attn.k_norm,PushPop,4239,4239,1,1,1472,1472.0,1472.0,1472,1472,0.0,"void at::native::vectorized_elementwise_kernel<(int)4, at::native::rsqrt_kernel_cuda(at::TensorIteratorBase &)::[lambda() (instance 2)]::operator ()() const::[lambda() (instance 2)]::operator ()() const::[lambda(float) (instance 1)], std::array<char *, (unsigned long)2>>(int, T2, T3)"
:model.layers.0.self_attn.k_proj,PushPop,4239,4239,1,1,73984,73984.0,73984.0,73984,73984,0.0,ampere_bf16_s16816gemm_bf16_256x128_ldg8_f2f_stages_32x3_tn
:model.layers.0.self_attn.o_proj,PushPop,4239,4239,1,1,123136,123136.0,123136.0,123136,123136,0.0,ampere_bf16_s1688gemm_bf16_128x128_ldg8_f2f_stages_32x1_tn
:model.layers.0.self_attn.q_norm,PushPop,4239,4239,1,1,40960,40960.0,40960.0,40960,40960,0.0,"void at::native::vectorized_elementwise_kernel<(int)4, void at::native::<unnamed>::pow_tensor_scalar_kernel_impl<float, float>(at::TensorIteratorBase &, T2)::[lambda(float) (instance 1)], std::array<char *, (unsigned long)2>>(int, T2, T3)"
:model.layers.0.self_attn.q_norm,PushPop,4239,4239,1,1,38209,38209.0,38209.0,38209,38209,0.0,"void at::native::elementwise_kernel<(int)128, (int)2, void at::native::gpu_kernel_impl_nocast<at::native::BinaryFunctor<float, float, float, at::native::binary_internal::MulFunctor<float>>>(at::TensorIteratorBase &, const T1 &)::[lambda(int) (instance 1)]>(int, T3)"
:model.layers.0.self_attn.q_norm,PushPop,4239,4239,1,1,33152,33152.0,33152.0,33152,33152,0.0,"void at::native::unrolled_elementwise_kernel<at::native::direct_copy_kernel_cuda(at::TensorIteratorBase &)::[lambda() (instance 3)]::operator ()() const::[lambda() (instance 7)]::operator ()() const::[lambda(float) (instance 1)], std::array<char *, (unsigned long)2>, (int)4, TrivialOffsetCalculator<(int)1, unsigned int>, TrivialOffsetCalculator<(int)1, unsigned int>, at::native::memory::LoadWithCast<(int)1>, at::native::memory::StoreWithCast<(int)1>>(int, T1, T2, T4, T5, T6, T7)"
:model.layers.0.self_attn.q_norm,PushPop,4239,4239,1,1,31840,31840.0,31840.0,31840,31840,0.0,"void at::native::vectorized_elementwise_kernel<(int)4, at::native::bfloat16_copy_kernel_cuda(at::TensorIteratorBase &)::[lambda(float) (instance 1)], std::array<char *, (unsigned long)2>>(int, T2, T3)"
:model.layers.0.self_attn.q_norm,PushPop,4239,4239,1,1,26528,26528.0,26528.0,26528,26528,0.0,"void at::native::reduce_kernel<(int)512, (int)1, at::native::ReduceOp<float, at::native::MeanOps<float, float, float, float>, unsigned int, float, (int)4, (int)4>>(T3)"
:model.layers.0.self_attn.q_norm,PushPop,4239,4239,1,1,23776,23776.0,23776.0,23776,23776,0.0,"void at::native::elementwise_kernel<(int)128, (int)4, void at::native::gpu_kernel_impl_nocast<at::native::BinaryFunctor<c10::BFloat16, c10::BFloat16, c10::BFloat16, at::native::binary_internal::MulFunctor<float>>>(at::TensorIteratorBase &, const T1 &)::[lambda(int) (instance 1)]>(int, T3)"
:model.layers.0.self_attn.q_norm,PushPop,4239,4239,1,1,1984,1984.0,1984.0,1984,1984,0.0,"void at::native::vectorized_elementwise_kernel<(int)4, at::native::CUDAFunctorOnSelf_add<float>, std::array<char *, (unsigned long)2>>(int, T2, T3)"
:model.layers.0.self_attn.q_norm,PushPop,4239,4239,1,1,1504,1504.0,1504.0,1504,1504,0.0,"void at::native::vectorized_elementwise_kernel<(int)4, at::native::rsqrt_kernel_cuda(at::TensorIteratorBase &)::[lambda() (instance 2)]::operator ()() const::[lambda() (instance 2)]::operator ()() const::[lambda(float) (instance 1)], std::array<char *, (unsigned long)2>>(int, T2, T3)"
:model.layers.0.self_attn.q_proj,PushPop,4239,4239,1,1,150113,150113.0,150113.0,150113,150113,0.0,void cutlass::Kernel2<cutlass_80_tensorop_bf16_s16816gemm_relu_bf16_256x128_32x3_tn_align8>(T1::Params)
:model.layers.0.self_attn.v_proj,PushPop,4239,4239,1,1,73728,73728.0,73728.0,73728,73728,0.0,ampere_bf16_s16816gemm_bf16_256x128_ldg8_f2f_stages_32x3_tn
:model.layers.1,PushPop,4239,4239,1,3,596994,198998.0,221664.0,150817,224513,41750.3,void cutlass::Kernel2<cutlass_80_tensorop_bf16_s16816gemm_relu_bf16_256x128_32x3_tn_align8>(T1::Params)
:model.layers.1,PushPop,4239,4239,1,1,307457,307457.0,307457.0,307457,307457,0.0,"void pytorch_flash::flash_fwd_kernel<Flash_fwd_kernel_traits<(int)128, (int)64, (int)64, (int)4, (bool)0, (bool)0, cutlass::bfloat16_t, Flash_kernel_traits<(int)128, (int)64, (int)64, (int)4, cutlass::bfloat16_t>>, (bool)0, (bool)1, (bool)0, (bool)0, (bool)1, (bool)1, (bool)0, (bool)0>(pytorch_flash::Flash_fwd_params)"
:model.layers.1,PushPop,4239,4239,1,2,303424,151712.0,151712.0,123424,180000,40005.3,ampere_bf16_s1688gemm_bf16_128x128_ldg8_f2f_stages_32x1_tn
:model.layers.1,PushPop,4239,4239,1,2,148161,74080.5,74080.5,74049,74112,44.5,ampere_bf16_s16816gemm_bf16_256x128_ldg8_f2f_stages_32x3_tn
:model.layers.1,PushPop,4239,4239,1,8,139680,17460.0,13712.0,12800,25248,5864.6,"void at::native::elementwise_kernel<(int)128, (int)4, void at::native::gpu_kernel_impl_nocast<at::native::BinaryFunctor<c10::BFloat16, c10::BFloat16, c10::BFloat16, at::native::binary_internal::MulFunctor<float>>>(at::TensorIteratorBase &, const T1 &)::[lambda(int) (instance 1)]>(int, T3)"
:model.layers.1,PushPop,4239,4239,1,4,104033,26008.3,24960.5,18112,36000,7402.3,"void at::native::<unnamed>::CatArrayBatchedCopy<at::native::<unnamed>::OpaqueType<(unsigned int)2>, unsigned int, (int)4, (int)64, (int)64>(T1 *, at::native::<unnamed>::CatArrInputTensorMetadata<T1, T2, T4, T5>, at::native::<unnamed>::TensorSizeStride<T2, (unsigned int)4>, int, T2)"
:model.layers.1,PushPop,4239,4239,1,4,103328,25832.0,20752.0,20608,41216,10256.2,"void at::native::vectorized_elementwise_kernel<(int)4, void at::native::<unnamed>::pow_tensor_scalar_kernel_impl<float, float>(at::TensorIteratorBase &, T2)::[lambda(float) (instance 1)], std::array<char *, (unsigned long)2>>(int, T2, T3)"
:model.layers.1,PushPop,4239,4239,1,4,99265,24816.3,20272.0,19936,38785,9314.3,"void at::native::elementwise_kernel<(int)128, (int)2, void at::native::gpu_kernel_impl_nocast<at::native::BinaryFunctor<float, float, float, at::native::binary_internal::MulFunctor<float>>>(at::TensorIteratorBase &, const T1 &)::[lambda(int) (instance 1)]>(int, T3)"
:model.layers.1,PushPop,4239,4239,1,4,83808,20952.0,17264.0,16320,32960,8020.1,"void at::native::unrolled_elementwise_kernel<at::native::direct_copy_kernel_cuda(at::TensorIteratorBase &)::[lambda() (instance 3)]::operator ()() const::[lambda() (instance 7)]::operator ()() const::[lambda(float) (instance 1)], std::array<char *, (unsigned long)2>, (int)4, TrivialOffsetCalculator<(int)1, unsigned int>, TrivialOffsetCalculator<(int)1, unsigned int>, at::native::memory::LoadWithCast<(int)1>, at::native::memory::StoreWithCast<(int)1>>(int, T1, T2, T4, T5, T6, T7)"
:model.layers.1,PushPop,4239,4239,1,4,75680,18920.0,14960.0,14464,31296,8254.2,"void at::native::vectorized_elementwise_kernel<(int)4, at::native::bfloat16_copy_kernel_cuda(at::TensorIteratorBase &)::[lambda(float) (instance 1)], std::array<char *, (unsigned long)2>>(int, T2, T3)"
:model.layers.1,PushPop,4239,4239,1,4,62368,15592.0,12432.0,10752,26752,7597.5,"void at::native::reduce_kernel<(int)512, (int)1, at::native::ReduceOp<float, at::native::MeanOps<float, float, float, float>, unsigned int, float, (int)4, (int)4>>(T3)"
:model.layers.1,PushPop,4239,4239,1,2,49760,24880.0,24880.0,17344,32416,10657.5,"void at::native::elementwise_kernel<(int)128, (int)4, void at::native::gpu_kernel_impl_nocast<at::native::CUDAFunctor_add<c10::BFloat16>>(at::TensorIteratorBase &, const T1 &)::[lambda(int) (instance 1)]>(int, T3)"
:model.layers.1,PushPop,4239,4239,1,1,45825,45825.0,45825.0,45825,45825,0.0,"void at::native::vectorized_elementwise_kernel<(int)4, at::native::BinaryFunctor<c10::BFloat16, c10::BFloat16, c10::BFloat16, at::native::binary_internal::MulFunctor<float>>, std::array<char *, (unsigned long)3>>(int, T2, T3)"
:model.layers.1,PushPop,4239,4239,1,1,31360,31360.0,31360.0,31360,31360,0.0,"void at::native::vectorized_elementwise_kernel<(int)4, at::native::<unnamed>::silu_kernel(at::TensorIteratorBase &)::[lambda() (instance 1)]::operator ()() const::[lambda() (instance 6)]::operator ()() const::[lambda(c10::BFloat16) (instance 1)], std::array<char *, (unsigned long)2>>(int, T2, T3)"
:model.layers.1,PushPop,4239,4239,1,2,27680,13840.0,13840.0,13632,14048,294.2,"void at::native::vectorized_elementwise_kernel<(int)4, at::native::CUDAFunctor_add<c10::BFloat16>, std::array<char *, (unsigned long)3>>(int, T2, T3)"
:model.layers.1,PushPop,4239,4239,1,2,20512,10256.0,10256.0,7040,13472,4548.1,"void at::native::elementwise_kernel<(int)128, (int)4, void at::native::gpu_kernel_impl_nocast<at::native::neg_kernel_cuda(at::TensorIteratorBase &)::[lambda() (instance 2)]::operator ()() const::[lambda() (instance 9)]::operator ()() const::[lambda(c10::BFloat16) (instance 1)]>(at::TensorIteratorBase &, const T1 &)::[lambda(int) (instance 1)]>(int, T3)"
:model.layers.1,PushPop,4239,4239,1,4,6336,1584.0,1568.0,1472,1728,106.1,"void at::native::vectorized_elementwise_kernel<(int)4, at::native::CUDAFunctorOnSelf_add<float>, std::array<char *, (unsigned long)2>>(int, T2, T3)"
:model.layers.1,PushPop,4239,4239,1,4,5920,1480.0,1472.0,1472,1504,16.0,"void at::native::vectorized_elementwise_kernel<(int)4, at::native::rsqrt_kernel_cuda(at::TensorIteratorBase &)::[lambda() (instance 2)]::operator ()() const::[lambda() (instance 2)]::operator ()() const::[lambda(float) (instance 1)], std::array<char *, (unsigned long)2>>(int, T2, T3)"
:model.layers.1.input_layernorm,PushPop,4239,4239,1,1,20768,20768.0,20768.0,20768,20768,0.0,"void at::native::vectorized_elementwise_kernel<(int)4, void at::native::<unnamed>::pow_tensor_scalar_kernel_impl<float, float>(at::TensorIteratorBase &, T2)::[lambda(float) (instance 1)], std::array<char *, (unsigned long)2>>(int, T2, T3)"
:model.layers.1.input_layernorm,PushPop,4239,4239,1,1,20160,20160.0,20160.0,20160,20160,0.0,"void at::native::elementwise_kernel<(int)128, (int)2, void at::native::gpu_kernel_impl_nocast<at::native::BinaryFunctor<float, float, float, at::native::binary_internal::MulFunctor<float>>>(at::TensorIteratorBase &, const T1 &)::[lambda(int) (instance 1)]>(int, T3)"
:model.layers.1.input_layernorm,PushPop,4239,4239,1,1,17504,17504.0,17504.0,17504,17504,0.0,"void at::native::unrolled_elementwise_kernel<at::native::direct_copy_kernel_cuda(at::TensorIteratorBase &)::[lambda() (instance 3)]::operator ()() const::[lambda() (instance 7)]::operator ()() const::[lambda(float) (instance 1)], std::array<char *, (unsigned long)2>, (int)4, TrivialOffsetCalculator<(int)1, unsigned int>, TrivialOffsetCalculator<(int)1, unsigned int>, at::native::memory::LoadWithCast<(int)1>, at::native::memory::StoreWithCast<(int)1>>(int, T1, T2, T4, T5, T6, T7)"
:model.layers.1.input_layernorm,PushPop,4239,4239,1,1,14464,14464.0,14464.0,14464,14464,0.0,"void at::native::vectorized_elementwise_kernel<(int)4, at::native::bfloat16_copy_kernel_cuda(at::TensorIteratorBase &)::[lambda(float) (instance 1)], std::array<char *, (unsigned long)2>>(int, T2, T3)"
:model.layers.1.input_layernorm,PushPop,4239,4239,1,1,12800,12800.0,12800.0,12800,12800,0.0,"void at::native::elementwise_kernel<(int)128, (int)4, void at::native::gpu_kernel_impl_nocast<at::native::BinaryFunctor<c10::BFloat16, c10::BFloat16, c10::BFloat16, at::native::binary_internal::MulFunctor<float>>>(at::TensorIteratorBase &, const T1 &)::[lambda(int) (instance 1)]>(int, T3)"
:model.layers.1.input_layernorm,PushPop,4239,4239,1,1,10752,10752.0,10752.0,10752,10752,0.0,"void at::native::reduce_kernel<(int)512, (int)1, at::native::ReduceOp<float, at::native::MeanOps<float, float, float, float>, unsigned int, float, (int)4, (int)4>>(T3)"
:model.layers.1.input_layernorm,PushPop,4239,4239,1,1,1568,1568.0,1568.0,1568,1568,0.0,"void at::native::vectorized_elementwise_kernel<(int)4, at::native::CUDAFunctorOnSelf_add<float>, std::array<char *, (unsigned long)2>>(int, T2, T3)"
:model.layers.1.input_layernorm,PushPop,4239,4239,1,1,1472,1472.0,1472.0,1472,1472,0.0,"void at::native::vectorized_elementwise_kernel<(int)4, at::native::rsqrt_kernel_cuda(at::TensorIteratorBase &)::[lambda() (instance 2)]::operator ()() const::[lambda() (instance 2)]::operator ()() const::[lambda(float) (instance 1)], std::array<char *, (unsigned long)2>>(int, T2, T3)"
:model.layers.1.mlp.act_fn,PushPop,4239,4239,1,1,31360,31360.0,31360.0,31360,31360,0.0,"void at::native::vectorized_elementwise_kernel<(int)4, at::native::<unnamed>::silu_kernel(at::TensorIteratorBase &)::[lambda() (instance 1)]::operator ()() const::[lambda() (instance 6)]::operator ()() const::[lambda(c10::BFloat16) (instance 1)], std::array<char *, (unsigned long)2>>(int, T2, T3)"
:model.layers.1.mlp.down_proj,PushPop,4239,4239,1,1,180000,180000.0,180000.0,180000,180000,0.0,ampere_bf16_s1688gemm_bf16_128x128_ldg8_f2f_stages_32x1_tn
:model.layers.1.mlp.gate_proj,PushPop,4239,4239,1,1,224513,224513.0,224513.0,224513,224513,0.0,void cutlass::Kernel2<cutlass_80_tensorop_bf16_s16816gemm_relu_bf16_256x128_32x3_tn_align8>(T1::Params)
:model.layers.1.mlp.up_proj,PushPop,4239,4239,1,1,221664,221664.0,221664.0,221664,221664,0.0,void cutlass::Kernel2<cutlass_80_tensorop_bf16_s16816gemm_relu_bf16_256x128_32x3_tn_align8>(T1::Params)
:model.layers.1.post_attention_layernorm,PushPop,4239,4239,1,1,20736,20736.0,20736.0,20736,20736,0.0,"void at::native::vectorized_elementwise_kernel<(int)4, void at::native::<unnamed>::pow_tensor_scalar_kernel_impl<float, float>(at::TensorIteratorBase &, T2)::[lambda(float) (instance 1)], std::array<char *, (unsigned long)2>>(int, T2, T3)"
:model.layers.1.post_attention_layernorm,PushPop,4239,4239,1,1,20384,20384.0,20384.0,20384,20384,0.0,"void at::native::elementwise_kernel<(int)128, (int)2, void at::native::gpu_kernel_impl_nocast<at::native::BinaryFunctor<float, float, float, at::native::binary_internal::MulFunctor<float>>>(at::TensorIteratorBase &, const T1 &)::[lambda(int) (instance 1)]>(int, T3)"
:model.layers.1.post_attention_layernorm,PushPop,4239,4239,1,1,17024,17024.0,17024.0,17024,17024,0.0,"void at::native::unrolled_elementwise_kernel<at::native::direct_copy_kernel_cuda(at::TensorIteratorBase &)::[lambda() (instance 3)]::operator ()() const::[lambda() (instance 7)]::operator ()() const::[lambda(float) (instance 1)], std::array<char *, (unsigned long)2>, (int)4, TrivialOffsetCalculator<(int)1, unsigned int>, TrivialOffsetCalculator<(int)1, unsigned int>, at::native::memory::LoadWithCast<(int)1>, at::native::memory::StoreWithCast<(int)1>>(int, T1, T2, T4, T5, T6, T7)"
:model.layers.1.post_attention_layernorm,PushPop,4239,4239,1,1,14880,14880.0,14880.0,14880,14880,0.0,"void at::native::vectorized_elementwise_kernel<(int)4, at::native::bfloat16_copy_kernel_cuda(at::TensorIteratorBase &)::[lambda(float) (instance 1)], std::array<char *, (unsigned long)2>>(int, T2, T3)"
:model.layers.1.post_attention_layernorm,PushPop,4239,4239,1,1,13088,13088.0,13088.0,13088,13088,0.0,"void at::native::elementwise_kernel<(int)128, (int)4, void at::native::gpu_kernel_impl_nocast<at::native::BinaryFunctor<c10::BFloat16, c10::BFloat16, c10::BFloat16, at::native::binary_internal::MulFunctor<float>>>(at::TensorIteratorBase &, const T1 &)::[lambda(int) (instance 1)]>(int, T3)"
:model.layers.1.post_attention_layernorm,PushPop,4239,4239,1,1,10816,10816.0,10816.0,10816,10816,0.0,"void at::native::reduce_kernel<(int)512, (int)1, at::native::ReduceOp<float, at::native::MeanOps<float, float, float, float>, unsigned int, float, (int)4, (int)4>>(T3)"
:model.layers.1.post_attention_layernorm,PushPop,4239,4239,1,1,1568,1568.0,1568.0,1568,1568,0.0,"void at::native::vectorized_elementwise_kernel<(int)4, at::native::CUDAFunctorOnSelf_add<float>, std::array<char *, (unsigned long)2>>(int, T2, T3)"
:model.layers.1.post_attention_layernorm,PushPop,4239,4239,1,1,1472,1472.0,1472.0,1472,1472,0.0,"void at::native::vectorized_elementwise_kernel<(int)4, at::native::rsqrt_kernel_cuda(at::TensorIteratorBase &)::[lambda() (instance 2)]::operator ()() const::[lambda() (instance 2)]::operator ()() const::[lambda(float) (instance 1)], std::array<char *, (unsigned long)2>>(int, T2, T3)"
:model.layers.1.self_attn.k_norm,PushPop,4239,4239,1,1,20608,20608.0,20608.0,20608,20608,0.0,"void at::native::vectorized_elementwise_kernel<(int)4, void at::native::<unnamed>::pow_tensor_scalar_kernel_impl<float, float>(at::TensorIteratorBase &, T2)::[lambda(float) (instance 1)], std::array<char *, (unsigned long)2>>(int, T2, T3)"
:model.layers.1.self_attn.k_norm,PushPop,4239,4239,1,1,19936,19936.0,19936.0,19936,19936,0.0,"void at::native::elementwise_kernel<(int)128, (int)2, void at::native::gpu_kernel_impl_nocast<at::native::BinaryFunctor<float, float, float, at::native::binary_internal::MulFunctor<float>>>(at::TensorIteratorBase &, const T1 &)::[lambda(int) (instance 1)]>(int, T3)"
:model.layers.1.self_attn.k_norm,PushPop,4239,4239,1,1,16320,16320.0,16320.0,16320,16320,0.0,"void at::native::unrolled_elementwise_kernel<at::native::direct_copy_kernel_cuda(at::TensorIteratorBase &)::[lambda() (instance 3)]::operator ()() const::[lambda() (instance 7)]::operator ()() const::[lambda(float) (instance 1)], std::array<char *, (unsigned long)2>, (int)4, TrivialOffsetCalculator<(int)1, unsigned int>, TrivialOffsetCalculator<(int)1, unsigned int>, at::native::memory::LoadWithCast<(int)1>, at::native::memory::StoreWithCast<(int)1>>(int, T1, T2, T4, T5, T6, T7)"
:model.layers.1.self_attn.k_norm,PushPop,4239,4239,1,1,15040,15040.0,15040.0,15040,15040,0.0,"void at::native::vectorized_elementwise_kernel<(int)4, at::native::bfloat16_copy_kernel_cuda(at::TensorIteratorBase &)::[lambda(float) (instance 1)], std::array<char *, (unsigned long)2>>(int, T2, T3)"
:model.layers.1.self_attn.k_norm,PushPop,4239,4239,1,1,14048,14048.0,14048.0,14048,14048,0.0,"void at::native::reduce_kernel<(int)512, (int)1, at::native::ReduceOp<float, at::native::MeanOps<float, float, float, float>, unsigned int, float, (int)4, (int)4>>(T3)"
:model.layers.1.self_attn.k_norm,PushPop,4239,4239,1,1,12832,12832.0,12832.0,12832,12832,0.0,"void at::native::elementwise_kernel<(int)128, (int)4, void at::native::gpu_kernel_impl_nocast<at::native::BinaryFunctor<c10::BFloat16, c10::BFloat16, c10::BFloat16, at::native::binary_internal::MulFunctor<float>>>(at::TensorIteratorBase &, const T1 &)::[lambda(int) (instance 1)]>(int, T3)"
:model.layers.1.self_attn.k_norm,PushPop,4239,4239,1,1,1472,1472.0,1472.0,1472,1472,0.0,"void at::native::vectorized_elementwise_kernel<(int)4, at::native::CUDAFunctorOnSelf_add<float>, std::array<char *, (unsigned long)2>>(int, T2, T3)"
:model.layers.1.self_attn.k_norm,PushPop,4239,4239,1,1,1472,1472.0,1472.0,1472,1472,0.0,"void at::native::vectorized_elementwise_kernel<(int)4, at::native::rsqrt_kernel_cuda(at::TensorIteratorBase &)::[lambda() (instance 2)]::operator ()() const::[lambda() (instance 2)]::operator ()() const::[lambda(float) (instance 1)], std::array<char *, (unsigned long)2>>(int, T2, T3)"
:model.layers.1.self_attn.k_proj,PushPop,4239,4239,1,1,74112,74112.0,74112.0,74112,74112,0.0,ampere_bf16_s16816gemm_bf16_256x128_ldg8_f2f_stages_32x3_tn
:model.layers.1.self_attn.o_proj,PushPop,4239,4239,1,1,123424,123424.0,123424.0,123424,123424,0.0,ampere_bf16_s1688gemm_bf16_128x128_ldg8_f2f_stages_32x1_tn
:model.layers.1.self_attn.q_norm,PushPop,4239,4239,1,1,41216,41216.0,41216.0,41216,41216,0.0,"void at::native::vectorized_elementwise_kernel<(int)4, void at::native::<unnamed>::pow_tensor_scalar_kernel_impl<float, float>(at::TensorIteratorBase &, T2)::[lambda(float) (instance 1)], std::array<char *, (unsigned long)2>>(int, T2, T3)"
:model.layers.1.self_attn.q_norm,PushPop,4239,4239,1,1,38785,38785.0,38785.0,38785,38785,0.0,"void at::native::elementwise_kernel<(int)128, (int)2, void at::native::gpu_kernel_impl_nocast<at::native::BinaryFunctor<float, float, float, at::native::binary_internal::MulFunctor<float>>>(at::TensorIteratorBase &, const T1 &)::[lambda(int) (instance 1)]>(int, T3)"
:model.layers.1.self_attn.q_norm,PushPop,4239,4239,1,1,32960,32960.0,32960.0,32960,32960,0.0,"void at::native::unrolled_elementwise_kernel<at::native::direct_copy_kernel_cuda(at::TensorIteratorBase &)::[lambda() (instance 3)]::operator ()() const::[lambda() (instance 7)]::operator ()() const::[lambda(float) (instance 1)], std::array<char *, (unsigned long)2>, (int)4, TrivialOffsetCalculator<(int)1, unsigned int>, TrivialOffsetCalculator<(int)1, unsigned int>, at::native::memory::LoadWithCast<(int)1>, at::native::memory::StoreWithCast<(int)1>>(int, T1, T2, T4, T5, T6, T7)"
:model.layers.1.self_attn.q_norm,PushPop,4239,4239,1,1,31296,31296.0,31296.0,31296,31296,0.0,"void at::native::vectorized_elementwise_kernel<(int)4, at::native::bfloat16_copy_kernel_cuda(at::TensorIteratorBase &)::[lambda(float) (instance 1)], std::array<char *, (unsigned long)2>>(int, T2, T3)"
:model.layers.1.self_attn.q_norm,PushPop,4239,4239,1,1,26752,26752.0,26752.0,26752,26752,0.0,"void at::native::reduce_kernel<(int)512, (int)1, at::native::ReduceOp<float, at::native::MeanOps<float, float, float, float>, unsigned int, float, (int)4, (int)4>>(T3)"
:model.layers.1.self_attn.q_norm,PushPop,4239,4239,1,1,23936,23936.0,23936.0,23936,23936,0.0,"void at::native::elementwise_kernel<(int)128, (int)4, void at::native::gpu_kernel_impl_nocast<at::native::BinaryFunctor<c10::BFloat16, c10::BFloat16, c10::BFloat16, at::native::binary_internal::MulFunctor<float>>>(at::TensorIteratorBase &, const T1 &)::[lambda(int) (instance 1)]>(int, T3)"
:model.layers.1.self_attn.q_norm,PushPop,4239,4239,1,1,1728,1728.0,1728.0,1728,1728,0.0,"void at::native::vectorized_elementwise_kernel<(int)4, at::native::CUDAFunctorOnSelf_add<float>, std::array<char *, (unsigned long)2>>(int, T2, T3)"
:model.layers.1.self_attn.q_norm,PushPop,4239,4239,1,1,1504,1504.0,1504.0,1504,1504,0.0,"void at::native::vectorized_elementwise_kernel<(int)4, at::native::rsqrt_kernel_cuda(at::TensorIteratorBase &)::[lambda() (instance 2)]::operator ()() const::[lambda() (instance 2)]::operator ()() const::[lambda(float) (instance 1)], std::array<char *, (unsigned long)2>>(int, T2, T3)"
:model.layers.1.self_attn.q_proj,PushPop,4239,4239,1,1,150817,150817.0,150817.0,150817,150817,0.0,void cutlass::Kernel2<cutlass_80_tensorop_bf16_s16816gemm_relu_bf16_256x128_32x3_tn_align8>(T1::Params)
:model.layers.1.self_attn.v_proj,PushPop,4239,4239,1,1,74049,74049.0,74049.0,74049,74049,0.0,ampere_bf16_s16816gemm_bf16_256x128_ldg8_f2f_stages_32x3_tn
:model.layers.10,PushPop,4239,4239,1,3,596706,198902.0,221473.0,150720,224513,41754.5,void cutlass::Kernel2<cutlass_80_tensorop_bf16_s16816gemm_relu_bf16_256x128_32x3_tn_align8>(T1::Params)
:model.layers.10,PushPop,4239,4239,1,1,316833,316833.0,316833.0,316833,316833,0.0,"void pytorch_flash::flash_fwd_kernel<Flash_fwd_kernel_traits<(int)128, (int)64, (int)64, (int)4, (bool)0, (bool)0, cutlass::bfloat16_t, Flash_kernel_traits<(int)128, (int)64, (int)64, (int)4, cutlass::bfloat16_t>>, (bool)0, (bool)1, (bool)0, (bool)0, (bool)1, (bool)1, (bool)0, (bool)0>(pytorch_flash::Flash_fwd_params)"
:model.layers.10,PushPop,4239,4239,1,2,303041,151520.5,151520.5,123104,179937,40187.0,ampere_bf16_s1688gemm_bf16_128x128_ldg8_f2f_stages_32x1_tn
:model.layers.10,PushPop,4239,4239,1,2,147968,73984.0,73984.0,73952,74016,45.3,ampere_bf16_s16816gemm_bf16_256x128_ldg8_f2f_stages_32x3_tn
:model.layers.10,PushPop,4239,4239,1,8,140320,17540.0,13712.0,12832,25312,5854.4,"void at::native::elementwise_kernel<(int)128, (int)4, void at::native::gpu_kernel_impl_nocast<at::native::BinaryFunctor<c10::BFloat16, c10::BFloat16, c10::BFloat16, at::native::binary_internal::MulFunctor<float>>>(at::TensorIteratorBase &, const T1 &)::[lambda(int) (instance 1)]>(int, T3)"
:model.layers.10,PushPop,4239,4239,1,4,104097,26024.3,24976.0,18145,36000,7389.7,"void at::native::<unnamed>::CatArrayBatchedCopy<at::native::<unnamed>::OpaqueType<(unsigned int)2>, unsigned int, (int)4, (int)64, (int)64>(T1 *, at::native::<unnamed>::CatArrInputTensorMetadata<T1, T2, T4, T5>, at::native::<unnamed>::TensorSizeStride<T2, (unsigned int)4>, int, T2)"
:model.layers.10,PushPop,4239,4239,1,4,103232,25808.0,20816.0,20640,40960,10101.7,"void at::native::vectorized_elementwise_kernel<(int)4, void at::native::<unnamed>::pow_tensor_scalar_kernel_impl<float, float>(at::TensorIteratorBase &, T2)::[lambda(float) (instance 1)], std::array<char *, (unsigned long)2>>(int, T2, T3)"
:model.layers.10,PushPop,4239,4239,1,4,100130,25032.5,20656.5,20193,38624,9068.6,"void at::native::elementwise_kernel<(int)128, (int)2, void at::native::gpu_kernel_impl_nocast<at::native::BinaryFunctor<float, float, float, at::native::binary_internal::MulFunctor<float>>>(at::TensorIteratorBase &, const T1 &)::[lambda(int) (instance 1)]>(int, T3)"
:model.layers.10,PushPop,4239,4239,1,4,84320,21080.0,17408.0,16448,33056,7998.9,"void at::native::unrolled_elementwise_kernel<at::native::direct_copy_kernel_cuda(at::TensorIteratorBase &)::[lambda() (instance 3)]::operator ()() const::[lambda() (instance 7)]::operator ()() const::[lambda(float) (instance 1)], std::array<char *, (unsigned long)2>, (int)4, TrivialOffsetCalculator<(int)1, unsigned int>, TrivialOffsetCalculator<(int)1, unsigned int>, at::native::memory::LoadWithCast<(int)1>, at::native::memory::StoreWithCast<(int)1>>(int, T1, T2, T4, T5, T6, T7)"
:model.layers.10,PushPop,4239,4239,1,4,75200,18800.0,14720.0,14080,31680,8593.0,"void at::native::vectorized_elementwise_kernel<(int)4, at::native::bfloat16_copy_kernel_cuda(at::TensorIteratorBase &)::[lambda(float) (instance 1)], std::array<char *, (unsigned long)2>>(int, T2, T3)"
:model.layers.10,PushPop,4239,4239,1,4,62433,15608.3,12512.0,10752,26657,7540.7,"void at::native::reduce_kernel<(int)512, (int)1, at::native::ReduceOp<float, at::native::MeanOps<float, float, float, float>, unsigned int, float, (int)4, (int)4>>(T3)"
:model.layers.10,PushPop,4239,4239,1,2,49888,24944.0,24944.0,17408,32480,10657.5,"void at::native::elementwise_kernel<(int)128, (int)4, void at::native::gpu_kernel_impl_nocast<at::native::CUDAFunctor_add<c10::BFloat16>>(at::TensorIteratorBase &, const T1 &)::[lambda(int) (instance 1)]>(int, T3)"
:model.layers.10,PushPop,4239,4239,1,1,45696,45696.0,45696.0,45696,45696,0.0,"void at::native::vectorized_elementwise_kernel<(int)4, at::native::BinaryFunctor<c10::BFloat16, c10::BFloat16, c10::BFloat16, at::native::binary_internal::MulFunctor<float>>, std::array<char *, (unsigned long)3>>(int, T2, T3)"
:model.layers.10,PushPop,4239,4239,1,1,31360,31360.0,31360.0,31360,31360,0.0,"void at::native::vectorized_elementwise_kernel<(int)4, at::native::<unnamed>::silu_kernel(at::TensorIteratorBase &)::[lambda() (instance 1)]::operator ()() const::[lambda() (instance 6)]::operator ()() const::[lambda(c10::BFloat16) (instance 1)], std::array<char *, (unsigned long)2>>(int, T2, T3)"
:model.layers.10,PushPop,4239,4239,1,2,27745,13872.5,13872.5,13665,14080,293.4,"void at::native::vectorized_elementwise_kernel<(int)4, at::native::CUDAFunctor_add<c10::BFloat16>, std::array<char *, (unsigned long)3>>(int, T2, T3)"
:model.layers.10,PushPop,4239,4239,1,2,20576,10288.0,10288.0,7040,13536,4593.4,"void at::native::elementwise_kernel<(int)128, (int)4, void at::native::gpu_kernel_impl_nocast<at::native::neg_kernel_cuda(at::TensorIteratorBase &)::[lambda() (instance 2)]::operator ()() const::[lambda() (instance 9)]::operator ()() const::[lambda(c10::BFloat16) (instance 1)]>(at::TensorIteratorBase &, const T1 &)::[lambda(int) (instance 1)]>(int, T3)"
:model.layers.10,PushPop,4239,4239,1,4,6400,1600.0,1568.0,1440,1824,161.1,"void at::native::vectorized_elementwise_kernel<(int)4, at::native::CUDAFunctorOnSelf_add<float>, std::array<char *, (unsigned long)2>>(int, T2, T3)"
:model.layers.10,PushPop,4239,4239,1,4,5952,1488.0,1472.0,1472,1536,32.0,"void at::native::vectorized_elementwise_kernel<(int)4, at::native::rsqrt_kernel_cuda(at::TensorIteratorBase &)::[lambda() (instance 2)]::operator ()() const::[lambda() (instance 2)]::operator ()() const::[lambda(float) (instance 1)], std::array<char *, (unsigned long)2>>(int, T2, T3)"
:model.layers.10.input_layernorm,PushPop,4239,4239,1,1,21025,21025.0,21025.0,21025,21025,0.0,"void at::native::elementwise_kernel<(int)128, (int)2, void at::native::gpu_kernel_impl_nocast<at::native::BinaryFunctor<float, float, float, at::native::binary_internal::MulFunctor<float>>>(at::TensorIteratorBase &, const T1 &)::[lambda(int) (instance 1)]>(int, T3)"
:model.layers.10.input_layernorm,PushPop,4239,4239,1,1,20832,20832.0,20832.0,20832,20832,0.0,"void at::native::vectorized_elementwise_kernel<(int)4, void at::native::<unnamed>::pow_tensor_scalar_kernel_impl<float, float>(at::TensorIteratorBase &, T2)::[lambda(float) (instance 1)], std::array<char *, (unsigned long)2>>(int, T2, T3)"
:model.layers.10.input_layernorm,PushPop,4239,4239,1,1,17632,17632.0,17632.0,17632,17632,0.0,"void at::native::unrolled_elementwise_kernel<at::native::direct_copy_kernel_cuda(at::TensorIteratorBase &)::[lambda() (instance 3)]::operator ()() const::[lambda() (instance 7)]::operator ()() const::[lambda(float) (instance 1)], std::array<char *, (unsigned long)2>, (int)4, TrivialOffsetCalculator<(int)1, unsigned int>, TrivialOffsetCalculator<(int)1, unsigned int>, at::native::memory::LoadWithCast<(int)1>, at::native::memory::StoreWithCast<(int)1>>(int, T1, T2, T4, T5, T6, T7)"
:model.layers.10.input_layernorm,PushPop,4239,4239,1,1,14880,14880.0,14880.0,14880,14880,0.0,"void at::native::vectorized_elementwise_kernel<(int)4, at::native::bfloat16_copy_kernel_cuda(at::TensorIteratorBase &)::[lambda(float) (instance 1)], std::array<char *, (unsigned long)2>>(int, T2, T3)"
:model.layers.10.input_layernorm,PushPop,4239,4239,1,1,13248,13248.0,13248.0,13248,13248,0.0,"void at::native::elementwise_kernel<(int)128, (int)4, void at::native::gpu_kernel_impl_nocast<at::native::BinaryFunctor<c10::BFloat16, c10::BFloat16, c10::BFloat16, at::native::binary_internal::MulFunctor<float>>>(at::TensorIteratorBase &, const T1 &)::[lambda(int) (instance 1)]>(int, T3)"
:model.layers.10.input_layernorm,PushPop,4239,4239,1,1,10752,10752.0,10752.0,10752,10752,0.0,"void at::native::reduce_kernel<(int)512, (int)1, at::native::ReduceOp<float, at::native::MeanOps<float, float, float, float>, unsigned int, float, (int)4, (int)4>>(T3)"
:model.layers.10.input_layernorm,PushPop,4239,4239,1,1,1568,1568.0,1568.0,1568,1568,0.0,"void at::native::vectorized_elementwise_kernel<(int)4, at::native::CUDAFunctorOnSelf_add<float>, std::array<char *, (unsigned long)2>>(int, T2, T3)"
:model.layers.10.input_layernorm,PushPop,4239,4239,1,1,1472,1472.0,1472.0,1472,1472,0.0,"void at::native::vectorized_elementwise_kernel<(int)4, at::native::rsqrt_kernel_cuda(at::TensorIteratorBase &)::[lambda() (instance 2)]::operator ()() const::[lambda() (instance 2)]::operator ()() const::[lambda(float) (instance 1)], std::array<char *, (unsigned long)2>>(int, T2, T3)"
:model.layers.10.mlp.act_fn,PushPop,4239,4239,1,1,31360,31360.0,31360.0,31360,31360,0.0,"void at::native::vectorized_elementwise_kernel<(int)4, at::native::<unnamed>::silu_kernel(at::TensorIteratorBase &)::[lambda() (instance 1)]::operator ()() const::[lambda() (instance 6)]::operator ()() const::[lambda(c10::BFloat16) (instance 1)], std::array<char *, (unsigned long)2>>(int, T2, T3)"
:model.layers.10.mlp.down_proj,PushPop,4239,4239,1,1,179937,179937.0,179937.0,179937,179937,0.0,ampere_bf16_s1688gemm_bf16_128x128_ldg8_f2f_stages_32x1_tn
:model.layers.10.mlp.gate_proj,PushPop,4239,4239,1,1,224513,224513.0,224513.0,224513,224513,0.0,void cutlass::Kernel2<cutlass_80_tensorop_bf16_s16816gemm_relu_bf16_256x128_32x3_tn_align8>(T1::Params)
:model.layers.10.mlp.up_proj,PushPop,4239,4239,1,1,221473,221473.0,221473.0,221473,221473,0.0,void cutlass::Kernel2<cutlass_80_tensorop_bf16_s16816gemm_relu_bf16_256x128_32x3_tn_align8>(T1::Params)
:model.layers.10.post_attention_layernorm,PushPop,4239,4239,1,1,20800,20800.0,20800.0,20800,20800,0.0,"void at::native::vectorized_elementwise_kernel<(int)4, void at::native::<unnamed>::pow_tensor_scalar_kernel_impl<float, float>(at::TensorIteratorBase &, T2)::[lambda(float) (instance 1)], std::array<char *, (unsigned long)2>>(int, T2, T3)"
:model.layers.10.post_attention_layernorm,PushPop,4239,4239,1,1,20288,20288.0,20288.0,20288,20288,0.0,"void at::native::elementwise_kernel<(int)128, (int)2, void at::native::gpu_kernel_impl_nocast<at::native::BinaryFunctor<float, float, float, at::native::binary_internal::MulFunctor<float>>>(at::TensorIteratorBase &, const T1 &)::[lambda(int) (instance 1)]>(int, T3)"
:model.layers.10.post_attention_layernorm,PushPop,4239,4239,1,1,17184,17184.0,17184.0,17184,17184,0.0,"void at::native::unrolled_elementwise_kernel<at::native::direct_copy_kernel_cuda(at::TensorIteratorBase &)::[lambda() (instance 3)]::operator ()() const::[lambda() (instance 7)]::operator ()() const::[lambda(float) (instance 1)], std::array<char *, (unsigned long)2>, (int)4, TrivialOffsetCalculator<(int)1, unsigned int>, TrivialOffsetCalculator<(int)1, unsigned int>, at::native::memory::LoadWithCast<(int)1>, at::native::memory::StoreWithCast<(int)1>>(int, T1, T2, T4, T5, T6, T7)"
:model.layers.10.post_attention_layernorm,PushPop,4239,4239,1,1,14080,14080.0,14080.0,14080,14080,0.0,"void at::native::vectorized_elementwise_kernel<(int)4, at::native::bfloat16_copy_kernel_cuda(at::TensorIteratorBase &)::[lambda(float) (instance 1)], std::array<char *, (unsigned long)2>>(int, T2, T3)"
:model.layers.10.post_attention_layernorm,PushPop,4239,4239,1,1,13056,13056.0,13056.0,13056,13056,0.0,"void at::native::elementwise_kernel<(int)128, (int)4, void at::native::gpu_kernel_impl_nocast<at::native::BinaryFunctor<c10::BFloat16, c10::BFloat16, c10::BFloat16, at::native::binary_internal::MulFunctor<float>>>(at::TensorIteratorBase &, const T1 &)::[lambda(int) (instance 1)]>(int, T3)"
:model.layers.10.post_attention_layernorm,PushPop,4239,4239,1,1,10816,10816.0,10816.0,10816,10816,0.0,"void at::native::reduce_kernel<(int)512, (int)1, at::native::ReduceOp<float, at::native::MeanOps<float, float, float, float>, unsigned int, float, (int)4, (int)4>>(T3)"
:model.layers.10.post_attention_layernorm,PushPop,4239,4239,1,1,1568,1568.0,1568.0,1568,1568,0.0,"void at::native::vectorized_elementwise_kernel<(int)4, at::native::CUDAFunctorOnSelf_add<float>, std::array<char *, (unsigned long)2>>(int, T2, T3)"
:model.layers.10.post_attention_layernorm,PushPop,4239,4239,1,1,1472,1472.0,1472.0,1472,1472,0.0,"void at::native::vectorized_elementwise_kernel<(int)4, at::native::rsqrt_kernel_cuda(at::TensorIteratorBase &)::[lambda() (instance 2)]::operator ()() const::[lambda() (instance 2)]::operator ()() const::[lambda(float) (instance 1)], std::array<char *, (unsigned long)2>>(int, T2, T3)"
:model.layers.10.self_attn.k_norm,PushPop,4239,4239,1,1,20640,20640.0,20640.0,20640,20640,0.0,"void at::native::vectorized_elementwise_kernel<(int)4, void at::native::<unnamed>::pow_tensor_scalar_kernel_impl<float, float>(at::TensorIteratorBase &, T2)::[lambda(float) (instance 1)], std::array<char *, (unsigned long)2>>(int, T2, T3)"
:model.layers.10.self_attn.k_norm,PushPop,4239,4239,1,1,20193,20193.0,20193.0,20193,20193,0.0,"void at::native::elementwise_kernel<(int)128, (int)2, void at::native::gpu_kernel_impl_nocast<at::native::BinaryFunctor<float, float, float, at::native::binary_internal::MulFunctor<float>>>(at::TensorIteratorBase &, const T1 &)::[lambda(int) (instance 1)]>(int, T3)"
:model.layers.10.self_attn.k_norm,PushPop,4239,4239,1,1,16448,16448.0,16448.0,16448,16448,0.0,"void at::native::unrolled_elementwise_kernel<at::native::direct_copy_kernel_cuda(at::TensorIteratorBase &)::[lambda() (instance 3)]::operator ()() const::[lambda() (instance 7)]::operator ()() const::[lambda(float) (instance 1)], std::array<char *, (unsigned long)2>, (int)4, TrivialOffsetCalculator<(int)1, unsigned int>, TrivialOffsetCalculator<(int)1, unsigned int>, at::native::memory::LoadWithCast<(int)1>, at::native::memory::StoreWithCast<(int)1>>(int, T1, T2, T4, T5, T6, T7)"
:model.layers.10.self_attn.k_norm,PushPop,4239,4239,1,1,14560,14560.0,14560.0,14560,14560,0.0,"void at::native::vectorized_elementwise_kernel<(int)4, at::native::bfloat16_copy_kernel_cuda(at::TensorIteratorBase &)::[lambda(float) (instance 1)], std::array<char *, (unsigned long)2>>(int, T2, T3)"
:model.layers.10.self_attn.k_norm,PushPop,4239,4239,1,1,14208,14208.0,14208.0,14208,14208,0.0,"void at::native::reduce_kernel<(int)512, (int)1, at::native::ReduceOp<float, at::native::MeanOps<float, float, float, float>, unsigned int, float, (int)4, (int)4>>(T3)"
:model.layers.10.self_attn.k_norm,PushPop,4239,4239,1,1,12832,12832.0,12832.0,12832,12832,0.0,"void at::native::elementwise_kernel<(int)128, (int)4, void at::native::gpu_kernel_impl_nocast<at::native::BinaryFunctor<c10::BFloat16, c10::BFloat16, c10::BFloat16, at::native::binary_internal::MulFunctor<float>>>(at::TensorIteratorBase &, const T1 &)::[lambda(int) (instance 1)]>(int, T3)"
:model.layers.10.self_attn.k_norm,PushPop,4239,4239,1,1,1472,1472.0,1472.0,1472,1472,0.0,"void at::native::vectorized_elementwise_kernel<(int)4, at::native::rsqrt_kernel_cuda(at::TensorIteratorBase &)::[lambda() (instance 2)]::operator ()() const::[lambda() (instance 2)]::operator ()() const::[lambda(float) (instance 1)], std::array<char *, (unsigned long)2>>(int, T2, T3)"
:model.layers.10.self_attn.k_norm,PushPop,4239,4239,1,1,1440,1440.0,1440.0,1440,1440,0.0,"void at::native::vectorized_elementwise_kernel<(int)4, at::native::CUDAFunctorOnSelf_add<float>, std::array<char *, (unsigned long)2>>(int, T2, T3)"
:model.layers.10.self_attn.k_proj,PushPop,4239,4239,1,1,74016,74016.0,74016.0,74016,74016,0.0,ampere_bf16_s16816gemm_bf16_256x128_ldg8_f2f_stages_32x3_tn
:model.layers.10.self_attn.o_proj,PushPop,4239,4239,1,1,123104,123104.0,123104.0,123104,123104,0.0,ampere_bf16_s1688gemm_bf16_128x128_ldg8_f2f_stages_32x1_tn
:model.layers.10.self_attn.q_norm,PushPop,4239,4239,1,1,40960,40960.0,40960.0,40960,40960,0.0,"void at::native::vectorized_elementwise_kernel<(int)4, void at::native::<unnamed>::pow_tensor_scalar_kernel_impl<float, float>(at::TensorIteratorBase &, T2)::[lambda(float) (instance 1)], std::array<char *, (unsigned long)2>>(int, T2, T3)"
:model.layers.10.self_attn.q_norm,PushPop,4239,4239,1,1,38624,38624.0,38624.0,38624,38624,0.0,"void at::native::elementwise_kernel<(int)128, (int)2, void at::native::gpu_kernel_impl_nocast<at::native::BinaryFunctor<float, float, float, at::native::binary_internal::MulFunctor<float>>>(at::TensorIteratorBase &, const T1 &)::[lambda(int) (instance 1)]>(int, T3)"
:model.layers.10.self_attn.q_norm,PushPop,4239,4239,1,1,33056,33056.0,33056.0,33056,33056,0.0,"void at::native::unrolled_elementwise_kernel<at::native::direct_copy_kernel_cuda(at::TensorIteratorBase &)::[lambda() (instance 3)]::operator ()() const::[lambda() (instance 7)]::operator ()() const::[lambda(float) (instance 1)], std::array<char *, (unsigned long)2>, (int)4, TrivialOffsetCalculator<(int)1, unsigned int>, TrivialOffsetCalculator<(int)1, unsigned int>, at::native::memory::LoadWithCast<(int)1>, at::native::memory::StoreWithCast<(int)1>>(int, T1, T2, T4, T5, T6, T7)"
:model.layers.10.self_attn.q_norm,PushPop,4239,4239,1,1,31680,31680.0,31680.0,31680,31680,0.0,"void at::native::vectorized_elementwise_kernel<(int)4, at::native::bfloat16_copy_kernel_cuda(at::TensorIteratorBase &)::[lambda(float) (instance 1)], std::array<char *, (unsigned long)2>>(int, T2, T3)"
:model.layers.10.self_attn.q_norm,PushPop,4239,4239,1,1,26657,26657.0,26657.0,26657,26657,0.0,"void at::native::reduce_kernel<(int)512, (int)1, at::native::ReduceOp<float, at::native::MeanOps<float, float, float, float>, unsigned int, float, (int)4, (int)4>>(T3)"
:model.layers.10.self_attn.q_norm,PushPop,4239,4239,1,1,24000,24000.0,24000.0,24000,24000,0.0,"void at::native::elementwise_kernel<(int)128, (int)4, void at::native::gpu_kernel_impl_nocast<at::native::BinaryFunctor<c10::BFloat16, c10::BFloat16, c10::BFloat16, at::native::binary_internal::MulFunctor<float>>>(at::TensorIteratorBase &, const T1 &)::[lambda(int) (instance 1)]>(int, T3)"
:model.layers.10.self_attn.q_norm,PushPop,4239,4239,1,1,1824,1824.0,1824.0,1824,1824,0.0,"void at::native::vectorized_elementwise_kernel<(int)4, at::native::CUDAFunctorOnSelf_add<float>, std::array<char *, (unsigned long)2>>(int, T2, T3)"
:model.layers.10.self_attn.q_norm,PushPop,4239,4239,1,1,1536,1536.0,1536.0,1536,1536,0.0,"void at::native::vectorized_elementwise_kernel<(int)4, at::native::rsqrt_kernel_cuda(at::TensorIteratorBase &)::[lambda() (instance 2)]::operator ()() const::[lambda() (instance 2)]::operator ()() const::[lambda(float) (instance 1)], std::array<char *, (unsigned long)2>>(int, T2, T3)"
:model.layers.10.self_attn.q_proj,PushPop,4239,4239,1,1,150720,150720.0,150720.0,150720,150720,0.0,void cutlass::Kernel2<cutlass_80_tensorop_bf16_s16816gemm_relu_bf16_256x128_32x3_tn_align8>(T1::Params)
:model.layers.10.self_attn.v_proj,PushPop,4239,4239,1,1,73952,73952.0,73952.0,73952,73952,0.0,ampere_bf16_s16816gemm_bf16_256x128_ldg8_f2f_stages_32x3_tn
:model.layers.11,PushPop,4239,4239,1,3,595779,198593.0,221249.0,150465,224065,41703.8,void cutlass::Kernel2<cutlass_80_tensorop_bf16_s16816gemm_relu_bf16_256x128_32x3_tn_align8>(T1::Params)
:model.layers.11,PushPop,4239,4239,1,2,302978,151489.0,151489.0,123073,179905,40186.3,ampere_bf16_s1688gemm_bf16_128x128_ldg8_f2f_stages_32x1_tn
:model.layers.11,PushPop,4239,4239,1,1,296609,296609.0,296609.0,296609,296609,0.0,"void pytorch_flash::flash_fwd_kernel<Flash_fwd_kernel_traits<(int)128, (int)64, (int)64, (int)4, (bool)0, (bool)0, cutlass::bfloat16_t, Flash_kernel_traits<(int)128, (int)64, (int)64, (int)4, cutlass::bfloat16_t>>, (bool)0, (bool)1, (bool)0, (bool)0, (bool)1, (bool)1, (bool)0, (bool)0>(pytorch_flash::Flash_fwd_params)"
:model.layers.11,PushPop,4239,4239,1,2,148033,74016.5,74016.5,73985,74048,44.5,ampere_bf16_s16816gemm_bf16_256x128_ldg8_f2f_stages_32x3_tn
:model.layers.11,PushPop,4239,4239,1,8,140577,17572.1,13856.0,12608,25120,5813.4,"void at::native::elementwise_kernel<(int)128, (int)4, void at::native::gpu_kernel_impl_nocast<at::native::BinaryFunctor<c10::BFloat16, c10::BFloat16, c10::BFloat16, at::native::binary_internal::MulFunctor<float>>>(at::TensorIteratorBase &, const T1 &)::[lambda(int) (instance 1)]>(int, T3)"
:model.layers.11,PushPop,4239,4239,1,4,104256,26064.0,21040.0,20544,41632,10381.3,"void at::native::vectorized_elementwise_kernel<(int)4, void at::native::<unnamed>::pow_tensor_scalar_kernel_impl<float, float>(at::TensorIteratorBase &, T2)::[lambda(float) (instance 1)], std::array<char *, (unsigned long)2>>(int, T2, T3)"
:model.layers.11,PushPop,4239,4239,1,4,103616,25904.0,24896.0,18112,35712,7279.0,"void at::native::<unnamed>::CatArrayBatchedCopy<at::native::<unnamed>::OpaqueType<(unsigned int)2>, unsigned int, (int)4, (int)64, (int)64>(T1 *, at::native::<unnamed>::CatArrInputTensorMetadata<T1, T2, T4, T5>, at::native::<unnamed>::TensorSizeStride<T2, (unsigned int)4>, int, T2)"
:model.layers.11,PushPop,4239,4239,1,4,99232,24808.0,20480.0,19552,38720,9285.3,"void at::native::elementwise_kernel<(int)128, (int)2, void at::native::gpu_kernel_impl_nocast<at::native::BinaryFunctor<float, float, float, at::native::binary_internal::MulFunctor<float>>>(at::TensorIteratorBase &, const T1 &)::[lambda(int) (instance 1)]>(int, T3)"
:model.layers.11,PushPop,4239,4239,1,4,84640,21160.0,17296.0,16864,33184,8019.1,"void at::native::unrolled_elementwise_kernel<at::native::direct_copy_kernel_cuda(at::TensorIteratorBase &)::[lambda() (instance 3)]::operator ()() const::[lambda() (instance 7)]::operator ()() const::[lambda(float) (instance 1)], std::array<char *, (unsigned long)2>, (int)4, TrivialOffsetCalculator<(int)1, unsigned int>, TrivialOffsetCalculator<(int)1, unsigned int>, at::native::memory::LoadWithCast<(int)1>, at::native::memory::StoreWithCast<(int)1>>(int, T1, T2, T4, T5, T6, T7)"
:model.layers.11,PushPop,4239,4239,1,4,75968,18992.0,14736.0,14656,31840,8565.4,"void at::native::vectorized_elementwise_kernel<(int)4, at::native::bfloat16_copy_kernel_cuda(at::TensorIteratorBase &)::[lambda(float) (instance 1)], std::array<char *, (unsigned long)2>>(int, T2, T3)"
:model.layers.11,PushPop,4239,4239,1,4,62112,15528.0,12464.0,10656,26528,7477.8,"void at::native::reduce_kernel<(int)512, (int)1, at::native::ReduceOp<float, at::native::MeanOps<float, float, float, float>, unsigned int, float, (int)4, (int)4>>(T3)"
:model.layers.11,PushPop,4239,4239,1,2,49824,24912.0,24912.0,17376,32448,10657.5,"void at::native::elementwise_kernel<(int)128, (int)4, void at::native::gpu_kernel_impl_nocast<at::native::CUDAFunctor_add<c10::BFloat16>>(at::TensorIteratorBase &, const T1 &)::[lambda(int) (instance 1)]>(int, T3)"
:model.layers.11,PushPop,4239,4239,1,1,45920,45920.0,45920.0,45920,45920,0.0,"void at::native::vectorized_elementwise_kernel<(int)4, at::native::BinaryFunctor<c10::BFloat16, c10::BFloat16, c10::BFloat16, at::native::binary_internal::MulFunctor<float>>, std::array<char *, (unsigned long)3>>(int, T2, T3)"
:model.layers.11,PushPop,4239,4239,1,1,31488,31488.0,31488.0,31488,31488,0.0,"void at::native::vectorized_elementwise_kernel<(int)4, at::native::<unnamed>::silu_kernel(at::TensorIteratorBase &)::[lambda() (instance 1)]::operator ()() const::[lambda() (instance 6)]::operator ()() const::[lambda(c10::BFloat16) (instance 1)], std::array<char *, (unsigned long)2>>(int, T2, T3)"
:model.layers.11,PushPop,4239,4239,1,2,27680,13840.0,13840.0,13568,14112,384.7,"void at::native::vectorized_elementwise_kernel<(int)4, at::native::CUDAFunctor_add<c10::BFloat16>, std::array<char *, (unsigned long)3>>(int, T2, T3)"
:model.layers.11,PushPop,4239,4239,1,2,20480,10240.0,10240.0,6784,13696,4887.5,"void at::native::elementwise_kernel<(int)128, (int)4, void at::native::gpu_kernel_impl_nocast<at::native::neg_kernel_cuda(at::TensorIteratorBase &)::[lambda() (instance 2)]::operator ()() const::[lambda() (instance 9)]::operator ()() const::[lambda(c10::BFloat16) (instance 1)]>(at::TensorIteratorBase &, const T1 &)::[lambda(int) (instance 1)]>(int, T3)"
:model.layers.11,PushPop,4239,4239,1,4,6240,1560.0,1504.0,1440,1792,166.0,"void at::native::vectorized_elementwise_kernel<(int)4, at::native::CUDAFunctorOnSelf_add<float>, std::array<char *, (unsigned long)2>>(int, T2, T3)"
:model.layers.11,PushPop,4239,4239,1,4,5920,1480.0,1472.0,1440,1536,40.3,"void at::native::vectorized_elementwise_kernel<(int)4, at::native::rsqrt_kernel_cuda(at::TensorIteratorBase &)::[lambda() (instance 2)]::operator ()() const::[lambda() (instance 2)]::operator ()() const::[lambda(float) (instance 1)], std::array<char *, (unsigned long)2>>(int, T2, T3)"
:model.layers.11.input_layernorm,PushPop,4239,4239,1,1,21024,21024.0,21024.0,21024,21024,0.0,"void at::native::vectorized_elementwise_kernel<(int)4, void at::native::<unnamed>::pow_tensor_scalar_kernel_impl<float, float>(at::TensorIteratorBase &, T2)::[lambda(float) (instance 1)], std::array<char *, (unsigned long)2>>(int, T2, T3)"
:model.layers.11.input_layernorm,PushPop,4239,4239,1,1,20384,20384.0,20384.0,20384,20384,0.0,"void at::native::elementwise_kernel<(int)128, (int)2, void at::native::gpu_kernel_impl_nocast<at::native::BinaryFunctor<float, float, float, at::native::binary_internal::MulFunctor<float>>>(at::TensorIteratorBase &, const T1 &)::[lambda(int) (instance 1)]>(int, T3)"
:model.layers.11.input_layernorm,PushPop,4239,4239,1,1,17184,17184.0,17184.0,17184,17184,0.0,"void at::native::unrolled_elementwise_kernel<at::native::direct_copy_kernel_cuda(at::TensorIteratorBase &)::[lambda() (instance 3)]::operator ()() const::[lambda() (instance 7)]::operator ()() const::[lambda(float) (instance 1)], std::array<char *, (unsigned long)2>, (int)4, TrivialOffsetCalculator<(int)1, unsigned int>, TrivialOffsetCalculator<(int)1, unsigned int>, at::native::memory::LoadWithCast<(int)1>, at::native::memory::StoreWithCast<(int)1>>(int, T1, T2, T4, T5, T6, T7)"
:model.layers.11.input_layernorm,PushPop,4239,4239,1,1,14656,14656.0,14656.0,14656,14656,0.0,"void at::native::vectorized_elementwise_kernel<(int)4, at::native::bfloat16_copy_kernel_cuda(at::TensorIteratorBase &)::[lambda(float) (instance 1)], std::array<char *, (unsigned long)2>>(int, T2, T3)"
:model.layers.11.input_layernorm,PushPop,4239,4239,1,1,13376,13376.0,13376.0,13376,13376,0.0,"void at::native::elementwise_kernel<(int)128, (int)4, void at::native::gpu_kernel_impl_nocast<at::native::BinaryFunctor<c10::BFloat16, c10::BFloat16, c10::BFloat16, at::native::binary_internal::MulFunctor<float>>>(at::TensorIteratorBase &, const T1 &)::[lambda(int) (instance 1)]>(int, T3)"
:model.layers.11.input_layernorm,PushPop,4239,4239,1,1,11008,11008.0,11008.0,11008,11008,0.0,"void at::native::reduce_kernel<(int)512, (int)1, at::native::ReduceOp<float, at::native::MeanOps<float, float, float, float>, unsigned int, float, (int)4, (int)4>>(T3)"
:model.layers.11.input_layernorm,PushPop,4239,4239,1,1,1568,1568.0,1568.0,1568,1568,0.0,"void at::native::vectorized_elementwise_kernel<(int)4, at::native::CUDAFunctorOnSelf_add<float>, std::array<char *, (unsigned long)2>>(int, T2, T3)"
:model.layers.11.input_layernorm,PushPop,4239,4239,1,1,1472,1472.0,1472.0,1472,1472,0.0,"void at::native::vectorized_elementwise_kernel<(int)4, at::native::rsqrt_kernel_cuda(at::TensorIteratorBase &)::[lambda() (instance 2)]::operator ()() const::[lambda() (instance 2)]::operator ()() const::[lambda(float) (instance 1)], std::array<char *, (unsigned long)2>>(int, T2, T3)"
:model.layers.11.mlp.act_fn,PushPop,4239,4239,1,1,31488,31488.0,31488.0,31488,31488,0.0,"void at::native::vectorized_elementwise_kernel<(int)4, at::native::<unnamed>::silu_kernel(at::TensorIteratorBase &)::[lambda() (instance 1)]::operator ()() const::[lambda() (instance 6)]::operator ()() const::[lambda(c10::BFloat16) (instance 1)], std::array<char *, (unsigned long)2>>(int, T2, T3)"
:model.layers.11.mlp.down_proj,PushPop,4239,4239,1,1,179905,179905.0,179905.0,179905,179905,0.0,ampere_bf16_s1688gemm_bf16_128x128_ldg8_f2f_stages_32x1_tn
:model.layers.11.mlp.gate_proj,PushPop,4239,4239,1,1,224065,224065.0,224065.0,224065,224065,0.0,void cutlass::Kernel2<cutlass_80_tensorop_bf16_s16816gemm_relu_bf16_256x128_32x3_tn_align8>(T1::Params)
:model.layers.11.mlp.up_proj,PushPop,4239,4239,1,1,221249,221249.0,221249.0,221249,221249,0.0,void cutlass::Kernel2<cutlass_80_tensorop_bf16_s16816gemm_relu_bf16_256x128_32x3_tn_align8>(T1::Params)
:model.layers.11.post_attention_layernorm,PushPop,4239,4239,1,1,21056,21056.0,21056.0,21056,21056,0.0,"void at::native::vectorized_elementwise_kernel<(int)4, void at::native::<unnamed>::pow_tensor_scalar_kernel_impl<float, float>(at::TensorIteratorBase &, T2)::[lambda(float) (instance 1)], std::array<char *, (unsigned long)2>>(int, T2, T3)"
:model.layers.11.post_attention_layernorm,PushPop,4239,4239,1,1,20576,20576.0,20576.0,20576,20576,0.0,"void at::native::elementwise_kernel<(int)128, (int)2, void at::native::gpu_kernel_impl_nocast<at::native::BinaryFunctor<float, float, float, at::native::binary_internal::MulFunctor<float>>>(at::TensorIteratorBase &, const T1 &)::[lambda(int) (instance 1)]>(int, T3)"
:model.layers.11.post_attention_layernorm,PushPop,4239,4239,1,1,17408,17408.0,17408.0,17408,17408,0.0,"void at::native::unrolled_elementwise_kernel<at::native::direct_copy_kernel_cuda(at::TensorIteratorBase &)::[lambda() (instance 3)]::operator ()() const::[lambda() (instance 7)]::operator ()() const::[lambda(float) (instance 1)], std::array<char *, (unsigned long)2>, (int)4, TrivialOffsetCalculator<(int)1, unsigned int>, TrivialOffsetCalculator<(int)1, unsigned int>, at::native::memory::LoadWithCast<(int)1>, at::native::memory::StoreWithCast<(int)1>>(int, T1, T2, T4, T5, T6, T7)"
:model.layers.11.post_attention_layernorm,PushPop,4239,4239,1,1,14720,14720.0,14720.0,14720,14720,0.0,"void at::native::vectorized_elementwise_kernel<(int)4, at::native::bfloat16_copy_kernel_cuda(at::TensorIteratorBase &)::[lambda(float) (instance 1)], std::array<char *, (unsigned long)2>>(int, T2, T3)"
:model.layers.11.post_attention_layernorm,PushPop,4239,4239,1,1,13184,13184.0,13184.0,13184,13184,0.0,"void at::native::elementwise_kernel<(int)128, (int)4, void at::native::gpu_kernel_impl_nocast<at::native::BinaryFunctor<c10::BFloat16, c10::BFloat16, c10::BFloat16, at::native::binary_internal::MulFunctor<float>>>(at::TensorIteratorBase &, const T1 &)::[lambda(int) (instance 1)]>(int, T3)"
:model.layers.11.post_attention_layernorm,PushPop,4239,4239,1,1,10656,10656.0,10656.0,10656,10656,0.0,"void at::native::reduce_kernel<(int)512, (int)1, at::native::ReduceOp<float, at::native::MeanOps<float, float, float, float>, unsigned int, float, (int)4, (int)4>>(T3)"
:model.layers.11.post_attention_layernorm,PushPop,4239,4239,1,1,1472,1472.0,1472.0,1472,1472,0.0,"void at::native::vectorized_elementwise_kernel<(int)4, at::native::rsqrt_kernel_cuda(at::TensorIteratorBase &)::[lambda() (instance 2)]::operator ()() const::[lambda() (instance 2)]::operator ()() const::[lambda(float) (instance 1)], std::array<char *, (unsigned long)2>>(int, T2, T3)"
:model.layers.11.post_attention_layernorm,PushPop,4239,4239,1,1,1440,1440.0,1440.0,1440,1440,0.0,"void at::native::vectorized_elementwise_kernel<(int)4, at::native::CUDAFunctorOnSelf_add<float>, std::array<char *, (unsigned long)2>>(int, T2, T3)"
:model.layers.11.self_attn.k_norm,PushPop,4239,4239,1,1,20544,20544.0,20544.0,20544,20544,0.0,"void at::native::vectorized_elementwise_kernel<(int)4, void at::native::<unnamed>::pow_tensor_scalar_kernel_impl<float, float>(at::TensorIteratorBase &, T2)::[lambda(float) (instance 1)], std::array<char *, (unsigned long)2>>(int, T2, T3)"
:model.layers.11.self_attn.k_norm,PushPop,4239,4239,1,1,19552,19552.0,19552.0,19552,19552,0.0,"void at::native::elementwise_kernel<(int)128, (int)2, void at::native::gpu_kernel_impl_nocast<at::native::BinaryFunctor<float, float, float, at::native::binary_internal::MulFunctor<float>>>(at::TensorIteratorBase &, const T1 &)::[lambda(int) (instance 1)]>(int, T3)"
:model.layers.11.self_attn.k_norm,PushPop,4239,4239,1,1,16864,16864.0,16864.0,16864,16864,0.0,"void at::native::unrolled_elementwise_kernel<at::native::direct_copy_kernel_cuda(at::TensorIteratorBase &)::[lambda() (instance 3)]::operator ()() const::[lambda() (instance 7)]::operator ()() const::[lambda(float) (instance 1)], std::array<char *, (unsigned long)2>, (int)4, TrivialOffsetCalculator<(int)1, unsigned int>, TrivialOffsetCalculator<(int)1, unsigned int>, at::native::memory::LoadWithCast<(int)1>, at::native::memory::StoreWithCast<(int)1>>(int, T1, T2, T4, T5, T6, T7)"
:model.layers.11.self_attn.k_norm,PushPop,4239,4239,1,1,14752,14752.0,14752.0,14752,14752,0.0,"void at::native::vectorized_elementwise_kernel<(int)4, at::native::bfloat16_copy_kernel_cuda(at::TensorIteratorBase &)::[lambda(float) (instance 1)], std::array<char *, (unsigned long)2>>(int, T2, T3)"
:model.layers.11.self_attn.k_norm,PushPop,4239,4239,1,1,13920,13920.0,13920.0,13920,13920,0.0,"void at::native::reduce_kernel<(int)512, (int)1, at::native::ReduceOp<float, at::native::MeanOps<float, float, float, float>, unsigned int, float, (int)4, (int)4>>(T3)"
:model.layers.11.self_attn.k_norm,PushPop,4239,4239,1,1,12608,12608.0,12608.0,12608,12608,0.0,"void at::native::elementwise_kernel<(int)128, (int)4, void at::native::gpu_kernel_impl_nocast<at::native::BinaryFunctor<c10::BFloat16, c10::BFloat16, c10::BFloat16, at::native::binary_internal::MulFunctor<float>>>(at::TensorIteratorBase &, const T1 &)::[lambda(int) (instance 1)]>(int, T3)"
:model.layers.11.self_attn.k_norm,PushPop,4239,4239,1,1,1440,1440.0,1440.0,1440,1440,0.0,"void at::native::vectorized_elementwise_kernel<(int)4, at::native::CUDAFunctorOnSelf_add<float>, std::array<char *, (unsigned long)2>>(int, T2, T3)"
:model.layers.11.self_attn.k_norm,PushPop,4239,4239,1,1,1440,1440.0,1440.0,1440,1440,0.0,"void at::native::vectorized_elementwise_kernel<(int)4, at::native::rsqrt_kernel_cuda(at::TensorIteratorBase &)::[lambda() (instance 2)]::operator ()() const::[lambda() (instance 2)]::operator ()() const::[lambda(float) (instance 1)], std::array<char *, (unsigned long)2>>(int, T2, T3)"
:model.layers.11.self_attn.k_proj,PushPop,4239,4239,1,1,73985,73985.0,73985.0,73985,73985,0.0,ampere_bf16_s16816gemm_bf16_256x128_ldg8_f2f_stages_32x3_tn
:model.layers.11.self_attn.o_proj,PushPop,4239,4239,1,1,123073,123073.0,123073.0,123073,123073,0.0,ampere_bf16_s1688gemm_bf16_128x128_ldg8_f2f_stages_32x1_tn
:model.layers.11.self_attn.q_norm,PushPop,4239,4239,1,1,41632,41632.0,41632.0,41632,41632,0.0,"void at::native::vectorized_elementwise_kernel<(int)4, void at::native::<unnamed>::pow_tensor_scalar_kernel_impl<float, float>(at::TensorIteratorBase &, T2)::[lambda(float) (instance 1)], std::array<char *, (unsigned long)2>>(int, T2, T3)"
:model.layers.11.self_attn.q_norm,PushPop,4239,4239,1,1,38720,38720.0,38720.0,38720,38720,0.0,"void at::native::elementwise_kernel<(int)128, (int)2, void at::native::gpu_kernel_impl_nocast<at::native::BinaryFunctor<float, float, float, at::native::binary_internal::MulFunctor<float>>>(at::TensorIteratorBase &, const T1 &)::[lambda(int) (instance 1)]>(int, T3)"
:model.layers.11.self_attn.q_norm,PushPop,4239,4239,1,1,33184,33184.0,33184.0,33184,33184,0.0,"void at::native::unrolled_elementwise_kernel<at::native::direct_copy_kernel_cuda(at::TensorIteratorBase &)::[lambda() (instance 3)]::operator ()() const::[lambda() (instance 7)]::operator ()() const::[lambda(float) (instance 1)], std::array<char *, (unsigned long)2>, (int)4, TrivialOffsetCalculator<(int)1, unsigned int>, TrivialOffsetCalculator<(int)1, unsigned int>, at::native::memory::LoadWithCast<(int)1>, at::native::memory::StoreWithCast<(int)1>>(int, T1, T2, T4, T5, T6, T7)"
:model.layers.11.self_attn.q_norm,PushPop,4239,4239,1,1,31840,31840.0,31840.0,31840,31840,0.0,"void at::native::vectorized_elementwise_kernel<(int)4, at::native::bfloat16_copy_kernel_cuda(at::TensorIteratorBase &)::[lambda(float) (instance 1)], std::array<char *, (unsigned long)2>>(int, T2, T3)"
:model.layers.11.self_attn.q_norm,PushPop,4239,4239,1,1,26528,26528.0,26528.0,26528,26528,0.0,"void at::native::reduce_kernel<(int)512, (int)1, at::native::ReduceOp<float, at::native::MeanOps<float, float, float, float>, unsigned int, float, (int)4, (int)4>>(T3)"
:model.layers.11.self_attn.q_norm,PushPop,4239,4239,1,1,24128,24128.0,24128.0,24128,24128,0.0,"void at::native::elementwise_kernel<(int)128, (int)4, void at::native::gpu_kernel_impl_nocast<at::native::BinaryFunctor<c10::BFloat16, c10::BFloat16, c10::BFloat16, at::native::binary_internal::MulFunctor<float>>>(at::TensorIteratorBase &, const T1 &)::[lambda(int) (instance 1)]>(int, T3)"
:model.layers.11.self_attn.q_norm,PushPop,4239,4239,1,1,1792,1792.0,1792.0,1792,1792,0.0,"void at::native::vectorized_elementwise_kernel<(int)4, at::native::CUDAFunctorOnSelf_add<float>, std::array<char *, (unsigned long)2>>(int, T2, T3)"
:model.layers.11.self_attn.q_norm,PushPop,4239,4239,1,1,1536,1536.0,1536.0,1536,1536,0.0,"void at::native::vectorized_elementwise_kernel<(int)4, at::native::rsqrt_kernel_cuda(at::TensorIteratorBase &)::[lambda() (instance 2)]::operator ()() const::[lambda() (instance 2)]::operator ()() const::[lambda(float) (instance 1)], std::array<char *, (unsigned long)2>>(int, T2, T3)"
:model.layers.11.self_attn.q_proj,PushPop,4239,4239,1,1,150465,150465.0,150465.0,150465,150465,0.0,void cutlass::Kernel2<cutlass_80_tensorop_bf16_s16816gemm_relu_bf16_256x128_32x3_tn_align8>(T1::Params)
:model.layers.11.self_attn.v_proj,PushPop,4239,4239,1,1,74048,74048.0,74048.0,74048,74048,0.0,ampere_bf16_s16816gemm_bf16_256x128_ldg8_f2f_stages_32x3_tn
:model.layers.12,PushPop,4239,4239,1,3,596579,198859.7,221409.0,150561,224609,41858.5,void cutlass::Kernel2<cutlass_80_tensorop_bf16_s16816gemm_relu_bf16_256x128_32x3_tn_align8>(T1::Params)
:model.layers.12,PushPop,4239,4239,1,1,311042,311042.0,311042.0,311042,311042,0.0,"void pytorch_flash::flash_fwd_kernel<Flash_fwd_kernel_traits<(int)128, (int)64, (int)64, (int)4, (bool)0, (bool)0, cutlass::bfloat16_t, Flash_kernel_traits<(int)128, (int)64, (int)64, (int)4, cutlass::bfloat16_t>>, (bool)0, (bool)1, (bool)0, (bool)0, (bool)1, (bool)1, (bool)0, (bool)0>(pytorch_flash::Flash_fwd_params)"
:model.layers.12,PushPop,4239,4239,1,2,303265,151632.5,151632.5,123360,179905,39983.4,ampere_bf16_s1688gemm_bf16_128x128_ldg8_f2f_stages_32x1_tn
:model.layers.12,PushPop,4239,4239,1,2,147937,73968.5,73968.5,73888,74049,113.8,ampere_bf16_s16816gemm_bf16_256x128_ldg8_f2f_stages_32x3_tn
:model.layers.12,PushPop,4239,4239,1,8,140193,17524.1,13824.0,12576,25185,5770.8,"void at::native::elementwise_kernel<(int)128, (int)4, void at::native::gpu_kernel_impl_nocast<at::native::BinaryFunctor<c10::BFloat16, c10::BFloat16, c10::BFloat16, at::native::binary_internal::MulFunctor<float>>>(at::TensorIteratorBase &, const T1 &)::[lambda(int) (instance 1)]>(int, T3)"
:model.layers.12,PushPop,4239,4239,1,4,104960,26240.0,21264.0,20544,41888,10437.5,"void at::native::vectorized_elementwise_kernel<(int)4, void at::native::<unnamed>::pow_tensor_scalar_kernel_impl<float, float>(at::TensorIteratorBase &, T2)::[lambda(float) (instance 1)], std::array<char *, (unsigned long)2>>(int, T2, T3)"
:model.layers.12,PushPop,4239,4239,1,4,104064,26016.0,24944.0,18176,36000,7381.7,"void at::native::<unnamed>::CatArrayBatchedCopy<at::native::<unnamed>::OpaqueType<(unsigned int)2>, unsigned int, (int)4, (int)64, (int)64>(T1 *, at::native::<unnamed>::CatArrInputTensorMetadata<T1, T2, T4, T5>, at::native::<unnamed>::TensorSizeStride<T2, (unsigned int)4>, int, T2)"
:model.layers.12,PushPop,4239,4239,1,4,99968,24992.0,20496.0,20384,38592,9066.9,"void at::native::elementwise_kernel<(int)128, (int)2, void at::native::gpu_kernel_impl_nocast<at::native::BinaryFunctor<float, float, float, at::native::binary_internal::MulFunctor<float>>>(at::TensorIteratorBase &, const T1 &)::[lambda(int) (instance 1)]>(int, T3)"
:model.layers.12,PushPop,4239,4239,1,4,84096,21024.0,17264.0,16448,33120,8076.2,"void at::native::unrolled_elementwise_kernel<at::native::direct_copy_kernel_cuda(at::TensorIteratorBase &)::[lambda() (instance 3)]::operator ()() const::[lambda() (instance 7)]::operator ()() const::[lambda(float) (instance 1)], std::array<char *, (unsigned long)2>, (int)4, TrivialOffsetCalculator<(int)1, unsigned int>, TrivialOffsetCalculator<(int)1, unsigned int>, at::native::memory::LoadWithCast<(int)1>, at::native::memory::StoreWithCast<(int)1>>(int, T1, T2, T4, T5, T6, T7)"
:model.layers.12,PushPop,4239,4239,1,4,75648,18912.0,14624.0,14592,31808,8597.3,"void at::native::vectorized_elementwise_kernel<(int)4, at::native::bfloat16_copy_kernel_cuda(at::TensorIteratorBase &)::[lambda(float) (instance 1)], std::array<char *, (unsigned long)2>>(int, T2, T3)"
:model.layers.12,PushPop,4239,4239,1,4,62112,15528.0,12448.0,10624,26592,7535.5,"void at::native::reduce_kernel<(int)512, (int)1, at::native::ReduceOp<float, at::native::MeanOps<float, float, float, float>, unsigned int, float, (int)4, (int)4>>(T3)"
:model.layers.12,PushPop,4239,4239,1,2,49856,24928.0,24928.0,17440,32416,10589.6,"void at::native::elementwise_kernel<(int)128, (int)4, void at::native::gpu_kernel_impl_nocast<at::native::CUDAFunctor_add<c10::BFloat16>>(at::TensorIteratorBase &, const T1 &)::[lambda(int) (instance 1)]>(int, T3)"
:model.layers.12,PushPop,4239,4239,1,1,46144,46144.0,46144.0,46144,46144,0.0,"void at::native::vectorized_elementwise_kernel<(int)4, at::native::BinaryFunctor<c10::BFloat16, c10::BFloat16, c10::BFloat16, at::native::binary_internal::MulFunctor<float>>, std::array<char *, (unsigned long)3>>(int, T2, T3)"
:model.layers.12,PushPop,4239,4239,1,1,31584,31584.0,31584.0,31584,31584,0.0,"void at::native::vectorized_elementwise_kernel<(int)4, at::native::<unnamed>::silu_kernel(at::TensorIteratorBase &)::[lambda() (instance 1)]::operator ()() const::[lambda() (instance 6)]::operator ()() const::[lambda(c10::BFloat16) (instance 1)], std::array<char *, (unsigned long)2>>(int, T2, T3)"
:model.layers.12,PushPop,4239,4239,1,2,27264,13632.0,13632.0,13440,13824,271.5,"void at::native::vectorized_elementwise_kernel<(int)4, at::native::CUDAFunctor_add<c10::BFloat16>, std::array<char *, (unsigned long)3>>(int, T2, T3)"
:model.layers.12,PushPop,4239,4239,1,2,20512,10256.0,10256.0,6976,13536,4638.6,"void at::native::elementwise_kernel<(int)128, (int)4, void at::native::gpu_kernel_impl_nocast<at::native::neg_kernel_cuda(at::TensorIteratorBase &)::[lambda() (instance 2)]::operator ()() const::[lambda() (instance 9)]::operator ()() const::[lambda(c10::BFloat16) (instance 1)]>(at::TensorIteratorBase &, const T1 &)::[lambda(int) (instance 1)]>(int, T3)"
:model.layers.12,PushPop,4239,4239,1,4,6496,1624.0,1536.0,1440,1984,244.2,"void at::native::vectorized_elementwise_kernel<(int)4, at::native::CUDAFunctorOnSelf_add<float>, std::array<char *, (unsigned long)2>>(int, T2, T3)"
:model.layers.12,PushPop,4239,4239,1,4,5952,1488.0,1472.0,1472,1536,32.0,"void at::native::vectorized_elementwise_kernel<(int)4, at::native::rsqrt_kernel_cuda(at::TensorIteratorBase &)::[lambda() (instance 2)]::operator ()() const::[lambda() (instance 2)]::operator ()() const::[lambda(float) (instance 1)], std::array<char *, (unsigned long)2>>(int, T2, T3)"
:model.layers.12.input_layernorm,PushPop,4239,4239,1,1,21280,21280.0,21280.0,21280,21280,0.0,"void at::native::vectorized_elementwise_kernel<(int)4, void at::native::<unnamed>::pow_tensor_scalar_kernel_impl<float, float>(at::TensorIteratorBase &, T2)::[lambda(float) (instance 1)], std::array<char *, (unsigned long)2>>(int, T2, T3)"
:model.layers.12.input_layernorm,PushPop,4239,4239,1,1,20544,20544.0,20544.0,20544,20544,0.0,"void at::native::elementwise_kernel<(int)128, (int)2, void at::native::gpu_kernel_impl_nocast<at::native::BinaryFunctor<float, float, float, at::native::binary_internal::MulFunctor<float>>>(at::TensorIteratorBase &, const T1 &)::[lambda(int) (instance 1)]>(int, T3)"
:model.layers.12.input_layernorm,PushPop,4239,4239,1,1,16992,16992.0,16992.0,16992,16992,0.0,"void at::native::unrolled_elementwise_kernel<at::native::direct_copy_kernel_cuda(at::TensorIteratorBase &)::[lambda() (instance 3)]::operator ()() const::[lambda() (instance 7)]::operator ()() const::[lambda(float) (instance 1)], std::array<char *, (unsigned long)2>, (int)4, TrivialOffsetCalculator<(int)1, unsigned int>, TrivialOffsetCalculator<(int)1, unsigned int>, at::native::memory::LoadWithCast<(int)1>, at::native::memory::StoreWithCast<(int)1>>(int, T1, T2, T4, T5, T6, T7)"
:model.layers.12.input_layernorm,PushPop,4239,4239,1,1,14624,14624.0,14624.0,14624,14624,0.0,"void at::native::vectorized_elementwise_kernel<(int)4, at::native::bfloat16_copy_kernel_cuda(at::TensorIteratorBase &)::[lambda(float) (instance 1)], std::array<char *, (unsigned long)2>>(int, T2, T3)"
:model.layers.12.input_layernorm,PushPop,4239,4239,1,1,13216,13216.0,13216.0,13216,13216,0.0,"void at::native::elementwise_kernel<(int)128, (int)4, void at::native::gpu_kernel_impl_nocast<at::native::BinaryFunctor<c10::BFloat16, c10::BFloat16, c10::BFloat16, at::native::binary_internal::MulFunctor<float>>>(at::TensorIteratorBase &, const T1 &)::[lambda(int) (instance 1)]>(int, T3)"
:model.layers.12.input_layernorm,PushPop,4239,4239,1,1,10624,10624.0,10624.0,10624,10624,0.0,"void at::native::reduce_kernel<(int)512, (int)1, at::native::ReduceOp<float, at::native::MeanOps<float, float, float, float>, unsigned int, float, (int)4, (int)4>>(T3)"
:model.layers.12.input_layernorm,PushPop,4239,4239,1,1,1536,1536.0,1536.0,1536,1536,0.0,"void at::native::vectorized_elementwise_kernel<(int)4, at::native::CUDAFunctorOnSelf_add<float>, std::array<char *, (unsigned long)2>>(int, T2, T3)"
:model.layers.12.input_layernorm,PushPop,4239,4239,1,1,1472,1472.0,1472.0,1472,1472,0.0,"void at::native::vectorized_elementwise_kernel<(int)4, at::native::rsqrt_kernel_cuda(at::TensorIteratorBase &)::[lambda() (instance 2)]::operator ()() const::[lambda() (instance 2)]::operator ()() const::[lambda(float) (instance 1)], std::array<char *, (unsigned long)2>>(int, T2, T3)"
:model.layers.12.mlp.act_fn,PushPop,4239,4239,1,1,31584,31584.0,31584.0,31584,31584,0.0,"void at::native::vectorized_elementwise_kernel<(int)4, at::native::<unnamed>::silu_kernel(at::TensorIteratorBase &)::[lambda() (instance 1)]::operator ()() const::[lambda() (instance 6)]::operator ()() const::[lambda(c10::BFloat16) (instance 1)], std::array<char *, (unsigned long)2>>(int, T2, T3)"
:model.layers.12.mlp.down_proj,PushPop,4239,4239,1,1,179905,179905.0,179905.0,179905,179905,0.0,ampere_bf16_s1688gemm_bf16_128x128_ldg8_f2f_stages_32x1_tn
:model.layers.12.mlp.gate_proj,PushPop,4239,4239,1,1,224609,224609.0,224609.0,224609,224609,0.0,void cutlass::Kernel2<cutlass_80_tensorop_bf16_s16816gemm_relu_bf16_256x128_32x3_tn_align8>(T1::Params)
:model.layers.12.mlp.up_proj,PushPop,4239,4239,1,1,221409,221409.0,221409.0,221409,221409,0.0,void cutlass::Kernel2<cutlass_80_tensorop_bf16_s16816gemm_relu_bf16_256x128_32x3_tn_align8>(T1::Params)
:model.layers.12.post_attention_layernorm,PushPop,4239,4239,1,1,21248,21248.0,21248.0,21248,21248,0.0,"void at::native::vectorized_elementwise_kernel<(int)4, void at::native::<unnamed>::pow_tensor_scalar_kernel_impl<float, float>(at::TensorIteratorBase &, T2)::[lambda(float) (instance 1)], std::array<char *, (unsigned long)2>>(int, T2, T3)"
:model.layers.12.post_attention_layernorm,PushPop,4239,4239,1,1,20448,20448.0,20448.0,20448,20448,0.0,"void at::native::elementwise_kernel<(int)128, (int)2, void at::native::gpu_kernel_impl_nocast<at::native::BinaryFunctor<float, float, float, at::native::binary_internal::MulFunctor<float>>>(at::TensorIteratorBase &, const T1 &)::[lambda(int) (instance 1)]>(int, T3)"
:model.layers.12.post_attention_layernorm,PushPop,4239,4239,1,1,17536,17536.0,17536.0,17536,17536,0.0,"void at::native::unrolled_elementwise_kernel<at::native::direct_copy_kernel_cuda(at::TensorIteratorBase &)::[lambda() (instance 3)]::operator ()() const::[lambda() (instance 7)]::operator ()() const::[lambda(float) (instance 1)], std::array<char *, (unsigned long)2>, (int)4, TrivialOffsetCalculator<(int)1, unsigned int>, TrivialOffsetCalculator<(int)1, unsigned int>, at::native::memory::LoadWithCast<(int)1>, at::native::memory::StoreWithCast<(int)1>>(int, T1, T2, T4, T5, T6, T7)"
:model.layers.12.post_attention_layernorm,PushPop,4239,4239,1,1,14624,14624.0,14624.0,14624,14624,0.0,"void at::native::vectorized_elementwise_kernel<(int)4, at::native::bfloat16_copy_kernel_cuda(at::TensorIteratorBase &)::[lambda(float) (instance 1)], std::array<char *, (unsigned long)2>>(int, T2, T3)"
:model.layers.12.post_attention_layernorm,PushPop,4239,4239,1,1,13536,13536.0,13536.0,13536,13536,0.0,"void at::native::elementwise_kernel<(int)128, (int)4, void at::native::gpu_kernel_impl_nocast<at::native::BinaryFunctor<c10::BFloat16, c10::BFloat16, c10::BFloat16, at::native::binary_internal::MulFunctor<float>>>(at::TensorIteratorBase &, const T1 &)::[lambda(int) (instance 1)]>(int, T3)"
:model.layers.12.post_attention_layernorm,PushPop,4239,4239,1,1,10880,10880.0,10880.0,10880,10880,0.0,"void at::native::reduce_kernel<(int)512, (int)1, at::native::ReduceOp<float, at::native::MeanOps<float, float, float, float>, unsigned int, float, (int)4, (int)4>>(T3)"
:model.layers.12.post_attention_layernorm,PushPop,4239,4239,1,1,1536,1536.0,1536.0,1536,1536,0.0,"void at::native::vectorized_elementwise_kernel<(int)4, at::native::CUDAFunctorOnSelf_add<float>, std::array<char *, (unsigned long)2>>(int, T2, T3)"
:model.layers.12.post_attention_layernorm,PushPop,4239,4239,1,1,1472,1472.0,1472.0,1472,1472,0.0,"void at::native::vectorized_elementwise_kernel<(int)4, at::native::rsqrt_kernel_cuda(at::TensorIteratorBase &)::[lambda() (instance 2)]::operator ()() const::[lambda() (instance 2)]::operator ()() const::[lambda(float) (instance 1)], std::array<char *, (unsigned long)2>>(int, T2, T3)"
:model.layers.12.self_attn.k_norm,PushPop,4239,4239,1,1,20544,20544.0,20544.0,20544,20544,0.0,"void at::native::vectorized_elementwise_kernel<(int)4, void at::native::<unnamed>::pow_tensor_scalar_kernel_impl<float, float>(at::TensorIteratorBase &, T2)::[lambda(float) (instance 1)], std::array<char *, (unsigned long)2>>(int, T2, T3)"
:model.layers.12.self_attn.k_norm,PushPop,4239,4239,1,1,20384,20384.0,20384.0,20384,20384,0.0,"void at::native::elementwise_kernel<(int)128, (int)2, void at::native::gpu_kernel_impl_nocast<at::native::BinaryFunctor<float, float, float, at::native::binary_internal::MulFunctor<float>>>(at::TensorIteratorBase &, const T1 &)::[lambda(int) (instance 1)]>(int, T3)"
:model.layers.12.self_attn.k_norm,PushPop,4239,4239,1,1,16448,16448.0,16448.0,16448,16448,0.0,"void at::native::unrolled_elementwise_kernel<at::native::direct_copy_kernel_cuda(at::TensorIteratorBase &)::[lambda() (instance 3)]::operator ()() const::[lambda() (instance 7)]::operator ()() const::[lambda(float) (instance 1)], std::array<char *, (unsigned long)2>, (int)4, TrivialOffsetCalculator<(int)1, unsigned int>, TrivialOffsetCalculator<(int)1, unsigned int>, at::native::memory::LoadWithCast<(int)1>, at::native::memory::StoreWithCast<(int)1>>(int, T1, T2, T4, T5, T6, T7)"
:model.layers.12.self_attn.k_norm,PushPop,4239,4239,1,1,14592,14592.0,14592.0,14592,14592,0.0,"void at::native::vectorized_elementwise_kernel<(int)4, at::native::bfloat16_copy_kernel_cuda(at::TensorIteratorBase &)::[lambda(float) (instance 1)], std::array<char *, (unsigned long)2>>(int, T2, T3)"
:model.layers.12.self_attn.k_norm,PushPop,4239,4239,1,1,14016,14016.0,14016.0,14016,14016,0.0,"void at::native::reduce_kernel<(int)512, (int)1, at::native::ReduceOp<float, at::native::MeanOps<float, float, float, float>, unsigned int, float, (int)4, (int)4>>(T3)"
:model.layers.12.self_attn.k_norm,PushPop,4239,4239,1,1,12576,12576.0,12576.0,12576,12576,0.0,"void at::native::elementwise_kernel<(int)128, (int)4, void at::native::gpu_kernel_impl_nocast<at::native::BinaryFunctor<c10::BFloat16, c10::BFloat16, c10::BFloat16, at::native::binary_internal::MulFunctor<float>>>(at::TensorIteratorBase &, const T1 &)::[lambda(int) (instance 1)]>(int, T3)"
:model.layers.12.self_attn.k_norm,PushPop,4239,4239,1,1,1472,1472.0,1472.0,1472,1472,0.0,"void at::native::vectorized_elementwise_kernel<(int)4, at::native::rsqrt_kernel_cuda(at::TensorIteratorBase &)::[lambda() (instance 2)]::operator ()() const::[lambda() (instance 2)]::operator ()() const::[lambda(float) (instance 1)], std::array<char *, (unsigned long)2>>(int, T2, T3)"
:model.layers.12.self_attn.k_norm,PushPop,4239,4239,1,1,1440,1440.0,1440.0,1440,1440,0.0,"void at::native::vectorized_elementwise_kernel<(int)4, at::native::CUDAFunctorOnSelf_add<float>, std::array<char *, (unsigned long)2>>(int, T2, T3)"
:model.layers.12.self_attn.k_proj,PushPop,4239,4239,1,1,74049,74049.0,74049.0,74049,74049,0.0,ampere_bf16_s16816gemm_bf16_256x128_ldg8_f2f_stages_32x3_tn
:model.layers.12.self_attn.o_proj,PushPop,4239,4239,1,1,123360,123360.0,123360.0,123360,123360,0.0,ampere_bf16_s1688gemm_bf16_128x128_ldg8_f2f_stages_32x1_tn
:model.layers.12.self_attn.q_norm,PushPop,4239,4239,1,1,41888,41888.0,41888.0,41888,41888,0.0,"void at::native::vectorized_elementwise_kernel<(int)4, void at::native::<unnamed>::pow_tensor_scalar_kernel_impl<float, float>(at::TensorIteratorBase &, T2)::[lambda(float) (instance 1)], std::array<char *, (unsigned long)2>>(int, T2, T3)"
:model.layers.12.self_attn.q_norm,PushPop,4239,4239,1,1,38592,38592.0,38592.0,38592,38592,0.0,"void at::native::elementwise_kernel<(int)128, (int)2, void at::native::gpu_kernel_impl_nocast<at::native::BinaryFunctor<float, float, float, at::native::binary_internal::MulFunctor<float>>>(at::TensorIteratorBase &, const T1 &)::[lambda(int) (instance 1)]>(int, T3)"
:model.layers.12.self_attn.q_norm,PushPop,4239,4239,1,1,33120,33120.0,33120.0,33120,33120,0.0,"void at::native::unrolled_elementwise_kernel<at::native::direct_copy_kernel_cuda(at::TensorIteratorBase &)::[lambda() (instance 3)]::operator ()() const::[lambda() (instance 7)]::operator ()() const::[lambda(float) (instance 1)], std::array<char *, (unsigned long)2>, (int)4, TrivialOffsetCalculator<(int)1, unsigned int>, TrivialOffsetCalculator<(int)1, unsigned int>, at::native::memory::LoadWithCast<(int)1>, at::native::memory::StoreWithCast<(int)1>>(int, T1, T2, T4, T5, T6, T7)"
:model.layers.12.self_attn.q_norm,PushPop,4239,4239,1,1,31808,31808.0,31808.0,31808,31808,0.0,"void at::native::vectorized_elementwise_kernel<(int)4, at::native::bfloat16_copy_kernel_cuda(at::TensorIteratorBase &)::[lambda(float) (instance 1)], std::array<char *, (unsigned long)2>>(int, T2, T3)"
:model.layers.12.self_attn.q_norm,PushPop,4239,4239,1,1,26592,26592.0,26592.0,26592,26592,0.0,"void at::native::reduce_kernel<(int)512, (int)1, at::native::ReduceOp<float, at::native::MeanOps<float, float, float, float>, unsigned int, float, (int)4, (int)4>>(T3)"
:model.layers.12.self_attn.q_norm,PushPop,4239,4239,1,1,23744,23744.0,23744.0,23744,23744,0.0,"void at::native::elementwise_kernel<(int)128, (int)4, void at::native::gpu_kernel_impl_nocast<at::native::BinaryFunctor<c10::BFloat16, c10::BFloat16, c10::BFloat16, at::native::binary_internal::MulFunctor<float>>>(at::TensorIteratorBase &, const T1 &)::[lambda(int) (instance 1)]>(int, T3)"
:model.layers.12.self_attn.q_norm,PushPop,4239,4239,1,1,1984,1984.0,1984.0,1984,1984,0.0,"void at::native::vectorized_elementwise_kernel<(int)4, at::native::CUDAFunctorOnSelf_add<float>, std::array<char *, (unsigned long)2>>(int, T2, T3)"
:model.layers.12.self_attn.q_norm,PushPop,4239,4239,1,1,1536,1536.0,1536.0,1536,1536,0.0,"void at::native::vectorized_elementwise_kernel<(int)4, at::native::rsqrt_kernel_cuda(at::TensorIteratorBase &)::[lambda() (instance 2)]::operator ()() const::[lambda() (instance 2)]::operator ()() const::[lambda(float) (instance 1)], std::array<char *, (unsigned long)2>>(int, T2, T3)"
:model.layers.12.self_attn.q_proj,PushPop,4239,4239,1,1,150561,150561.0,150561.0,150561,150561,0.0,void cutlass::Kernel2<cutlass_80_tensorop_bf16_s16816gemm_relu_bf16_256x128_32x3_tn_align8>(T1::Params)
:model.layers.12.self_attn.v_proj,PushPop,4239,4239,1,1,73888,73888.0,73888.0,73888,73888,0.0,ampere_bf16_s16816gemm_bf16_256x128_ldg8_f2f_stages_32x3_tn
:model.layers.13,PushPop,4239,4239,1,3,596482,198827.3,221504.0,150689,224289,41712.3,void cutlass::Kernel2<cutlass_80_tensorop_bf16_s16816gemm_relu_bf16_256x128_32x3_tn_align8>(T1::Params)
:model.layers.13,PushPop,4239,4239,1,1,306721,306721.0,306721.0,306721,306721,0.0,"void pytorch_flash::flash_fwd_kernel<Flash_fwd_kernel_traits<(int)128, (int)64, (int)64, (int)4, (bool)0, (bool)0, cutlass::bfloat16_t, Flash_kernel_traits<(int)128, (int)64, (int)64, (int)4, cutlass::bfloat16_t>>, (bool)0, (bool)1, (bool)0, (bool)0, (bool)1, (bool)1, (bool)0, (bool)0>(pytorch_flash::Flash_fwd_params)"
:model.layers.13,PushPop,4239,4239,1,2,302976,151488.0,151488.0,123232,179744,39960.0,ampere_bf16_s1688gemm_bf16_128x128_ldg8_f2f_stages_32x1_tn
:model.layers.13,PushPop,4239,4239,1,2,148001,74000.5,74000.5,73921,74080,112.4,ampere_bf16_s16816gemm_bf16_256x128_ldg8_f2f_stages_32x3_tn
:model.layers.13,PushPop,4239,4239,1,8,139904,17488.0,13712.0,12448,25536,5904.4,"void at::native::elementwise_kernel<(int)128, (int)4, void at::native::gpu_kernel_impl_nocast<at::native::BinaryFunctor<c10::BFloat16, c10::BFloat16, c10::BFloat16, at::native::binary_internal::MulFunctor<float>>>(at::TensorIteratorBase &, const T1 &)::[lambda(int) (instance 1)]>(int, T3)"
:model.layers.13,PushPop,4239,4239,1,4,104257,26064.3,25152.5,18176,35776,7264.9,"void at::native::<unnamed>::CatArrayBatchedCopy<at::native::<unnamed>::OpaqueType<(unsigned int)2>, unsigned int, (int)4, (int)64, (int)64>(T1 *, at::native::<unnamed>::CatArrInputTensorMetadata<T1, T2, T4, T5>, at::native::<unnamed>::TensorSizeStride<T2, (unsigned int)4>, int, T2)"
:model.layers.13,PushPop,4239,4239,1,4,103648,25912.0,21056.0,20896,40640,9819.5,"void at::native::vectorized_elementwise_kernel<(int)4, void at::native::<unnamed>::pow_tensor_scalar_kernel_impl<float, float>(at::TensorIteratorBase &, T2)::[lambda(float) (instance 1)], std::array<char *, (unsigned long)2>>(int, T2, T3)"
:model.layers.13,PushPop,4239,4239,1,4,100545,25136.3,20528.0,20032,39457,9550.8,"void at::native::elementwise_kernel<(int)128, (int)2, void at::native::gpu_kernel_impl_nocast<at::native::BinaryFunctor<float, float, float, at::native::binary_internal::MulFunctor<float>>>(at::TensorIteratorBase &, const T1 &)::[lambda(int) (instance 1)]>(int, T3)"
:model.layers.13,PushPop,4239,4239,1,4,83904,20976.0,17104.0,16416,33280,8209.9,"void at::native::unrolled_elementwise_kernel<at::native::direct_copy_kernel_cuda(at::TensorIteratorBase &)::[lambda() (instance 3)]::operator ()() const::[lambda() (instance 7)]::operator ()() const::[lambda(float) (instance 1)], std::array<char *, (unsigned long)2>, (int)4, TrivialOffsetCalculator<(int)1, unsigned int>, TrivialOffsetCalculator<(int)1, unsigned int>, at::native::memory::LoadWithCast<(int)1>, at::native::memory::StoreWithCast<(int)1>>(int, T1, T2, T4, T5, T6, T7)"
:model.layers.13,PushPop,4239,4239,1,4,76416,19104.0,14992.0,14592,31840,8493.3,"void at::native::vectorized_elementwise_kernel<(int)4, at::native::bfloat16_copy_kernel_cuda(at::TensorIteratorBase &)::[lambda(float) (instance 1)], std::array<char *, (unsigned long)2>>(int, T2, T3)"
:model.layers.13,PushPop,4239,4239,1,4,62176,15544.0,12464.0,10752,26496,7458.8,"void at::native::reduce_kernel<(int)512, (int)1, at::native::ReduceOp<float, at::native::MeanOps<float, float, float, float>, unsigned int, float, (int)4, (int)4>>(T3)"
:model.layers.13,PushPop,4239,4239,1,2,49600,24800.0,24800.0,17248,32352,10680.1,"void at::native::elementwise_kernel<(int)128, (int)4, void at::native::gpu_kernel_impl_nocast<at::native::CUDAFunctor_add<c10::BFloat16>>(at::TensorIteratorBase &, const T1 &)::[lambda(int) (instance 1)]>(int, T3)"
:model.layers.13,PushPop,4239,4239,1,1,45601,45601.0,45601.0,45601,45601,0.0,"void at::native::vectorized_elementwise_kernel<(int)4, at::native::BinaryFunctor<c10::BFloat16, c10::BFloat16, c10::BFloat16, at::native::binary_internal::MulFunctor<float>>, std::array<char *, (unsigned long)3>>(int, T2, T3)"
:model.layers.13,PushPop,4239,4239,1,1,31104,31104.0,31104.0,31104,31104,0.0,"void at::native::vectorized_elementwise_kernel<(int)4, at::native::<unnamed>::silu_kernel(at::TensorIteratorBase &)::[lambda() (instance 1)]::operator ()() const::[lambda() (instance 6)]::operator ()() const::[lambda(c10::BFloat16) (instance 1)], std::array<char *, (unsigned long)2>>(int, T2, T3)"
:model.layers.13,PushPop,4239,4239,1,2,27648,13824.0,13824.0,13696,13952,181.0,"void at::native::vectorized_elementwise_kernel<(int)4, at::native::CUDAFunctor_add<c10::BFloat16>, std::array<char *, (unsigned long)3>>(int, T2, T3)"
:model.layers.13,PushPop,4239,4239,1,2,20608,10304.0,10304.0,7104,13504,4525.5,"void at::native::elementwise_kernel<(int)128, (int)4, void at::native::gpu_kernel_impl_nocast<at::native::neg_kernel_cuda(at::TensorIteratorBase &)::[lambda() (instance 2)]::operator ()() const::[lambda() (instance 9)]::operator ()() const::[lambda(c10::BFloat16) (instance 1)]>(at::TensorIteratorBase &, const T1 &)::[lambda(int) (instance 1)]>(int, T3)"
:model.layers.13,PushPop,4239,4239,1,4,6529,1632.3,1584.5,1472,1888,179.0,"void at::native::vectorized_elementwise_kernel<(int)4, at::native::CUDAFunctorOnSelf_add<float>, std::array<char *, (unsigned long)2>>(int, T2, T3)"
:model.layers.13,PushPop,4239,4239,1,4,5984,1496.0,1504.0,1440,1536,40.3,"void at::native::vectorized_elementwise_kernel<(int)4, at::native::rsqrt_kernel_cuda(at::TensorIteratorBase &)::[lambda() (instance 2)]::operator ()() const::[lambda() (instance 2)]::operator ()() const::[lambda(float) (instance 1)], std::array<char *, (unsigned long)2>>(int, T2, T3)"
:model.layers.13.input_layernorm,PushPop,4239,4239,1,1,20896,20896.0,20896.0,20896,20896,0.0,"void at::native::vectorized_elementwise_kernel<(int)4, void at::native::<unnamed>::pow_tensor_scalar_kernel_impl<float, float>(at::TensorIteratorBase &, T2)::[lambda(float) (instance 1)], std::array<char *, (unsigned long)2>>(int, T2, T3)"
:model.layers.13.input_layernorm,PushPop,4239,4239,1,1,20384,20384.0,20384.0,20384,20384,0.0,"void at::native::elementwise_kernel<(int)128, (int)2, void at::native::gpu_kernel_impl_nocast<at::native::BinaryFunctor<float, float, float, at::native::binary_internal::MulFunctor<float>>>(at::TensorIteratorBase &, const T1 &)::[lambda(int) (instance 1)]>(int, T3)"
:model.layers.13.input_layernorm,PushPop,4239,4239,1,1,16960,16960.0,16960.0,16960,16960,0.0,"void at::native::unrolled_elementwise_kernel<at::native::direct_copy_kernel_cuda(at::TensorIteratorBase &)::[lambda() (instance 3)]::operator ()() const::[lambda() (instance 7)]::operator ()() const::[lambda(float) (instance 1)], std::array<char *, (unsigned long)2>, (int)4, TrivialOffsetCalculator<(int)1, unsigned int>, TrivialOffsetCalculator<(int)1, unsigned int>, at::native::memory::LoadWithCast<(int)1>, at::native::memory::StoreWithCast<(int)1>>(int, T1, T2, T4, T5, T6, T7)"
:model.layers.13.input_layernorm,PushPop,4239,4239,1,1,15104,15104.0,15104.0,15104,15104,0.0,"void at::native::vectorized_elementwise_kernel<(int)4, at::native::bfloat16_copy_kernel_cuda(at::TensorIteratorBase &)::[lambda(float) (instance 1)], std::array<char *, (unsigned long)2>>(int, T2, T3)"
:model.layers.13.input_layernorm,PushPop,4239,4239,1,1,13280,13280.0,13280.0,13280,13280,0.0,"void at::native::elementwise_kernel<(int)128, (int)4, void at::native::gpu_kernel_impl_nocast<at::native::BinaryFunctor<c10::BFloat16, c10::BFloat16, c10::BFloat16, at::native::binary_internal::MulFunctor<float>>>(at::TensorIteratorBase &, const T1 &)::[lambda(int) (instance 1)]>(int, T3)"
:model.layers.13.input_layernorm,PushPop,4239,4239,1,1,10752,10752.0,10752.0,10752,10752,0.0,"void at::native::reduce_kernel<(int)512, (int)1, at::native::ReduceOp<float, at::native::MeanOps<float, float, float, float>, unsigned int, float, (int)4, (int)4>>(T3)"
:model.layers.13.input_layernorm,PushPop,4239,4239,1,1,1600,1600.0,1600.0,1600,1600,0.0,"void at::native::vectorized_elementwise_kernel<(int)4, at::native::CUDAFunctorOnSelf_add<float>, std::array<char *, (unsigned long)2>>(int, T2, T3)"
:model.layers.13.input_layernorm,PushPop,4239,4239,1,1,1440,1440.0,1440.0,1440,1440,0.0,"void at::native::vectorized_elementwise_kernel<(int)4, at::native::rsqrt_kernel_cuda(at::TensorIteratorBase &)::[lambda() (instance 2)]::operator ()() const::[lambda() (instance 2)]::operator ()() const::[lambda(float) (instance 1)], std::array<char *, (unsigned long)2>>(int, T2, T3)"
:model.layers.13.mlp.act_fn,PushPop,4239,4239,1,1,31104,31104.0,31104.0,31104,31104,0.0,"void at::native::vectorized_elementwise_kernel<(int)4, at::native::<unnamed>::silu_kernel(at::TensorIteratorBase &)::[lambda() (instance 1)]::operator ()() const::[lambda() (instance 6)]::operator ()() const::[lambda(c10::BFloat16) (instance 1)], std::array<char *, (unsigned long)2>>(int, T2, T3)"
:model.layers.13.mlp.down_proj,PushPop,4239,4239,1,1,179744,179744.0,179744.0,179744,179744,0.0,ampere_bf16_s1688gemm_bf16_128x128_ldg8_f2f_stages_32x1_tn
:model.layers.13.mlp.gate_proj,PushPop,4239,4239,1,1,224289,224289.0,224289.0,224289,224289,0.0,void cutlass::Kernel2<cutlass_80_tensorop_bf16_s16816gemm_relu_bf16_256x128_32x3_tn_align8>(T1::Params)
:model.layers.13.mlp.up_proj,PushPop,4239,4239,1,1,221504,221504.0,221504.0,221504,221504,0.0,void cutlass::Kernel2<cutlass_80_tensorop_bf16_s16816gemm_relu_bf16_256x128_32x3_tn_align8>(T1::Params)
:model.layers.13.post_attention_layernorm,PushPop,4239,4239,1,1,21184,21184.0,21184.0,21184,21184,0.0,"void at::native::vectorized_elementwise_kernel<(int)4, void at::native::<unnamed>::pow_tensor_scalar_kernel_impl<float, float>(at::TensorIteratorBase &, T2)::[lambda(float) (instance 1)], std::array<char *, (unsigned long)2>>(int, T2, T3)"
:model.layers.13.post_attention_layernorm,PushPop,4239,4239,1,1,20672,20672.0,20672.0,20672,20672,0.0,"void at::native::elementwise_kernel<(int)128, (int)2, void at::native::gpu_kernel_impl_nocast<at::native::BinaryFunctor<float, float, float, at::native::binary_internal::MulFunctor<float>>>(at::TensorIteratorBase &, const T1 &)::[lambda(int) (instance 1)]>(int, T3)"
:model.layers.13.post_attention_layernorm,PushPop,4239,4239,1,1,17248,17248.0,17248.0,17248,17248,0.0,"void at::native::unrolled_elementwise_kernel<at::native::direct_copy_kernel_cuda(at::TensorIteratorBase &)::[lambda() (instance 3)]::operator ()() const::[lambda() (instance 7)]::operator ()() const::[lambda(float) (instance 1)], std::array<char *, (unsigned long)2>, (int)4, TrivialOffsetCalculator<(int)1, unsigned int>, TrivialOffsetCalculator<(int)1, unsigned int>, at::native::memory::LoadWithCast<(int)1>, at::native::memory::StoreWithCast<(int)1>>(int, T1, T2, T4, T5, T6, T7)"
:model.layers.13.post_attention_layernorm,PushPop,4239,4239,1,1,14592,14592.0,14592.0,14592,14592,0.0,"void at::native::vectorized_elementwise_kernel<(int)4, at::native::bfloat16_copy_kernel_cuda(at::TensorIteratorBase &)::[lambda(float) (instance 1)], std::array<char *, (unsigned long)2>>(int, T2, T3)"
:model.layers.13.post_attention_layernorm,PushPop,4239,4239,1,1,13088,13088.0,13088.0,13088,13088,0.0,"void at::native::elementwise_kernel<(int)128, (int)4, void at::native::gpu_kernel_impl_nocast<at::native::BinaryFunctor<c10::BFloat16, c10::BFloat16, c10::BFloat16, at::native::binary_internal::MulFunctor<float>>>(at::TensorIteratorBase &, const T1 &)::[lambda(int) (instance 1)]>(int, T3)"
:model.layers.13.post_attention_layernorm,PushPop,4239,4239,1,1,10880,10880.0,10880.0,10880,10880,0.0,"void at::native::reduce_kernel<(int)512, (int)1, at::native::ReduceOp<float, at::native::MeanOps<float, float, float, float>, unsigned int, float, (int)4, (int)4>>(T3)"
:model.layers.13.post_attention_layernorm,PushPop,4239,4239,1,1,1569,1569.0,1569.0,1569,1569,0.0,"void at::native::vectorized_elementwise_kernel<(int)4, at::native::CUDAFunctorOnSelf_add<float>, std::array<char *, (unsigned long)2>>(int, T2, T3)"
:model.layers.13.post_attention_layernorm,PushPop,4239,4239,1,1,1504,1504.0,1504.0,1504,1504,0.0,"void at::native::vectorized_elementwise_kernel<(int)4, at::native::rsqrt_kernel_cuda(at::TensorIteratorBase &)::[lambda() (instance 2)]::operator ()() const::[lambda() (instance 2)]::operator ()() const::[lambda(float) (instance 1)], std::array<char *, (unsigned long)2>>(int, T2, T3)"
:model.layers.13.self_attn.k_norm,PushPop,4239,4239,1,1,20928,20928.0,20928.0,20928,20928,0.0,"void at::native::vectorized_elementwise_kernel<(int)4, void at::native::<unnamed>::pow_tensor_scalar_kernel_impl<float, float>(at::TensorIteratorBase &, T2)::[lambda(float) (instance 1)], std::array<char *, (unsigned long)2>>(int, T2, T3)"
:model.layers.13.self_attn.k_norm,PushPop,4239,4239,1,1,20032,20032.0,20032.0,20032,20032,0.0,"void at::native::elementwise_kernel<(int)128, (int)2, void at::native::gpu_kernel_impl_nocast<at::native::BinaryFunctor<float, float, float, at::native::binary_internal::MulFunctor<float>>>(at::TensorIteratorBase &, const T1 &)::[lambda(int) (instance 1)]>(int, T3)"
:model.layers.13.self_attn.k_norm,PushPop,4239,4239,1,1,16416,16416.0,16416.0,16416,16416,0.0,"void at::native::unrolled_elementwise_kernel<at::native::direct_copy_kernel_cuda(at::TensorIteratorBase &)::[lambda() (instance 3)]::operator ()() const::[lambda() (instance 7)]::operator ()() const::[lambda(float) (instance 1)], std::array<char *, (unsigned long)2>, (int)4, TrivialOffsetCalculator<(int)1, unsigned int>, TrivialOffsetCalculator<(int)1, unsigned int>, at::native::memory::LoadWithCast<(int)1>, at::native::memory::StoreWithCast<(int)1>>(int, T1, T2, T4, T5, T6, T7)"
:model.layers.13.self_attn.k_norm,PushPop,4239,4239,1,1,14880,14880.0,14880.0,14880,14880,0.0,"void at::native::vectorized_elementwise_kernel<(int)4, at::native::bfloat16_copy_kernel_cuda(at::TensorIteratorBase &)::[lambda(float) (instance 1)], std::array<char *, (unsigned long)2>>(int, T2, T3)"
:model.layers.13.self_attn.k_norm,PushPop,4239,4239,1,1,14048,14048.0,14048.0,14048,14048,0.0,"void at::native::reduce_kernel<(int)512, (int)1, at::native::ReduceOp<float, at::native::MeanOps<float, float, float, float>, unsigned int, float, (int)4, (int)4>>(T3)"
:model.layers.13.self_attn.k_norm,PushPop,4239,4239,1,1,12448,12448.0,12448.0,12448,12448,0.0,"void at::native::elementwise_kernel<(int)128, (int)4, void at::native::gpu_kernel_impl_nocast<at::native::BinaryFunctor<c10::BFloat16, c10::BFloat16, c10::BFloat16, at::native::binary_internal::MulFunctor<float>>>(at::TensorIteratorBase &, const T1 &)::[lambda(int) (instance 1)]>(int, T3)"
:model.layers.13.self_attn.k_norm,PushPop,4239,4239,1,1,1504,1504.0,1504.0,1504,1504,0.0,"void at::native::vectorized_elementwise_kernel<(int)4, at::native::rsqrt_kernel_cuda(at::TensorIteratorBase &)::[lambda() (instance 2)]::operator ()() const::[lambda() (instance 2)]::operator ()() const::[lambda(float) (instance 1)], std::array<char *, (unsigned long)2>>(int, T2, T3)"
:model.layers.13.self_attn.k_norm,PushPop,4239,4239,1,1,1472,1472.0,1472.0,1472,1472,0.0,"void at::native::vectorized_elementwise_kernel<(int)4, at::native::CUDAFunctorOnSelf_add<float>, std::array<char *, (unsigned long)2>>(int, T2, T3)"
:model.layers.13.self_attn.k_proj,PushPop,4239,4239,1,1,74080,74080.0,74080.0,74080,74080,0.0,ampere_bf16_s16816gemm_bf16_256x128_ldg8_f2f_stages_32x3_tn
:model.layers.13.self_attn.o_proj,PushPop,4239,4239,1,1,123232,123232.0,123232.0,123232,123232,0.0,ampere_bf16_s1688gemm_bf16_128x128_ldg8_f2f_stages_32x1_tn
:model.layers.13.self_attn.q_norm,PushPop,4239,4239,1,1,40640,40640.0,40640.0,40640,40640,0.0,"void at::native::vectorized_elementwise_kernel<(int)4, void at::native::<unnamed>::pow_tensor_scalar_kernel_impl<float, float>(at::TensorIteratorBase &, T2)::[lambda(float) (instance 1)], std::array<char *, (unsigned long)2>>(int, T2, T3)"
:model.layers.13.self_attn.q_norm,PushPop,4239,4239,1,1,39457,39457.0,39457.0,39457,39457,0.0,"void at::native::elementwise_kernel<(int)128, (int)2, void at::native::gpu_kernel_impl_nocast<at::native::BinaryFunctor<float, float, float, at::native::binary_internal::MulFunctor<float>>>(at::TensorIteratorBase &, const T1 &)::[lambda(int) (instance 1)]>(int, T3)"
:model.layers.13.self_attn.q_norm,PushPop,4239,4239,1,1,33280,33280.0,33280.0,33280,33280,0.0,"void at::native::unrolled_elementwise_kernel<at::native::direct_copy_kernel_cuda(at::TensorIteratorBase &)::[lambda() (instance 3)]::operator ()() const::[lambda() (instance 7)]::operator ()() const::[lambda(float) (instance 1)], std::array<char *, (unsigned long)2>, (int)4, TrivialOffsetCalculator<(int)1, unsigned int>, TrivialOffsetCalculator<(int)1, unsigned int>, at::native::memory::LoadWithCast<(int)1>, at::native::memory::StoreWithCast<(int)1>>(int, T1, T2, T4, T5, T6, T7)"
:model.layers.13.self_attn.q_norm,PushPop,4239,4239,1,1,31840,31840.0,31840.0,31840,31840,0.0,"void at::native::vectorized_elementwise_kernel<(int)4, at::native::bfloat16_copy_kernel_cuda(at::TensorIteratorBase &)::[lambda(float) (instance 1)], std::array<char *, (unsigned long)2>>(int, T2, T3)"
:model.layers.13.self_attn.q_norm,PushPop,4239,4239,1,1,26496,26496.0,26496.0,26496,26496,0.0,"void at::native::reduce_kernel<(int)512, (int)1, at::native::ReduceOp<float, at::native::MeanOps<float, float, float, float>, unsigned int, float, (int)4, (int)4>>(T3)"
:model.layers.13.self_attn.q_norm,PushPop,4239,4239,1,1,23968,23968.0,23968.0,23968,23968,0.0,"void at::native::elementwise_kernel<(int)128, (int)4, void at::native::gpu_kernel_impl_nocast<at::native::BinaryFunctor<c10::BFloat16, c10::BFloat16, c10::BFloat16, at::native::binary_internal::MulFunctor<float>>>(at::TensorIteratorBase &, const T1 &)::[lambda(int) (instance 1)]>(int, T3)"
:model.layers.13.self_attn.q_norm,PushPop,4239,4239,1,1,1888,1888.0,1888.0,1888,1888,0.0,"void at::native::vectorized_elementwise_kernel<(int)4, at::native::CUDAFunctorOnSelf_add<float>, std::array<char *, (unsigned long)2>>(int, T2, T3)"
:model.layers.13.self_attn.q_norm,PushPop,4239,4239,1,1,1536,1536.0,1536.0,1536,1536,0.0,"void at::native::vectorized_elementwise_kernel<(int)4, at::native::rsqrt_kernel_cuda(at::TensorIteratorBase &)::[lambda() (instance 2)]::operator ()() const::[lambda() (instance 2)]::operator ()() const::[lambda(float) (instance 1)], std::array<char *, (unsigned long)2>>(int, T2, T3)"
:model.layers.13.self_attn.q_proj,PushPop,4239,4239,1,1,150689,150689.0,150689.0,150689,150689,0.0,void cutlass::Kernel2<cutlass_80_tensorop_bf16_s16816gemm_relu_bf16_256x128_32x3_tn_align8>(T1::Params)
:model.layers.13.self_attn.v_proj,PushPop,4239,4239,1,1,73921,73921.0,73921.0,73921,73921,0.0,ampere_bf16_s16816gemm_bf16_256x128_ldg8_f2f_stages_32x3_tn
:model.layers.14,PushPop,4239,4239,1,3,596450,198816.7,221793.0,150368,224289,41976.3,void cutlass::Kernel2<cutlass_80_tensorop_bf16_s16816gemm_relu_bf16_256x128_32x3_tn_align8>(T1::Params)
:model.layers.14,PushPop,4239,4239,1,1,318305,318305.0,318305.0,318305,318305,0.0,"void pytorch_flash::flash_fwd_kernel<Flash_fwd_kernel_traits<(int)128, (int)64, (int)64, (int)4, (bool)0, (bool)0, cutlass::bfloat16_t, Flash_kernel_traits<(int)128, (int)64, (int)64, (int)4, cutlass::bfloat16_t>>, (bool)0, (bool)1, (bool)0, (bool)0, (bool)1, (bool)1, (bool)0, (bool)0>(pytorch_flash::Flash_fwd_params)"
:model.layers.14,PushPop,4239,4239,1,2,303042,151521.0,151521.0,123137,179905,40141.0,ampere_bf16_s1688gemm_bf16_128x128_ldg8_f2f_stages_32x1_tn
:model.layers.14,PushPop,4239,4239,1,2,148160,74080.0,74080.0,74016,74144,90.5,ampere_bf16_s16816gemm_bf16_256x128_ldg8_f2f_stages_32x3_tn
:model.layers.14,PushPop,4239,4239,1,8,140001,17500.1,13696.5,12832,25088,5793.0,"void at::native::elementwise_kernel<(int)128, (int)4, void at::native::gpu_kernel_impl_nocast<at::native::BinaryFunctor<c10::BFloat16, c10::BFloat16, c10::BFloat16, at::native::binary_internal::MulFunctor<float>>>(at::TensorIteratorBase &, const T1 &)::[lambda(int) (instance 1)]>(int, T3)"
:model.layers.14,PushPop,4239,4239,1,4,104320,26080.0,25088.0,18176,35968,7353.4,"void at::native::<unnamed>::CatArrayBatchedCopy<at::native::<unnamed>::OpaqueType<(unsigned int)2>, unsigned int, (int)4, (int)64, (int)64>(T1 *, at::native::<unnamed>::CatArrInputTensorMetadata<T1, T2, T4, T5>, at::native::<unnamed>::TensorSizeStride<T2, (unsigned int)4>, int, T2)"
:model.layers.14,PushPop,4239,4239,1,4,103425,25856.3,20656.0,20576,41537,10453.9,"void at::native::vectorized_elementwise_kernel<(int)4, void at::native::<unnamed>::pow_tensor_scalar_kernel_impl<float, float>(at::TensorIteratorBase &, T2)::[lambda(float) (instance 1)], std::array<char *, (unsigned long)2>>(int, T2, T3)"
:model.layers.14,PushPop,4239,4239,1,4,99680,24920.0,20432.0,20256,38560,9094.5,"void at::native::elementwise_kernel<(int)128, (int)2, void at::native::gpu_kernel_impl_nocast<at::native::BinaryFunctor<float, float, float, at::native::binary_internal::MulFunctor<float>>>(at::TensorIteratorBase &, const T1 &)::[lambda(int) (instance 1)]>(int, T3)"
:model.layers.14,PushPop,4239,4239,1,4,84192,21048.0,17312.0,16736,32832,7860.9,"void at::native::unrolled_elementwise_kernel<at::native::direct_copy_kernel_cuda(at::TensorIteratorBase &)::[lambda() (instance 3)]::operator ()() const::[lambda() (instance 7)]::operator ()() const::[lambda(float) (instance 1)], std::array<char *, (unsigned long)2>, (int)4, TrivialOffsetCalculator<(int)1, unsigned int>, TrivialOffsetCalculator<(int)1, unsigned int>, at::native::memory::LoadWithCast<(int)1>, at::native::memory::StoreWithCast<(int)1>>(int, T1, T2, T4, T5, T6, T7)"
:model.layers.14,PushPop,4239,4239,1,4,75584,18896.0,14912.0,14432,31328,8291.7,"void at::native::vectorized_elementwise_kernel<(int)4, at::native::bfloat16_copy_kernel_cuda(at::TensorIteratorBase &)::[lambda(float) (instance 1)], std::array<char *, (unsigned long)2>>(int, T2, T3)"
:model.layers.14,PushPop,4239,4239,1,4,62530,15632.5,12512.5,10785,26720,7541.5,"void at::native::reduce_kernel<(int)512, (int)1, at::native::ReduceOp<float, at::native::MeanOps<float, float, float, float>, unsigned int, float, (int)4, (int)4>>(T3)"
:model.layers.14,PushPop,4239,4239,1,2,49664,24832.0,24832.0,17440,32224,10453.9,"void at::native::elementwise_kernel<(int)128, (int)4, void at::native::gpu_kernel_impl_nocast<at::native::CUDAFunctor_add<c10::BFloat16>>(at::TensorIteratorBase &, const T1 &)::[lambda(int) (instance 1)]>(int, T3)"
:model.layers.14,PushPop,4239,4239,1,1,46080,46080.0,46080.0,46080,46080,0.0,"void at::native::vectorized_elementwise_kernel<(int)4, at::native::BinaryFunctor<c10::BFloat16, c10::BFloat16, c10::BFloat16, at::native::binary_internal::MulFunctor<float>>, std::array<char *, (unsigned long)3>>(int, T2, T3)"
:model.layers.14,PushPop,4239,4239,1,1,31808,31808.0,31808.0,31808,31808,0.0,"void at::native::vectorized_elementwise_kernel<(int)4, at::native::<unnamed>::silu_kernel(at::TensorIteratorBase &)::[lambda() (instance 1)]::operator ()() const::[lambda() (instance 6)]::operator ()() const::[lambda(c10::BFloat16) (instance 1)], std::array<char *, (unsigned long)2>>(int, T2, T3)"
:model.layers.14,PushPop,4239,4239,1,2,27104,13552.0,13552.0,13152,13952,565.7,"void at::native::vectorized_elementwise_kernel<(int)4, at::native::CUDAFunctor_add<c10::BFloat16>, std::array<char *, (unsigned long)3>>(int, T2, T3)"
:model.layers.14,PushPop,4239,4239,1,2,20640,10320.0,10320.0,7040,13600,4638.6,"void at::native::elementwise_kernel<(int)128, (int)4, void at::native::gpu_kernel_impl_nocast<at::native::neg_kernel_cuda(at::TensorIteratorBase &)::[lambda() (instance 2)]::operator ()() const::[lambda() (instance 9)]::operator ()() const::[lambda(c10::BFloat16) (instance 1)]>(at::TensorIteratorBase &, const T1 &)::[lambda(int) (instance 1)]>(int, T3)"
:model.layers.14,PushPop,4239,4239,1,4,6368,1592.0,1504.0,1408,1952,249.8,"void at::native::vectorized_elementwise_kernel<(int)4, at::native::CUDAFunctorOnSelf_add<float>, std::array<char *, (unsigned long)2>>(int, T2, T3)"
:model.layers.14,PushPop,4239,4239,1,4,5888,1472.0,1472.0,1440,1504,26.1,"void at::native::vectorized_elementwise_kernel<(int)4, at::native::rsqrt_kernel_cuda(at::TensorIteratorBase &)::[lambda() (instance 2)]::operator ()() const::[lambda() (instance 2)]::operator ()() const::[lambda(float) (instance 1)], std::array<char *, (unsigned long)2>>(int, T2, T3)"
:model.layers.14.input_layernorm,PushPop,4239,4239,1,1,20576,20576.0,20576.0,20576,20576,0.0,"void at::native::vectorized_elementwise_kernel<(int)4, void at::native::<unnamed>::pow_tensor_scalar_kernel_impl<float, float>(at::TensorIteratorBase &, T2)::[lambda(float) (instance 1)], std::array<char *, (unsigned long)2>>(int, T2, T3)"
:model.layers.14.input_layernorm,PushPop,4239,4239,1,1,20288,20288.0,20288.0,20288,20288,0.0,"void at::native::elementwise_kernel<(int)128, (int)2, void at::native::gpu_kernel_impl_nocast<at::native::BinaryFunctor<float, float, float, at::native::binary_internal::MulFunctor<float>>>(at::TensorIteratorBase &, const T1 &)::[lambda(int) (instance 1)]>(int, T3)"
:model.layers.14.input_layernorm,PushPop,4239,4239,1,1,17376,17376.0,17376.0,17376,17376,0.0,"void at::native::unrolled_elementwise_kernel<at::native::direct_copy_kernel_cuda(at::TensorIteratorBase &)::[lambda() (instance 3)]::operator ()() const::[lambda() (instance 7)]::operator ()() const::[lambda(float) (instance 1)], std::array<char *, (unsigned long)2>, (int)4, TrivialOffsetCalculator<(int)1, unsigned int>, TrivialOffsetCalculator<(int)1, unsigned int>, at::native::memory::LoadWithCast<(int)1>, at::native::memory::StoreWithCast<(int)1>>(int, T1, T2, T4, T5, T6, T7)"
:model.layers.14.input_layernorm,PushPop,4239,4239,1,1,15040,15040.0,15040.0,15040,15040,0.0,"void at::native::vectorized_elementwise_kernel<(int)4, at::native::bfloat16_copy_kernel_cuda(at::TensorIteratorBase &)::[lambda(float) (instance 1)], std::array<char *, (unsigned long)2>>(int, T2, T3)"
:model.layers.14.input_layernorm,PushPop,4239,4239,1,1,13152,13152.0,13152.0,13152,13152,0.0,"void at::native::elementwise_kernel<(int)128, (int)4, void at::native::gpu_kernel_impl_nocast<at::native::BinaryFunctor<c10::BFloat16, c10::BFloat16, c10::BFloat16, at::native::binary_internal::MulFunctor<float>>>(at::TensorIteratorBase &, const T1 &)::[lambda(int) (instance 1)]>(int, T3)"
:model.layers.14.input_layernorm,PushPop,4239,4239,1,1,10785,10785.0,10785.0,10785,10785,0.0,"void at::native::reduce_kernel<(int)512, (int)1, at::native::ReduceOp<float, at::native::MeanOps<float, float, float, float>, unsigned int, float, (int)4, (int)4>>(T3)"
:model.layers.14.input_layernorm,PushPop,4239,4239,1,1,1568,1568.0,1568.0,1568,1568,0.0,"void at::native::vectorized_elementwise_kernel<(int)4, at::native::CUDAFunctorOnSelf_add<float>, std::array<char *, (unsigned long)2>>(int, T2, T3)"
:model.layers.14.input_layernorm,PushPop,4239,4239,1,1,1472,1472.0,1472.0,1472,1472,0.0,"void at::native::vectorized_elementwise_kernel<(int)4, at::native::rsqrt_kernel_cuda(at::TensorIteratorBase &)::[lambda() (instance 2)]::operator ()() const::[lambda() (instance 2)]::operator ()() const::[lambda(float) (instance 1)], std::array<char *, (unsigned long)2>>(int, T2, T3)"
:model.layers.14.mlp.act_fn,PushPop,4239,4239,1,1,31808,31808.0,31808.0,31808,31808,0.0,"void at::native::vectorized_elementwise_kernel<(int)4, at::native::<unnamed>::silu_kernel(at::TensorIteratorBase &)::[lambda() (instance 1)]::operator ()() const::[lambda() (instance 6)]::operator ()() const::[lambda(c10::BFloat16) (instance 1)], std::array<char *, (unsigned long)2>>(int, T2, T3)"
:model.layers.14.mlp.down_proj,PushPop,4239,4239,1,1,179905,179905.0,179905.0,179905,179905,0.0,ampere_bf16_s1688gemm_bf16_128x128_ldg8_f2f_stages_32x1_tn
:model.layers.14.mlp.gate_proj,PushPop,4239,4239,1,1,224289,224289.0,224289.0,224289,224289,0.0,void cutlass::Kernel2<cutlass_80_tensorop_bf16_s16816gemm_relu_bf16_256x128_32x3_tn_align8>(T1::Params)
:model.layers.14.mlp.up_proj,PushPop,4239,4239,1,1,221793,221793.0,221793.0,221793,221793,0.0,void cutlass::Kernel2<cutlass_80_tensorop_bf16_s16816gemm_relu_bf16_256x128_32x3_tn_align8>(T1::Params)
:model.layers.14.post_attention_layernorm,PushPop,4239,4239,1,1,20640,20640.0,20640.0,20640,20640,0.0,"void at::native::vectorized_elementwise_kernel<(int)4, void at::native::<unnamed>::pow_tensor_scalar_kernel_impl<float, float>(at::TensorIteratorBase &, T2)::[lambda(float) (instance 1)], std::array<char *, (unsigned long)2>>(int, T2, T3)"
:model.layers.14.post_attention_layernorm,PushPop,4239,4239,1,1,20576,20576.0,20576.0,20576,20576,0.0,"void at::native::elementwise_kernel<(int)128, (int)2, void at::native::gpu_kernel_impl_nocast<at::native::BinaryFunctor<float, float, float, at::native::binary_internal::MulFunctor<float>>>(at::TensorIteratorBase &, const T1 &)::[lambda(int) (instance 1)]>(int, T3)"
:model.layers.14.post_attention_layernorm,PushPop,4239,4239,1,1,17248,17248.0,17248.0,17248,17248,0.0,"void at::native::unrolled_elementwise_kernel<at::native::direct_copy_kernel_cuda(at::TensorIteratorBase &)::[lambda() (instance 3)]::operator ()() const::[lambda() (instance 7)]::operator ()() const::[lambda(float) (instance 1)], std::array<char *, (unsigned long)2>, (int)4, TrivialOffsetCalculator<(int)1, unsigned int>, TrivialOffsetCalculator<(int)1, unsigned int>, at::native::memory::LoadWithCast<(int)1>, at::native::memory::StoreWithCast<(int)1>>(int, T1, T2, T4, T5, T6, T7)"
:model.layers.14.post_attention_layernorm,PushPop,4239,4239,1,1,14784,14784.0,14784.0,14784,14784,0.0,"void at::native::vectorized_elementwise_kernel<(int)4, at::native::bfloat16_copy_kernel_cuda(at::TensorIteratorBase &)::[lambda(float) (instance 1)], std::array<char *, (unsigned long)2>>(int, T2, T3)"
:model.layers.14.post_attention_layernorm,PushPop,4239,4239,1,1,13216,13216.0,13216.0,13216,13216,0.0,"void at::native::elementwise_kernel<(int)128, (int)4, void at::native::gpu_kernel_impl_nocast<at::native::BinaryFunctor<c10::BFloat16, c10::BFloat16, c10::BFloat16, at::native::binary_internal::MulFunctor<float>>>(at::TensorIteratorBase &, const T1 &)::[lambda(int) (instance 1)]>(int, T3)"
:model.layers.14.post_attention_layernorm,PushPop,4239,4239,1,1,10976,10976.0,10976.0,10976,10976,0.0,"void at::native::reduce_kernel<(int)512, (int)1, at::native::ReduceOp<float, at::native::MeanOps<float, float, float, float>, unsigned int, float, (int)4, (int)4>>(T3)"
:model.layers.14.post_attention_layernorm,PushPop,4239,4239,1,1,1472,1472.0,1472.0,1472,1472,0.0,"void at::native::vectorized_elementwise_kernel<(int)4, at::native::rsqrt_kernel_cuda(at::TensorIteratorBase &)::[lambda() (instance 2)]::operator ()() const::[lambda() (instance 2)]::operator ()() const::[lambda(float) (instance 1)], std::array<char *, (unsigned long)2>>(int, T2, T3)"
:model.layers.14.post_attention_layernorm,PushPop,4239,4239,1,1,1440,1440.0,1440.0,1440,1440,0.0,"void at::native::vectorized_elementwise_kernel<(int)4, at::native::CUDAFunctorOnSelf_add<float>, std::array<char *, (unsigned long)2>>(int, T2, T3)"
:model.layers.14.self_attn.k_norm,PushPop,4239,4239,1,1,20672,20672.0,20672.0,20672,20672,0.0,"void at::native::vectorized_elementwise_kernel<(int)4, void at::native::<unnamed>::pow_tensor_scalar_kernel_impl<float, float>(at::TensorIteratorBase &, T2)::[lambda(float) (instance 1)], std::array<char *, (unsigned long)2>>(int, T2, T3)"
:model.layers.14.self_attn.k_norm,PushPop,4239,4239,1,1,20256,20256.0,20256.0,20256,20256,0.0,"void at::native::elementwise_kernel<(int)128, (int)2, void at::native::gpu_kernel_impl_nocast<at::native::BinaryFunctor<float, float, float, at::native::binary_internal::MulFunctor<float>>>(at::TensorIteratorBase &, const T1 &)::[lambda(int) (instance 1)]>(int, T3)"
:model.layers.14.self_attn.k_norm,PushPop,4239,4239,1,1,16736,16736.0,16736.0,16736,16736,0.0,"void at::native::unrolled_elementwise_kernel<at::native::direct_copy_kernel_cuda(at::TensorIteratorBase &)::[lambda() (instance 3)]::operator ()() const::[lambda() (instance 7)]::operator ()() const::[lambda(float) (instance 1)], std::array<char *, (unsigned long)2>, (int)4, TrivialOffsetCalculator<(int)1, unsigned int>, TrivialOffsetCalculator<(int)1, unsigned int>, at::native::memory::LoadWithCast<(int)1>, at::native::memory::StoreWithCast<(int)1>>(int, T1, T2, T4, T5, T6, T7)"
:model.layers.14.self_attn.k_norm,PushPop,4239,4239,1,1,14432,14432.0,14432.0,14432,14432,0.0,"void at::native::vectorized_elementwise_kernel<(int)4, at::native::bfloat16_copy_kernel_cuda(at::TensorIteratorBase &)::[lambda(float) (instance 1)], std::array<char *, (unsigned long)2>>(int, T2, T3)"
:model.layers.14.self_attn.k_norm,PushPop,4239,4239,1,1,14049,14049.0,14049.0,14049,14049,0.0,"void at::native::reduce_kernel<(int)512, (int)1, at::native::ReduceOp<float, at::native::MeanOps<float, float, float, float>, unsigned int, float, (int)4, (int)4>>(T3)"
:model.layers.14.self_attn.k_norm,PushPop,4239,4239,1,1,12832,12832.0,12832.0,12832,12832,0.0,"void at::native::elementwise_kernel<(int)128, (int)4, void at::native::gpu_kernel_impl_nocast<at::native::BinaryFunctor<c10::BFloat16, c10::BFloat16, c10::BFloat16, at::native::binary_internal::MulFunctor<float>>>(at::TensorIteratorBase &, const T1 &)::[lambda(int) (instance 1)]>(int, T3)"
:model.layers.14.self_attn.k_norm,PushPop,4239,4239,1,1,1440,1440.0,1440.0,1440,1440,0.0,"void at::native::vectorized_elementwise_kernel<(int)4, at::native::rsqrt_kernel_cuda(at::TensorIteratorBase &)::[lambda() (instance 2)]::operator ()() const::[lambda() (instance 2)]::operator ()() const::[lambda(float) (instance 1)], std::array<char *, (unsigned long)2>>(int, T2, T3)"
:model.layers.14.self_attn.k_norm,PushPop,4239,4239,1,1,1408,1408.0,1408.0,1408,1408,0.0,"void at::native::vectorized_elementwise_kernel<(int)4, at::native::CUDAFunctorOnSelf_add<float>, std::array<char *, (unsigned long)2>>(int, T2, T3)"
:model.layers.14.self_attn.k_proj,PushPop,4239,4239,1,1,74144,74144.0,74144.0,74144,74144,0.0,ampere_bf16_s16816gemm_bf16_256x128_ldg8_f2f_stages_32x3_tn
:model.layers.14.self_attn.o_proj,PushPop,4239,4239,1,1,123137,123137.0,123137.0,123137,123137,0.0,ampere_bf16_s1688gemm_bf16_128x128_ldg8_f2f_stages_32x1_tn
:model.layers.14.self_attn.q_norm,PushPop,4239,4239,1,1,41537,41537.0,41537.0,41537,41537,0.0,"void at::native::vectorized_elementwise_kernel<(int)4, void at::native::<unnamed>::pow_tensor_scalar_kernel_impl<float, float>(at::TensorIteratorBase &, T2)::[lambda(float) (instance 1)], std::array<char *, (unsigned long)2>>(int, T2, T3)"
:model.layers.14.self_attn.q_norm,PushPop,4239,4239,1,1,38560,38560.0,38560.0,38560,38560,0.0,"void at::native::elementwise_kernel<(int)128, (int)2, void at::native::gpu_kernel_impl_nocast<at::native::BinaryFunctor<float, float, float, at::native::binary_internal::MulFunctor<float>>>(at::TensorIteratorBase &, const T1 &)::[lambda(int) (instance 1)]>(int, T3)"
:model.layers.14.self_attn.q_norm,PushPop,4239,4239,1,1,32832,32832.0,32832.0,32832,32832,0.0,"void at::native::unrolled_elementwise_kernel<at::native::direct_copy_kernel_cuda(at::TensorIteratorBase &)::[lambda() (instance 3)]::operator ()() const::[lambda() (instance 7)]::operator ()() const::[lambda(float) (instance 1)], std::array<char *, (unsigned long)2>, (int)4, TrivialOffsetCalculator<(int)1, unsigned int>, TrivialOffsetCalculator<(int)1, unsigned int>, at::native::memory::LoadWithCast<(int)1>, at::native::memory::StoreWithCast<(int)1>>(int, T1, T2, T4, T5, T6, T7)"
:model.layers.14.self_attn.q_norm,PushPop,4239,4239,1,1,31328,31328.0,31328.0,31328,31328,0.0,"void at::native::vectorized_elementwise_kernel<(int)4, at::native::bfloat16_copy_kernel_cuda(at::TensorIteratorBase &)::[lambda(float) (instance 1)], std::array<char *, (unsigned long)2>>(int, T2, T3)"
:model.layers.14.self_attn.q_norm,PushPop,4239,4239,1,1,26720,26720.0,26720.0,26720,26720,0.0,"void at::native::reduce_kernel<(int)512, (int)1, at::native::ReduceOp<float, at::native::MeanOps<float, float, float, float>, unsigned int, float, (int)4, (int)4>>(T3)"
:model.layers.14.self_attn.q_norm,PushPop,4239,4239,1,1,23776,23776.0,23776.0,23776,23776,0.0,"void at::native::elementwise_kernel<(int)128, (int)4, void at::native::gpu_kernel_impl_nocast<at::native::BinaryFunctor<c10::BFloat16, c10::BFloat16, c10::BFloat16, at::native::binary_internal::MulFunctor<float>>>(at::TensorIteratorBase &, const T1 &)::[lambda(int) (instance 1)]>(int, T3)"
:model.layers.14.self_attn.q_norm,PushPop,4239,4239,1,1,1952,1952.0,1952.0,1952,1952,0.0,"void at::native::vectorized_elementwise_kernel<(int)4, at::native::CUDAFunctorOnSelf_add<float>, std::array<char *, (unsigned long)2>>(int, T2, T3)"
:model.layers.14.self_attn.q_norm,PushPop,4239,4239,1,1,1504,1504.0,1504.0,1504,1504,0.0,"void at::native::vectorized_elementwise_kernel<(int)4, at::native::rsqrt_kernel_cuda(at::TensorIteratorBase &)::[lambda() (instance 2)]::operator ()() const::[lambda() (instance 2)]::operator ()() const::[lambda(float) (instance 1)], std::array<char *, (unsigned long)2>>(int, T2, T3)"
:model.layers.14.self_attn.q_proj,PushPop,4239,4239,1,1,150368,150368.0,150368.0,150368,150368,0.0,void cutlass::Kernel2<cutlass_80_tensorop_bf16_s16816gemm_relu_bf16_256x128_32x3_tn_align8>(T1::Params)
:model.layers.14.self_attn.v_proj,PushPop,4239,4239,1,1,74016,74016.0,74016.0,74016,74016,0.0,ampere_bf16_s16816gemm_bf16_256x128_ldg8_f2f_stages_32x3_tn
:model.layers.15,PushPop,4239,4239,1,3,595715,198571.7,221249.0,150337,224129,41797.3,void cutlass::Kernel2<cutlass_80_tensorop_bf16_s16816gemm_relu_bf16_256x128_32x3_tn_align8>(T1::Params)
:model.layers.15,PushPop,4239,4239,1,1,312865,312865.0,312865.0,312865,312865,0.0,"void pytorch_flash::flash_fwd_kernel<Flash_fwd_kernel_traits<(int)128, (int)64, (int)64, (int)4, (bool)0, (bool)0, cutlass::bfloat16_t, Flash_kernel_traits<(int)128, (int)64, (int)64, (int)4, cutlass::bfloat16_t>>, (bool)0, (bool)1, (bool)0, (bool)0, (bool)1, (bool)1, (bool)0, (bool)0>(pytorch_flash::Flash_fwd_params)"
:model.layers.15,PushPop,4239,4239,1,2,302818,151409.0,151409.0,123105,179713,40027.9,ampere_bf16_s1688gemm_bf16_128x128_ldg8_f2f_stages_32x1_tn
:model.layers.15,PushPop,4239,4239,1,2,147969,73984.5,73984.5,73920,74049,91.2,ampere_bf16_s16816gemm_bf16_256x128_ldg8_f2f_stages_32x3_tn
:model.layers.15,PushPop,4239,4239,1,8,139744,17468.0,13680.0,12832,25472,5895.7,"void at::native::elementwise_kernel<(int)128, (int)4, void at::native::gpu_kernel_impl_nocast<at::native::BinaryFunctor<c10::BFloat16, c10::BFloat16, c10::BFloat16, at::native::binary_internal::MulFunctor<float>>>(at::TensorIteratorBase &, const T1 &)::[lambda(int) (instance 1)]>(int, T3)"
:model.layers.15,PushPop,4239,4239,1,4,103905,25976.3,24912.0,18240,35841,7290.2,"void at::native::<unnamed>::CatArrayBatchedCopy<at::native::<unnamed>::OpaqueType<(unsigned int)2>, unsigned int, (int)4, (int)64, (int)64>(T1 *, at::native::<unnamed>::CatArrInputTensorMetadata<T1, T2, T4, T5>, at::native::<unnamed>::TensorSizeStride<T2, (unsigned int)4>, int, T2)"
:model.layers.15,PushPop,4239,4239,1,4,103456,25864.0,21008.0,20544,40896,10025.6,"void at::native::vectorized_elementwise_kernel<(int)4, void at::native::<unnamed>::pow_tensor_scalar_kernel_impl<float, float>(at::TensorIteratorBase &, T2)::[lambda(float) (instance 1)], std::array<char *, (unsigned long)2>>(int, T2, T3)"
:model.layers.15,PushPop,4239,4239,1,4,100128,25032.0,20528.0,20416,38656,9082.8,"void at::native::elementwise_kernel<(int)128, (int)2, void at::native::gpu_kernel_impl_nocast<at::native::BinaryFunctor<float, float, float, at::native::binary_internal::MulFunctor<float>>>(at::TensorIteratorBase &, const T1 &)::[lambda(int) (instance 1)]>(int, T3)"
:model.layers.15,PushPop,4239,4239,1,4,84032,21008.0,17248.0,16480,33056,8040.2,"void at::native::unrolled_elementwise_kernel<at::native::direct_copy_kernel_cuda(at::TensorIteratorBase &)::[lambda() (instance 3)]::operator ()() const::[lambda() (instance 7)]::operator ()() const::[lambda(float) (instance 1)], std::array<char *, (unsigned long)2>, (int)4, TrivialOffsetCalculator<(int)1, unsigned int>, TrivialOffsetCalculator<(int)1, unsigned int>, at::native::memory::LoadWithCast<(int)1>, at::native::memory::StoreWithCast<(int)1>>(int, T1, T2, T4, T5, T6, T7)"
:model.layers.15,PushPop,4239,4239,1,4,75616,18904.0,14656.0,14432,31872,8647.0,"void at::native::vectorized_elementwise_kernel<(int)4, at::native::bfloat16_copy_kernel_cuda(at::TensorIteratorBase &)::[lambda(float) (instance 1)], std::array<char *, (unsigned long)2>>(int, T2, T3)"
:model.layers.15,PushPop,4239,4239,1,4,62240,15560.0,12464.0,10560,26752,7616.9,"void at::native::reduce_kernel<(int)512, (int)1, at::native::ReduceOp<float, at::native::MeanOps<float, float, float, float>, unsigned int, float, (int)4, (int)4>>(T3)"
:model.layers.15,PushPop,4239,4239,1,2,50016,25008.0,25008.0,17408,32608,10748.0,"void at::native::elementwise_kernel<(int)128, (int)4, void at::native::gpu_kernel_impl_nocast<at::native::CUDAFunctor_add<c10::BFloat16>>(at::TensorIteratorBase &, const T1 &)::[lambda(int) (instance 1)]>(int, T3)"
:model.layers.15,PushPop,4239,4239,1,1,46112,46112.0,46112.0,46112,46112,0.0,"void at::native::vectorized_elementwise_kernel<(int)4, at::native::BinaryFunctor<c10::BFloat16, c10::BFloat16, c10::BFloat16, at::native::binary_internal::MulFunctor<float>>, std::array<char *, (unsigned long)3>>(int, T2, T3)"
:model.layers.15,PushPop,4239,4239,1,1,31232,31232.0,31232.0,31232,31232,0.0,"void at::native::vectorized_elementwise_kernel<(int)4, at::native::<unnamed>::silu_kernel(at::TensorIteratorBase &)::[lambda() (instance 1)]::operator ()() const::[lambda() (instance 6)]::operator ()() const::[lambda(c10::BFloat16) (instance 1)], std::array<char *, (unsigned long)2>>(int, T2, T3)"
:model.layers.15,PushPop,4239,4239,1,2,28192,14096.0,14096.0,13824,14368,384.7,"void at::native::vectorized_elementwise_kernel<(int)4, at::native::CUDAFunctor_add<c10::BFloat16>, std::array<char *, (unsigned long)3>>(int, T2, T3)"
:model.layers.15,PushPop,4239,4239,1,2,20672,10336.0,10336.0,7136,13536,4525.5,"void at::native::elementwise_kernel<(int)128, (int)4, void at::native::gpu_kernel_impl_nocast<at::native::neg_kernel_cuda(at::TensorIteratorBase &)::[lambda() (instance 2)]::operator ()() const::[lambda() (instance 9)]::operator ()() const::[lambda(c10::BFloat16) (instance 1)]>(at::TensorIteratorBase &, const T1 &)::[lambda(int) (instance 1)]>(int, T3)"
:model.layers.15,PushPop,4239,4239,1,4,6400,1600.0,1584.0,1440,1792,145.5,"void at::native::vectorized_elementwise_kernel<(int)4, at::native::CUDAFunctorOnSelf_add<float>, std::array<char *, (unsigned long)2>>(int, T2, T3)"
:model.layers.15,PushPop,4239,4239,1,4,5920,1480.0,1472.0,1472,1504,16.0,"void at::native::vectorized_elementwise_kernel<(int)4, at::native::rsqrt_kernel_cuda(at::TensorIteratorBase &)::[lambda() (instance 2)]::operator ()() const::[lambda() (instance 2)]::operator ()() const::[lambda(float) (instance 1)], std::array<char *, (unsigned long)2>>(int, T2, T3)"
:model.layers.15.input_layernorm,PushPop,4239,4239,1,1,21248,21248.0,21248.0,21248,21248,0.0,"void at::native::vectorized_elementwise_kernel<(int)4, void at::native::<unnamed>::pow_tensor_scalar_kernel_impl<float, float>(at::TensorIteratorBase &, T2)::[lambda(float) (instance 1)], std::array<char *, (unsigned long)2>>(int, T2, T3)"
:model.layers.15.input_layernorm,PushPop,4239,4239,1,1,20544,20544.0,20544.0,20544,20544,0.0,"void at::native::elementwise_kernel<(int)128, (int)2, void at::native::gpu_kernel_impl_nocast<at::native::BinaryFunctor<float, float, float, at::native::binary_internal::MulFunctor<float>>>(at::TensorIteratorBase &, const T1 &)::[lambda(int) (instance 1)]>(int, T3)"
:model.layers.15.input_layernorm,PushPop,4239,4239,1,1,17216,17216.0,17216.0,17216,17216,0.0,"void at::native::unrolled_elementwise_kernel<at::native::direct_copy_kernel_cuda(at::TensorIteratorBase &)::[lambda() (instance 3)]::operator ()() const::[lambda() (instance 7)]::operator ()() const::[lambda(float) (instance 1)], std::array<char *, (unsigned long)2>, (int)4, TrivialOffsetCalculator<(int)1, unsigned int>, TrivialOffsetCalculator<(int)1, unsigned int>, at::native::memory::LoadWithCast<(int)1>, at::native::memory::StoreWithCast<(int)1>>(int, T1, T2, T4, T5, T6, T7)"
:model.layers.15.input_layernorm,PushPop,4239,4239,1,1,14816,14816.0,14816.0,14816,14816,0.0,"void at::native::vectorized_elementwise_kernel<(int)4, at::native::bfloat16_copy_kernel_cuda(at::TensorIteratorBase &)::[lambda(float) (instance 1)], std::array<char *, (unsigned long)2>>(int, T2, T3)"
:model.layers.15.input_layernorm,PushPop,4239,4239,1,1,12832,12832.0,12832.0,12832,12832,0.0,"void at::native::elementwise_kernel<(int)128, (int)4, void at::native::gpu_kernel_impl_nocast<at::native::BinaryFunctor<c10::BFloat16, c10::BFloat16, c10::BFloat16, at::native::binary_internal::MulFunctor<float>>>(at::TensorIteratorBase &, const T1 &)::[lambda(int) (instance 1)]>(int, T3)"
:model.layers.15.input_layernorm,PushPop,4239,4239,1,1,10560,10560.0,10560.0,10560,10560,0.0,"void at::native::reduce_kernel<(int)512, (int)1, at::native::ReduceOp<float, at::native::MeanOps<float, float, float, float>, unsigned int, float, (int)4, (int)4>>(T3)"
:model.layers.15.input_layernorm,PushPop,4239,4239,1,1,1472,1472.0,1472.0,1472,1472,0.0,"void at::native::vectorized_elementwise_kernel<(int)4, at::native::rsqrt_kernel_cuda(at::TensorIteratorBase &)::[lambda() (instance 2)]::operator ()() const::[lambda() (instance 2)]::operator ()() const::[lambda(float) (instance 1)], std::array<char *, (unsigned long)2>>(int, T2, T3)"
:model.layers.15.input_layernorm,PushPop,4239,4239,1,1,1440,1440.0,1440.0,1440,1440,0.0,"void at::native::vectorized_elementwise_kernel<(int)4, at::native::CUDAFunctorOnSelf_add<float>, std::array<char *, (unsigned long)2>>(int, T2, T3)"
:model.layers.15.mlp.act_fn,PushPop,4239,4239,1,1,31232,31232.0,31232.0,31232,31232,0.0,"void at::native::vectorized_elementwise_kernel<(int)4, at::native::<unnamed>::silu_kernel(at::TensorIteratorBase &)::[lambda() (instance 1)]::operator ()() const::[lambda() (instance 6)]::operator ()() const::[lambda(c10::BFloat16) (instance 1)], std::array<char *, (unsigned long)2>>(int, T2, T3)"
:model.layers.15.mlp.down_proj,PushPop,4239,4239,1,1,179713,179713.0,179713.0,179713,179713,0.0,ampere_bf16_s1688gemm_bf16_128x128_ldg8_f2f_stages_32x1_tn
:model.layers.15.mlp.gate_proj,PushPop,4239,4239,1,1,224129,224129.0,224129.0,224129,224129,0.0,void cutlass::Kernel2<cutlass_80_tensorop_bf16_s16816gemm_relu_bf16_256x128_32x3_tn_align8>(T1::Params)
:model.layers.15.mlp.up_proj,PushPop,4239,4239,1,1,221249,221249.0,221249.0,221249,221249,0.0,void cutlass::Kernel2<cutlass_80_tensorop_bf16_s16816gemm_relu_bf16_256x128_32x3_tn_align8>(T1::Params)
:model.layers.15.post_attention_layernorm,PushPop,4239,4239,1,1,20768,20768.0,20768.0,20768,20768,0.0,"void at::native::vectorized_elementwise_kernel<(int)4, void at::native::<unnamed>::pow_tensor_scalar_kernel_impl<float, float>(at::TensorIteratorBase &, T2)::[lambda(float) (instance 1)], std::array<char *, (unsigned long)2>>(int, T2, T3)"
:model.layers.15.post_attention_layernorm,PushPop,4239,4239,1,1,20512,20512.0,20512.0,20512,20512,0.0,"void at::native::elementwise_kernel<(int)128, (int)2, void at::native::gpu_kernel_impl_nocast<at::native::BinaryFunctor<float, float, float, at::native::binary_internal::MulFunctor<float>>>(at::TensorIteratorBase &, const T1 &)::[lambda(int) (instance 1)]>(int, T3)"
:model.layers.15.post_attention_layernorm,PushPop,4239,4239,1,1,17280,17280.0,17280.0,17280,17280,0.0,"void at::native::unrolled_elementwise_kernel<at::native::direct_copy_kernel_cuda(at::TensorIteratorBase &)::[lambda() (instance 3)]::operator ()() const::[lambda() (instance 7)]::operator ()() const::[lambda(float) (instance 1)], std::array<char *, (unsigned long)2>, (int)4, TrivialOffsetCalculator<(int)1, unsigned int>, TrivialOffsetCalculator<(int)1, unsigned int>, at::native::memory::LoadWithCast<(int)1>, at::native::memory::StoreWithCast<(int)1>>(int, T1, T2, T4, T5, T6, T7)"
:model.layers.15.post_attention_layernorm,PushPop,4239,4239,1,1,14432,14432.0,14432.0,14432,14432,0.0,"void at::native::vectorized_elementwise_kernel<(int)4, at::native::bfloat16_copy_kernel_cuda(at::TensorIteratorBase &)::[lambda(float) (instance 1)], std::array<char *, (unsigned long)2>>(int, T2, T3)"
:model.layers.15.post_attention_layernorm,PushPop,4239,4239,1,1,12992,12992.0,12992.0,12992,12992,0.0,"void at::native::elementwise_kernel<(int)128, (int)4, void at::native::gpu_kernel_impl_nocast<at::native::BinaryFunctor<c10::BFloat16, c10::BFloat16, c10::BFloat16, at::native::binary_internal::MulFunctor<float>>>(at::TensorIteratorBase &, const T1 &)::[lambda(int) (instance 1)]>(int, T3)"
:model.layers.15.post_attention_layernorm,PushPop,4239,4239,1,1,10944,10944.0,10944.0,10944,10944,0.0,"void at::native::reduce_kernel<(int)512, (int)1, at::native::ReduceOp<float, at::native::MeanOps<float, float, float, float>, unsigned int, float, (int)4, (int)4>>(T3)"
:model.layers.15.post_attention_layernorm,PushPop,4239,4239,1,1,1568,1568.0,1568.0,1568,1568,0.0,"void at::native::vectorized_elementwise_kernel<(int)4, at::native::CUDAFunctorOnSelf_add<float>, std::array<char *, (unsigned long)2>>(int, T2, T3)"
:model.layers.15.post_attention_layernorm,PushPop,4239,4239,1,1,1472,1472.0,1472.0,1472,1472,0.0,"void at::native::vectorized_elementwise_kernel<(int)4, at::native::rsqrt_kernel_cuda(at::TensorIteratorBase &)::[lambda() (instance 2)]::operator ()() const::[lambda() (instance 2)]::operator ()() const::[lambda(float) (instance 1)], std::array<char *, (unsigned long)2>>(int, T2, T3)"
:model.layers.15.self_attn.k_norm,PushPop,4239,4239,1,1,20544,20544.0,20544.0,20544,20544,0.0,"void at::native::vectorized_elementwise_kernel<(int)4, void at::native::<unnamed>::pow_tensor_scalar_kernel_impl<float, float>(at::TensorIteratorBase &, T2)::[lambda(float) (instance 1)], std::array<char *, (unsigned long)2>>(int, T2, T3)"
:model.layers.15.self_attn.k_norm,PushPop,4239,4239,1,1,20416,20416.0,20416.0,20416,20416,0.0,"void at::native::elementwise_kernel<(int)128, (int)2, void at::native::gpu_kernel_impl_nocast<at::native::BinaryFunctor<float, float, float, at::native::binary_internal::MulFunctor<float>>>(at::TensorIteratorBase &, const T1 &)::[lambda(int) (instance 1)]>(int, T3)"
:model.layers.15.self_attn.k_norm,PushPop,4239,4239,1,1,16480,16480.0,16480.0,16480,16480,0.0,"void at::native::unrolled_elementwise_kernel<at::native::direct_copy_kernel_cuda(at::TensorIteratorBase &)::[lambda() (instance 3)]::operator ()() const::[lambda() (instance 7)]::operator ()() const::[lambda(float) (instance 1)], std::array<char *, (unsigned long)2>, (int)4, TrivialOffsetCalculator<(int)1, unsigned int>, TrivialOffsetCalculator<(int)1, unsigned int>, at::native::memory::LoadWithCast<(int)1>, at::native::memory::StoreWithCast<(int)1>>(int, T1, T2, T4, T5, T6, T7)"
:model.layers.15.self_attn.k_norm,PushPop,4239,4239,1,1,14496,14496.0,14496.0,14496,14496,0.0,"void at::native::vectorized_elementwise_kernel<(int)4, at::native::bfloat16_copy_kernel_cuda(at::TensorIteratorBase &)::[lambda(float) (instance 1)], std::array<char *, (unsigned long)2>>(int, T2, T3)"
:model.layers.15.self_attn.k_norm,PushPop,4239,4239,1,1,13984,13984.0,13984.0,13984,13984,0.0,"void at::native::reduce_kernel<(int)512, (int)1, at::native::ReduceOp<float, at::native::MeanOps<float, float, float, float>, unsigned int, float, (int)4, (int)4>>(T3)"
:model.layers.15.self_attn.k_norm,PushPop,4239,4239,1,1,12896,12896.0,12896.0,12896,12896,0.0,"void at::native::elementwise_kernel<(int)128, (int)4, void at::native::gpu_kernel_impl_nocast<at::native::BinaryFunctor<c10::BFloat16, c10::BFloat16, c10::BFloat16, at::native::binary_internal::MulFunctor<float>>>(at::TensorIteratorBase &, const T1 &)::[lambda(int) (instance 1)]>(int, T3)"
:model.layers.15.self_attn.k_norm,PushPop,4239,4239,1,1,1600,1600.0,1600.0,1600,1600,0.0,"void at::native::vectorized_elementwise_kernel<(int)4, at::native::CUDAFunctorOnSelf_add<float>, std::array<char *, (unsigned long)2>>(int, T2, T3)"
:model.layers.15.self_attn.k_norm,PushPop,4239,4239,1,1,1472,1472.0,1472.0,1472,1472,0.0,"void at::native::vectorized_elementwise_kernel<(int)4, at::native::rsqrt_kernel_cuda(at::TensorIteratorBase &)::[lambda() (instance 2)]::operator ()() const::[lambda() (instance 2)]::operator ()() const::[lambda(float) (instance 1)], std::array<char *, (unsigned long)2>>(int, T2, T3)"
:model.layers.15.self_attn.k_proj,PushPop,4239,4239,1,1,74049,74049.0,74049.0,74049,74049,0.0,ampere_bf16_s16816gemm_bf16_256x128_ldg8_f2f_stages_32x3_tn
:model.layers.15.self_attn.o_proj,PushPop,4239,4239,1,1,123105,123105.0,123105.0,123105,123105,0.0,ampere_bf16_s1688gemm_bf16_128x128_ldg8_f2f_stages_32x1_tn
:model.layers.15.self_attn.q_norm,PushPop,4239,4239,1,1,40896,40896.0,40896.0,40896,40896,0.0,"void at::native::vectorized_elementwise_kernel<(int)4, void at::native::<unnamed>::pow_tensor_scalar_kernel_impl<float, float>(at::TensorIteratorBase &, T2)::[lambda(float) (instance 1)], std::array<char *, (unsigned long)2>>(int, T2, T3)"
:model.layers.15.self_attn.q_norm,PushPop,4239,4239,1,1,38656,38656.0,38656.0,38656,38656,0.0,"void at::native::elementwise_kernel<(int)128, (int)2, void at::native::gpu_kernel_impl_nocast<at::native::BinaryFunctor<float, float, float, at::native::binary_internal::MulFunctor<float>>>(at::TensorIteratorBase &, const T1 &)::[lambda(int) (instance 1)]>(int, T3)"
:model.layers.15.self_attn.q_norm,PushPop,4239,4239,1,1,33056,33056.0,33056.0,33056,33056,0.0,"void at::native::unrolled_elementwise_kernel<at::native::direct_copy_kernel_cuda(at::TensorIteratorBase &)::[lambda() (instance 3)]::operator ()() const::[lambda() (instance 7)]::operator ()() const::[lambda(float) (instance 1)], std::array<char *, (unsigned long)2>, (int)4, TrivialOffsetCalculator<(int)1, unsigned int>, TrivialOffsetCalculator<(int)1, unsigned int>, at::native::memory::LoadWithCast<(int)1>, at::native::memory::StoreWithCast<(int)1>>(int, T1, T2, T4, T5, T6, T7)"
:model.layers.15.self_attn.q_norm,PushPop,4239,4239,1,1,31872,31872.0,31872.0,31872,31872,0.0,"void at::native::vectorized_elementwise_kernel<(int)4, at::native::bfloat16_copy_kernel_cuda(at::TensorIteratorBase &)::[lambda(float) (instance 1)], std::array<char *, (unsigned long)2>>(int, T2, T3)"
:model.layers.15.self_attn.q_norm,PushPop,4239,4239,1,1,26752,26752.0,26752.0,26752,26752,0.0,"void at::native::reduce_kernel<(int)512, (int)1, at::native::ReduceOp<float, at::native::MeanOps<float, float, float, float>, unsigned int, float, (int)4, (int)4>>(T3)"
:model.layers.15.self_attn.q_norm,PushPop,4239,4239,1,1,23904,23904.0,23904.0,23904,23904,0.0,"void at::native::elementwise_kernel<(int)128, (int)4, void at::native::gpu_kernel_impl_nocast<at::native::BinaryFunctor<c10::BFloat16, c10::BFloat16, c10::BFloat16, at::native::binary_internal::MulFunctor<float>>>(at::TensorIteratorBase &, const T1 &)::[lambda(int) (instance 1)]>(int, T3)"
:model.layers.15.self_attn.q_norm,PushPop,4239,4239,1,1,1792,1792.0,1792.0,1792,1792,0.0,"void at::native::vectorized_elementwise_kernel<(int)4, at::native::CUDAFunctorOnSelf_add<float>, std::array<char *, (unsigned long)2>>(int, T2, T3)"
:model.layers.15.self_attn.q_norm,PushPop,4239,4239,1,1,1504,1504.0,1504.0,1504,1504,0.0,"void at::native::vectorized_elementwise_kernel<(int)4, at::native::rsqrt_kernel_cuda(at::TensorIteratorBase &)::[lambda() (instance 2)]::operator ()() const::[lambda() (instance 2)]::operator ()() const::[lambda(float) (instance 1)], std::array<char *, (unsigned long)2>>(int, T2, T3)"
:model.layers.15.self_attn.q_proj,PushPop,4239,4239,1,1,150337,150337.0,150337.0,150337,150337,0.0,void cutlass::Kernel2<cutlass_80_tensorop_bf16_s16816gemm_relu_bf16_256x128_32x3_tn_align8>(T1::Params)
:model.layers.15.self_attn.v_proj,PushPop,4239,4239,1,1,73920,73920.0,73920.0,73920,73920,0.0,ampere_bf16_s16816gemm_bf16_256x128_ldg8_f2f_stages_32x3_tn
:model.layers.16,PushPop,4239,4239,1,3,596161,198720.3,221440.0,150401,224320,41870.5,void cutlass::Kernel2<cutlass_80_tensorop_bf16_s16816gemm_relu_bf16_256x128_32x3_tn_align8>(T1::Params)
:model.layers.16,PushPop,4239,4239,1,1,320097,320097.0,320097.0,320097,320097,0.0,"void pytorch_flash::flash_fwd_kernel<Flash_fwd_kernel_traits<(int)128, (int)64, (int)64, (int)4, (bool)0, (bool)0, cutlass::bfloat16_t, Flash_kernel_traits<(int)128, (int)64, (int)64, (int)4, cutlass::bfloat16_t>>, (bool)0, (bool)1, (bool)0, (bool)0, (bool)1, (bool)1, (bool)0, (bool)0>(pytorch_flash::Flash_fwd_params)"
:model.layers.16,PushPop,4239,4239,1,2,302912,151456.0,151456.0,122976,179936,40276.8,ampere_bf16_s1688gemm_bf16_128x128_ldg8_f2f_stages_32x1_tn
:model.layers.16,PushPop,4239,4239,1,2,147969,73984.5,73984.5,73984,73985,0.7,ampere_bf16_s16816gemm_bf16_256x128_ldg8_f2f_stages_32x3_tn
:model.layers.16,PushPop,4239,4239,1,8,139360,17420.0,13728.0,12224,25312,5836.0,"void at::native::elementwise_kernel<(int)128, (int)4, void at::native::gpu_kernel_impl_nocast<at::native::BinaryFunctor<c10::BFloat16, c10::BFloat16, c10::BFloat16, at::native::binary_internal::MulFunctor<float>>>(at::TensorIteratorBase &, const T1 &)::[lambda(int) (instance 1)]>(int, T3)"
:model.layers.16,PushPop,4239,4239,1,4,104192,26048.0,21136.0,20736,41184,10092.8,"void at::native::vectorized_elementwise_kernel<(int)4, void at::native::<unnamed>::pow_tensor_scalar_kernel_impl<float, float>(at::TensorIteratorBase &, T2)::[lambda(float) (instance 1)], std::array<char *, (unsigned long)2>>(int, T2, T3)"
:model.layers.16,PushPop,4239,4239,1,4,103649,25912.3,24864.5,18112,35808,7325.4,"void at::native::<unnamed>::CatArrayBatchedCopy<at::native::<unnamed>::OpaqueType<(unsigned int)2>, unsigned int, (int)4, (int)64, (int)64>(T1 *, at::native::<unnamed>::CatArrInputTensorMetadata<T1, T2, T4, T5>, at::native::<unnamed>::TensorSizeStride<T2, (unsigned int)4>, int, T2)"
:model.layers.16,PushPop,4239,4239,1,4,98944,24736.0,20336.0,19840,38432,9133.9,"void at::native::elementwise_kernel<(int)128, (int)2, void at::native::gpu_kernel_impl_nocast<at::native::BinaryFunctor<float, float, float, at::native::binary_internal::MulFunctor<float>>>(at::TensorIteratorBase &, const T1 &)::[lambda(int) (instance 1)]>(int, T3)"
:model.layers.16,PushPop,4239,4239,1,4,84448,21112.0,17440.0,16576,32992,7931.2,"void at::native::unrolled_elementwise_kernel<at::native::direct_copy_kernel_cuda(at::TensorIteratorBase &)::[lambda() (instance 3)]::operator ()() const::[lambda() (instance 7)]::operator ()() const::[lambda(float) (instance 1)], std::array<char *, (unsigned long)2>, (int)4, TrivialOffsetCalculator<(int)1, unsigned int>, TrivialOffsetCalculator<(int)1, unsigned int>, at::native::memory::LoadWithCast<(int)1>, at::native::memory::StoreWithCast<(int)1>>(int, T1, T2, T4, T5, T6, T7)"
:model.layers.16,PushPop,4239,4239,1,4,75842,18960.5,14736.0,14497,31873,8609.1,"void at::native::vectorized_elementwise_kernel<(int)4, at::native::bfloat16_copy_kernel_cuda(at::TensorIteratorBase &)::[lambda(float) (instance 1)], std::array<char *, (unsigned long)2>>(int, T2, T3)"
:model.layers.16,PushPop,4239,4239,1,4,61888,15472.0,12352.0,10688,26496,7505.6,"void at::native::reduce_kernel<(int)512, (int)1, at::native::ReduceOp<float, at::native::MeanOps<float, float, float, float>, unsigned int, float, (int)4, (int)4>>(T3)"
:model.layers.16,PushPop,4239,4239,1,2,50048,25024.0,25024.0,17440,32608,10725.4,"void at::native::elementwise_kernel<(int)128, (int)4, void at::native::gpu_kernel_impl_nocast<at::native::CUDAFunctor_add<c10::BFloat16>>(at::TensorIteratorBase &, const T1 &)::[lambda(int) (instance 1)]>(int, T3)"
:model.layers.16,PushPop,4239,4239,1,1,46369,46369.0,46369.0,46369,46369,0.0,"void at::native::vectorized_elementwise_kernel<(int)4, at::native::BinaryFunctor<c10::BFloat16, c10::BFloat16, c10::BFloat16, at::native::binary_internal::MulFunctor<float>>, std::array<char *, (unsigned long)3>>(int, T2, T3)"
:model.layers.16,PushPop,4239,4239,1,1,31713,31713.0,31713.0,31713,31713,0.0,"void at::native::vectorized_elementwise_kernel<(int)4, at::native::<unnamed>::silu_kernel(at::TensorIteratorBase &)::[lambda() (instance 1)]::operator ()() const::[lambda() (instance 6)]::operator ()() const::[lambda(c10::BFloat16) (instance 1)], std::array<char *, (unsigned long)2>>(int, T2, T3)"
:model.layers.16,PushPop,4239,4239,1,2,28096,14048.0,14048.0,13856,14240,271.5,"void at::native::vectorized_elementwise_kernel<(int)4, at::native::CUDAFunctor_add<c10::BFloat16>, std::array<char *, (unsigned long)3>>(int, T2, T3)"
:model.layers.16,PushPop,4239,4239,1,2,20512,10256.0,10256.0,6848,13664,4819.6,"void at::native::elementwise_kernel<(int)128, (int)4, void at::native::gpu_kernel_impl_nocast<at::native::neg_kernel_cuda(at::TensorIteratorBase &)::[lambda() (instance 2)]::operator ()() const::[lambda() (instance 9)]::operator ()() const::[lambda(c10::BFloat16) (instance 1)]>(at::TensorIteratorBase &, const T1 &)::[lambda(int) (instance 1)]>(int, T3)"
:model.layers.16,PushPop,4239,4239,1,4,6400,1600.0,1520.0,1440,1920,226.3,"void at::native::vectorized_elementwise_kernel<(int)4, at::native::CUDAFunctorOnSelf_add<float>, std::array<char *, (unsigned long)2>>(int, T2, T3)"
:model.layers.16,PushPop,4239,4239,1,4,5920,1480.0,1472.0,1472,1504,16.0,"void at::native::vectorized_elementwise_kernel<(int)4, at::native::rsqrt_kernel_cuda(at::TensorIteratorBase &)::[lambda() (instance 2)]::operator ()() const::[lambda() (instance 2)]::operator ()() const::[lambda(float) (instance 1)], std::array<char *, (unsigned long)2>>(int, T2, T3)"
:model.layers.16.input_layernorm,PushPop,4239,4239,1,1,20736,20736.0,20736.0,20736,20736,0.0,"void at::native::vectorized_elementwise_kernel<(int)4, void at::native::<unnamed>::pow_tensor_scalar_kernel_impl<float, float>(at::TensorIteratorBase &, T2)::[lambda(float) (instance 1)], std::array<char *, (unsigned long)2>>(int, T2, T3)"
:model.layers.16.input_layernorm,PushPop,4239,4239,1,1,20416,20416.0,20416.0,20416,20416,0.0,"void at::native::elementwise_kernel<(int)128, (int)2, void at::native::gpu_kernel_impl_nocast<at::native::BinaryFunctor<float, float, float, at::native::binary_internal::MulFunctor<float>>>(at::TensorIteratorBase &, const T1 &)::[lambda(int) (instance 1)]>(int, T3)"
:model.layers.16.input_layernorm,PushPop,4239,4239,1,1,17312,17312.0,17312.0,17312,17312,0.0,"void at::native::unrolled_elementwise_kernel<at::native::direct_copy_kernel_cuda(at::TensorIteratorBase &)::[lambda() (instance 3)]::operator ()() const::[lambda() (instance 7)]::operator ()() const::[lambda(float) (instance 1)], std::array<char *, (unsigned long)2>, (int)4, TrivialOffsetCalculator<(int)1, unsigned int>, TrivialOffsetCalculator<(int)1, unsigned int>, at::native::memory::LoadWithCast<(int)1>, at::native::memory::StoreWithCast<(int)1>>(int, T1, T2, T4, T5, T6, T7)"
:model.layers.16.input_layernorm,PushPop,4239,4239,1,1,14752,14752.0,14752.0,14752,14752,0.0,"void at::native::vectorized_elementwise_kernel<(int)4, at::native::bfloat16_copy_kernel_cuda(at::TensorIteratorBase &)::[lambda(float) (instance 1)], std::array<char *, (unsigned long)2>>(int, T2, T3)"
:model.layers.16.input_layernorm,PushPop,4239,4239,1,1,13536,13536.0,13536.0,13536,13536,0.0,"void at::native::elementwise_kernel<(int)128, (int)4, void at::native::gpu_kernel_impl_nocast<at::native::BinaryFunctor<c10::BFloat16, c10::BFloat16, c10::BFloat16, at::native::binary_internal::MulFunctor<float>>>(at::TensorIteratorBase &, const T1 &)::[lambda(int) (instance 1)]>(int, T3)"
:model.layers.16.input_layernorm,PushPop,4239,4239,1,1,10688,10688.0,10688.0,10688,10688,0.0,"void at::native::reduce_kernel<(int)512, (int)1, at::native::ReduceOp<float, at::native::MeanOps<float, float, float, float>, unsigned int, float, (int)4, (int)4>>(T3)"
:model.layers.16.input_layernorm,PushPop,4239,4239,1,1,1600,1600.0,1600.0,1600,1600,0.0,"void at::native::vectorized_elementwise_kernel<(int)4, at::native::CUDAFunctorOnSelf_add<float>, std::array<char *, (unsigned long)2>>(int, T2, T3)"
:model.layers.16.input_layernorm,PushPop,4239,4239,1,1,1472,1472.0,1472.0,1472,1472,0.0,"void at::native::vectorized_elementwise_kernel<(int)4, at::native::rsqrt_kernel_cuda(at::TensorIteratorBase &)::[lambda() (instance 2)]::operator ()() const::[lambda() (instance 2)]::operator ()() const::[lambda(float) (instance 1)], std::array<char *, (unsigned long)2>>(int, T2, T3)"
:model.layers.16.mlp.act_fn,PushPop,4239,4239,1,1,31713,31713.0,31713.0,31713,31713,0.0,"void at::native::vectorized_elementwise_kernel<(int)4, at::native::<unnamed>::silu_kernel(at::TensorIteratorBase &)::[lambda() (instance 1)]::operator ()() const::[lambda() (instance 6)]::operator ()() const::[lambda(c10::BFloat16) (instance 1)], std::array<char *, (unsigned long)2>>(int, T2, T3)"
:model.layers.16.mlp.down_proj,PushPop,4239,4239,1,1,179936,179936.0,179936.0,179936,179936,0.0,ampere_bf16_s1688gemm_bf16_128x128_ldg8_f2f_stages_32x1_tn
:model.layers.16.mlp.gate_proj,PushPop,4239,4239,1,1,224320,224320.0,224320.0,224320,224320,0.0,void cutlass::Kernel2<cutlass_80_tensorop_bf16_s16816gemm_relu_bf16_256x128_32x3_tn_align8>(T1::Params)
:model.layers.16.mlp.up_proj,PushPop,4239,4239,1,1,221440,221440.0,221440.0,221440,221440,0.0,void cutlass::Kernel2<cutlass_80_tensorop_bf16_s16816gemm_relu_bf16_256x128_32x3_tn_align8>(T1::Params)
:model.layers.16.post_attention_layernorm,PushPop,4239,4239,1,1,21024,21024.0,21024.0,21024,21024,0.0,"void at::native::vectorized_elementwise_kernel<(int)4, void at::native::<unnamed>::pow_tensor_scalar_kernel_impl<float, float>(at::TensorIteratorBase &, T2)::[lambda(float) (instance 1)], std::array<char *, (unsigned long)2>>(int, T2, T3)"
:model.layers.16.post_attention_layernorm,PushPop,4239,4239,1,1,20256,20256.0,20256.0,20256,20256,0.0,"void at::native::elementwise_kernel<(int)128, (int)2, void at::native::gpu_kernel_impl_nocast<at::native::BinaryFunctor<float, float, float, at::native::binary_internal::MulFunctor<float>>>(at::TensorIteratorBase &, const T1 &)::[lambda(int) (instance 1)]>(int, T3)"
:model.layers.16.post_attention_layernorm,PushPop,4239,4239,1,1,17568,17568.0,17568.0,17568,17568,0.0,"void at::native::unrolled_elementwise_kernel<at::native::direct_copy_kernel_cuda(at::TensorIteratorBase &)::[lambda() (instance 3)]::operator ()() const::[lambda() (instance 7)]::operator ()() const::[lambda(float) (instance 1)], std::array<char *, (unsigned long)2>, (int)4, TrivialOffsetCalculator<(int)1, unsigned int>, TrivialOffsetCalculator<(int)1, unsigned int>, at::native::memory::LoadWithCast<(int)1>, at::native::memory::StoreWithCast<(int)1>>(int, T1, T2, T4, T5, T6, T7)"
:model.layers.16.post_attention_layernorm,PushPop,4239,4239,1,1,14497,14497.0,14497.0,14497,14497,0.0,"void at::native::vectorized_elementwise_kernel<(int)4, at::native::bfloat16_copy_kernel_cuda(at::TensorIteratorBase &)::[lambda(float) (instance 1)], std::array<char *, (unsigned long)2>>(int, T2, T3)"
:model.layers.16.post_attention_layernorm,PushPop,4239,4239,1,1,13152,13152.0,13152.0,13152,13152,0.0,"void at::native::elementwise_kernel<(int)128, (int)4, void at::native::gpu_kernel_impl_nocast<at::native::BinaryFunctor<c10::BFloat16, c10::BFloat16, c10::BFloat16, at::native::binary_internal::MulFunctor<float>>>(at::TensorIteratorBase &, const T1 &)::[lambda(int) (instance 1)]>(int, T3)"
:model.layers.16.post_attention_layernorm,PushPop,4239,4239,1,1,10752,10752.0,10752.0,10752,10752,0.0,"void at::native::reduce_kernel<(int)512, (int)1, at::native::ReduceOp<float, at::native::MeanOps<float, float, float, float>, unsigned int, float, (int)4, (int)4>>(T3)"
:model.layers.16.post_attention_layernorm,PushPop,4239,4239,1,1,1472,1472.0,1472.0,1472,1472,0.0,"void at::native::vectorized_elementwise_kernel<(int)4, at::native::rsqrt_kernel_cuda(at::TensorIteratorBase &)::[lambda() (instance 2)]::operator ()() const::[lambda() (instance 2)]::operator ()() const::[lambda(float) (instance 1)], std::array<char *, (unsigned long)2>>(int, T2, T3)"
:model.layers.16.post_attention_layernorm,PushPop,4239,4239,1,1,1440,1440.0,1440.0,1440,1440,0.0,"void at::native::vectorized_elementwise_kernel<(int)4, at::native::CUDAFunctorOnSelf_add<float>, std::array<char *, (unsigned long)2>>(int, T2, T3)"
:model.layers.16.self_attn.k_norm,PushPop,4239,4239,1,1,21248,21248.0,21248.0,21248,21248,0.0,"void at::native::vectorized_elementwise_kernel<(int)4, void at::native::<unnamed>::pow_tensor_scalar_kernel_impl<float, float>(at::TensorIteratorBase &, T2)::[lambda(float) (instance 1)], std::array<char *, (unsigned long)2>>(int, T2, T3)"
:model.layers.16.self_attn.k_norm,PushPop,4239,4239,1,1,19840,19840.0,19840.0,19840,19840,0.0,"void at::native::elementwise_kernel<(int)128, (int)2, void at::native::gpu_kernel_impl_nocast<at::native::BinaryFunctor<float, float, float, at::native::binary_internal::MulFunctor<float>>>(at::TensorIteratorBase &, const T1 &)::[lambda(int) (instance 1)]>(int, T3)"
:model.layers.16.self_attn.k_norm,PushPop,4239,4239,1,1,16576,16576.0,16576.0,16576,16576,0.0,"void at::native::unrolled_elementwise_kernel<at::native::direct_copy_kernel_cuda(at::TensorIteratorBase &)::[lambda() (instance 3)]::operator ()() const::[lambda() (instance 7)]::operator ()() const::[lambda(float) (instance 1)], std::array<char *, (unsigned long)2>, (int)4, TrivialOffsetCalculator<(int)1, unsigned int>, TrivialOffsetCalculator<(int)1, unsigned int>, at::native::memory::LoadWithCast<(int)1>, at::native::memory::StoreWithCast<(int)1>>(int, T1, T2, T4, T5, T6, T7)"
:model.layers.16.self_attn.k_norm,PushPop,4239,4239,1,1,14720,14720.0,14720.0,14720,14720,0.0,"void at::native::vectorized_elementwise_kernel<(int)4, at::native::bfloat16_copy_kernel_cuda(at::TensorIteratorBase &)::[lambda(float) (instance 1)], std::array<char *, (unsigned long)2>>(int, T2, T3)"
:model.layers.16.self_attn.k_norm,PushPop,4239,4239,1,1,13952,13952.0,13952.0,13952,13952,0.0,"void at::native::reduce_kernel<(int)512, (int)1, at::native::ReduceOp<float, at::native::MeanOps<float, float, float, float>, unsigned int, float, (int)4, (int)4>>(T3)"
:model.layers.16.self_attn.k_norm,PushPop,4239,4239,1,1,12224,12224.0,12224.0,12224,12224,0.0,"void at::native::elementwise_kernel<(int)128, (int)4, void at::native::gpu_kernel_impl_nocast<at::native::BinaryFunctor<c10::BFloat16, c10::BFloat16, c10::BFloat16, at::native::binary_internal::MulFunctor<float>>>(at::TensorIteratorBase &, const T1 &)::[lambda(int) (instance 1)]>(int, T3)"
:model.layers.16.self_attn.k_norm,PushPop,4239,4239,1,1,1472,1472.0,1472.0,1472,1472,0.0,"void at::native::vectorized_elementwise_kernel<(int)4, at::native::rsqrt_kernel_cuda(at::TensorIteratorBase &)::[lambda() (instance 2)]::operator ()() const::[lambda() (instance 2)]::operator ()() const::[lambda(float) (instance 1)], std::array<char *, (unsigned long)2>>(int, T2, T3)"
:model.layers.16.self_attn.k_norm,PushPop,4239,4239,1,1,1440,1440.0,1440.0,1440,1440,0.0,"void at::native::vectorized_elementwise_kernel<(int)4, at::native::CUDAFunctorOnSelf_add<float>, std::array<char *, (unsigned long)2>>(int, T2, T3)"
:model.layers.16.self_attn.k_proj,PushPop,4239,4239,1,1,73984,73984.0,73984.0,73984,73984,0.0,ampere_bf16_s16816gemm_bf16_256x128_ldg8_f2f_stages_32x3_tn
:model.layers.16.self_attn.o_proj,PushPop,4239,4239,1,1,122976,122976.0,122976.0,122976,122976,0.0,ampere_bf16_s1688gemm_bf16_128x128_ldg8_f2f_stages_32x1_tn
:model.layers.16.self_attn.q_norm,PushPop,4239,4239,1,1,41184,41184.0,41184.0,41184,41184,0.0,"void at::native::vectorized_elementwise_kernel<(int)4, void at::native::<unnamed>::pow_tensor_scalar_kernel_impl<float, float>(at::TensorIteratorBase &, T2)::[lambda(float) (instance 1)], std::array<char *, (unsigned long)2>>(int, T2, T3)"
:model.layers.16.self_attn.q_norm,PushPop,4239,4239,1,1,38432,38432.0,38432.0,38432,38432,0.0,"void at::native::elementwise_kernel<(int)128, (int)2, void at::native::gpu_kernel_impl_nocast<at::native::BinaryFunctor<float, float, float, at::native::binary_internal::MulFunctor<float>>>(at::TensorIteratorBase &, const T1 &)::[lambda(int) (instance 1)]>(int, T3)"
:model.layers.16.self_attn.q_norm,PushPop,4239,4239,1,1,32992,32992.0,32992.0,32992,32992,0.0,"void at::native::unrolled_elementwise_kernel<at::native::direct_copy_kernel_cuda(at::TensorIteratorBase &)::[lambda() (instance 3)]::operator ()() const::[lambda() (instance 7)]::operator ()() const::[lambda(float) (instance 1)], std::array<char *, (unsigned long)2>, (int)4, TrivialOffsetCalculator<(int)1, unsigned int>, TrivialOffsetCalculator<(int)1, unsigned int>, at::native::memory::LoadWithCast<(int)1>, at::native::memory::StoreWithCast<(int)1>>(int, T1, T2, T4, T5, T6, T7)"
:model.layers.16.self_attn.q_norm,PushPop,4239,4239,1,1,31873,31873.0,31873.0,31873,31873,0.0,"void at::native::vectorized_elementwise_kernel<(int)4, at::native::bfloat16_copy_kernel_cuda(at::TensorIteratorBase &)::[lambda(float) (instance 1)], std::array<char *, (unsigned long)2>>(int, T2, T3)"
:model.layers.16.self_attn.q_norm,PushPop,4239,4239,1,1,26496,26496.0,26496.0,26496,26496,0.0,"void at::native::reduce_kernel<(int)512, (int)1, at::native::ReduceOp<float, at::native::MeanOps<float, float, float, float>, unsigned int, float, (int)4, (int)4>>(T3)"
:model.layers.16.self_attn.q_norm,PushPop,4239,4239,1,1,23936,23936.0,23936.0,23936,23936,0.0,"void at::native::elementwise_kernel<(int)128, (int)4, void at::native::gpu_kernel_impl_nocast<at::native::BinaryFunctor<c10::BFloat16, c10::BFloat16, c10::BFloat16, at::native::binary_internal::MulFunctor<float>>>(at::TensorIteratorBase &, const T1 &)::[lambda(int) (instance 1)]>(int, T3)"
:model.layers.16.self_attn.q_norm,PushPop,4239,4239,1,1,1920,1920.0,1920.0,1920,1920,0.0,"void at::native::vectorized_elementwise_kernel<(int)4, at::native::CUDAFunctorOnSelf_add<float>, std::array<char *, (unsigned long)2>>(int, T2, T3)"
:model.layers.16.self_attn.q_norm,PushPop,4239,4239,1,1,1504,1504.0,1504.0,1504,1504,0.0,"void at::native::vectorized_elementwise_kernel<(int)4, at::native::rsqrt_kernel_cuda(at::TensorIteratorBase &)::[lambda() (instance 2)]::operator ()() const::[lambda() (instance 2)]::operator ()() const::[lambda(float) (instance 1)], std::array<char *, (unsigned long)2>>(int, T2, T3)"
:model.layers.16.self_attn.q_proj,PushPop,4239,4239,1,1,150401,150401.0,150401.0,150401,150401,0.0,void cutlass::Kernel2<cutlass_80_tensorop_bf16_s16816gemm_relu_bf16_256x128_32x3_tn_align8>(T1::Params)
:model.layers.16.self_attn.v_proj,PushPop,4239,4239,1,1,73985,73985.0,73985.0,73985,73985,0.0,ampere_bf16_s16816gemm_bf16_256x128_ldg8_f2f_stages_32x3_tn
:model.layers.17,PushPop,4239,4239,1,3,596386,198795.3,222081.0,150272,224033,42033.8,void cutlass::Kernel2<cutlass_80_tensorop_bf16_s16816gemm_relu_bf16_256x128_32x3_tn_align8>(T1::Params)
:model.layers.17,PushPop,4239,4239,1,1,317985,317985.0,317985.0,317985,317985,0.0,"void pytorch_flash::flash_fwd_kernel<Flash_fwd_kernel_traits<(int)128, (int)64, (int)64, (int)4, (bool)0, (bool)0, cutlass::bfloat16_t, Flash_kernel_traits<(int)128, (int)64, (int)64, (int)4, cutlass::bfloat16_t>>, (bool)0, (bool)1, (bool)0, (bool)0, (bool)1, (bool)1, (bool)0, (bool)0>(pytorch_flash::Flash_fwd_params)"
:model.layers.17,PushPop,4239,4239,1,2,303105,151552.5,151552.5,123296,179809,39960.7,ampere_bf16_s1688gemm_bf16_128x128_ldg8_f2f_stages_32x1_tn
:model.layers.17,PushPop,4239,4239,1,2,148064,74032.0,74032.0,73952,74112,113.1,ampere_bf16_s16816gemm_bf16_256x128_ldg8_f2f_stages_32x3_tn
:model.layers.17,PushPop,4239,4239,1,8,139904,17488.0,13712.0,12480,25344,5896.2,"void at::native::elementwise_kernel<(int)128, (int)4, void at::native::gpu_kernel_impl_nocast<at::native::BinaryFunctor<c10::BFloat16, c10::BFloat16, c10::BFloat16, at::native::binary_internal::MulFunctor<float>>>(at::TensorIteratorBase &, const T1 &)::[lambda(int) (instance 1)]>(int, T3)"
:model.layers.17,PushPop,4239,4239,1,4,103681,25920.3,24880.0,18113,35808,7323.2,"void at::native::<unnamed>::CatArrayBatchedCopy<at::native::<unnamed>::OpaqueType<(unsigned int)2>, unsigned int, (int)4, (int)64, (int)64>(T1 *, at::native::<unnamed>::CatArrInputTensorMetadata<T1, T2, T4, T5>, at::native::<unnamed>::TensorSizeStride<T2, (unsigned int)4>, int, T2)"
:model.layers.17,PushPop,4239,4239,1,4,103424,25856.0,20864.0,20640,41056,10135.1,"void at::native::vectorized_elementwise_kernel<(int)4, void at::native::<unnamed>::pow_tensor_scalar_kernel_impl<float, float>(at::TensorIteratorBase &, T2)::[lambda(float) (instance 1)], std::array<char *, (unsigned long)2>>(int, T2, T3)"
:model.layers.17,PushPop,4239,4239,1,4,99682,24920.5,20432.5,20033,38784,9244.3,"void at::native::elementwise_kernel<(int)128, (int)2, void at::native::gpu_kernel_impl_nocast<at::native::BinaryFunctor<float, float, float, at::native::binary_internal::MulFunctor<float>>>(at::TensorIteratorBase &, const T1 &)::[lambda(int) (instance 1)]>(int, T3)"
:model.layers.17,PushPop,4239,4239,1,4,84096,21024.0,17456.0,16288,32896,7933.9,"void at::native::unrolled_elementwise_kernel<at::native::direct_copy_kernel_cuda(at::TensorIteratorBase &)::[lambda() (instance 3)]::operator ()() const::[lambda() (instance 7)]::operator ()() const::[lambda(float) (instance 1)], std::array<char *, (unsigned long)2>, (int)4, TrivialOffsetCalculator<(int)1, unsigned int>, TrivialOffsetCalculator<(int)1, unsigned int>, at::native::memory::LoadWithCast<(int)1>, at::native::memory::StoreWithCast<(int)1>>(int, T1, T2, T4, T5, T6, T7)"
:model.layers.17,PushPop,4239,4239,1,4,74976,18744.0,14784.0,14048,31360,8417.8,"void at::native::vectorized_elementwise_kernel<(int)4, at::native::bfloat16_copy_kernel_cuda(at::TensorIteratorBase &)::[lambda(float) (instance 1)], std::array<char *, (unsigned long)2>>(int, T2, T3)"
:model.layers.17,PushPop,4239,4239,1,4,62497,15624.3,12528.0,10784,26657,7483.8,"void at::native::reduce_kernel<(int)512, (int)1, at::native::ReduceOp<float, at::native::MeanOps<float, float, float, float>, unsigned int, float, (int)4, (int)4>>(T3)"
:model.layers.17,PushPop,4239,4239,1,2,49344,24672.0,24672.0,17056,32288,10770.7,"void at::native::elementwise_kernel<(int)128, (int)4, void at::native::gpu_kernel_impl_nocast<at::native::CUDAFunctor_add<c10::BFloat16>>(at::TensorIteratorBase &, const T1 &)::[lambda(int) (instance 1)]>(int, T3)"
:model.layers.17,PushPop,4239,4239,1,1,46176,46176.0,46176.0,46176,46176,0.0,"void at::native::vectorized_elementwise_kernel<(int)4, at::native::BinaryFunctor<c10::BFloat16, c10::BFloat16, c10::BFloat16, at::native::binary_internal::MulFunctor<float>>, std::array<char *, (unsigned long)3>>(int, T2, T3)"
:model.layers.17,PushPop,4239,4239,1,1,31488,31488.0,31488.0,31488,31488,0.0,"void at::native::vectorized_elementwise_kernel<(int)4, at::native::<unnamed>::silu_kernel(at::TensorIteratorBase &)::[lambda() (instance 1)]::operator ()() const::[lambda() (instance 6)]::operator ()() const::[lambda(c10::BFloat16) (instance 1)], std::array<char *, (unsigned long)2>>(int, T2, T3)"
:model.layers.17,PushPop,4239,4239,1,2,27265,13632.5,13632.5,13569,13696,89.8,"void at::native::vectorized_elementwise_kernel<(int)4, at::native::CUDAFunctor_add<c10::BFloat16>, std::array<char *, (unsigned long)3>>(int, T2, T3)"
:model.layers.17,PushPop,4239,4239,1,2,20480,10240.0,10240.0,6944,13536,4661.2,"void at::native::elementwise_kernel<(int)128, (int)4, void at::native::gpu_kernel_impl_nocast<at::native::neg_kernel_cuda(at::TensorIteratorBase &)::[lambda() (instance 2)]::operator ()() const::[lambda() (instance 9)]::operator ()() const::[lambda(c10::BFloat16) (instance 1)]>(at::TensorIteratorBase &, const T1 &)::[lambda(int) (instance 1)]>(int, T3)"
:model.layers.17,PushPop,4239,4239,1,4,6496,1624.0,1584.0,1440,1888,189.1,"void at::native::vectorized_elementwise_kernel<(int)4, at::native::CUDAFunctorOnSelf_add<float>, std::array<char *, (unsigned long)2>>(int, T2, T3)"
:model.layers.17,PushPop,4239,4239,1,4,5920,1480.0,1472.0,1472,1504,16.0,"void at::native::vectorized_elementwise_kernel<(int)4, at::native::rsqrt_kernel_cuda(at::TensorIteratorBase &)::[lambda() (instance 2)]::operator ()() const::[lambda() (instance 2)]::operator ()() const::[lambda(float) (instance 1)], std::array<char *, (unsigned long)2>>(int, T2, T3)"
:model.layers.17.input_layernorm,PushPop,4239,4239,1,1,21056,21056.0,21056.0,21056,21056,0.0,"void at::native::vectorized_elementwise_kernel<(int)4, void at::native::<unnamed>::pow_tensor_scalar_kernel_impl<float, float>(at::TensorIteratorBase &, T2)::[lambda(float) (instance 1)], std::array<char *, (unsigned long)2>>(int, T2, T3)"
:model.layers.17.input_layernorm,PushPop,4239,4239,1,1,20385,20385.0,20385.0,20385,20385,0.0,"void at::native::elementwise_kernel<(int)128, (int)2, void at::native::gpu_kernel_impl_nocast<at::native::BinaryFunctor<float, float, float, at::native::binary_internal::MulFunctor<float>>>(at::TensorIteratorBase &, const T1 &)::[lambda(int) (instance 1)]>(int, T3)"
:model.layers.17.input_layernorm,PushPop,4239,4239,1,1,17504,17504.0,17504.0,17504,17504,0.0,"void at::native::unrolled_elementwise_kernel<at::native::direct_copy_kernel_cuda(at::TensorIteratorBase &)::[lambda() (instance 3)]::operator ()() const::[lambda() (instance 7)]::operator ()() const::[lambda(float) (instance 1)], std::array<char *, (unsigned long)2>, (int)4, TrivialOffsetCalculator<(int)1, unsigned int>, TrivialOffsetCalculator<(int)1, unsigned int>, at::native::memory::LoadWithCast<(int)1>, at::native::memory::StoreWithCast<(int)1>>(int, T1, T2, T4, T5, T6, T7)"
:model.layers.17.input_layernorm,PushPop,4239,4239,1,1,14048,14048.0,14048.0,14048,14048,0.0,"void at::native::vectorized_elementwise_kernel<(int)4, at::native::bfloat16_copy_kernel_cuda(at::TensorIteratorBase &)::[lambda(float) (instance 1)], std::array<char *, (unsigned long)2>>(int, T2, T3)"
:model.layers.17.input_layernorm,PushPop,4239,4239,1,1,13120,13120.0,13120.0,13120,13120,0.0,"void at::native::elementwise_kernel<(int)128, (int)4, void at::native::gpu_kernel_impl_nocast<at::native::BinaryFunctor<c10::BFloat16, c10::BFloat16, c10::BFloat16, at::native::binary_internal::MulFunctor<float>>>(at::TensorIteratorBase &, const T1 &)::[lambda(int) (instance 1)]>(int, T3)"
:model.layers.17.input_layernorm,PushPop,4239,4239,1,1,10784,10784.0,10784.0,10784,10784,0.0,"void at::native::reduce_kernel<(int)512, (int)1, at::native::ReduceOp<float, at::native::MeanOps<float, float, float, float>, unsigned int, float, (int)4, (int)4>>(T3)"
:model.layers.17.input_layernorm,PushPop,4239,4239,1,1,1568,1568.0,1568.0,1568,1568,0.0,"void at::native::vectorized_elementwise_kernel<(int)4, at::native::CUDAFunctorOnSelf_add<float>, std::array<char *, (unsigned long)2>>(int, T2, T3)"
:model.layers.17.input_layernorm,PushPop,4239,4239,1,1,1472,1472.0,1472.0,1472,1472,0.0,"void at::native::vectorized_elementwise_kernel<(int)4, at::native::rsqrt_kernel_cuda(at::TensorIteratorBase &)::[lambda() (instance 2)]::operator ()() const::[lambda() (instance 2)]::operator ()() const::[lambda(float) (instance 1)], std::array<char *, (unsigned long)2>>(int, T2, T3)"
:model.layers.17.mlp.act_fn,PushPop,4239,4239,1,1,31488,31488.0,31488.0,31488,31488,0.0,"void at::native::vectorized_elementwise_kernel<(int)4, at::native::<unnamed>::silu_kernel(at::TensorIteratorBase &)::[lambda() (instance 1)]::operator ()() const::[lambda() (instance 6)]::operator ()() const::[lambda(c10::BFloat16) (instance 1)], std::array<char *, (unsigned long)2>>(int, T2, T3)"
:model.layers.17.mlp.down_proj,PushPop,4239,4239,1,1,179809,179809.0,179809.0,179809,179809,0.0,ampere_bf16_s1688gemm_bf16_128x128_ldg8_f2f_stages_32x1_tn
:model.layers.17.mlp.gate_proj,PushPop,4239,4239,1,1,224033,224033.0,224033.0,224033,224033,0.0,void cutlass::Kernel2<cutlass_80_tensorop_bf16_s16816gemm_relu_bf16_256x128_32x3_tn_align8>(T1::Params)
:model.layers.17.mlp.up_proj,PushPop,4239,4239,1,1,222081,222081.0,222081.0,222081,222081,0.0,void cutlass::Kernel2<cutlass_80_tensorop_bf16_s16816gemm_relu_bf16_256x128_32x3_tn_align8>(T1::Params)
:model.layers.17.post_attention_layernorm,PushPop,4239,4239,1,1,20672,20672.0,20672.0,20672,20672,0.0,"void at::native::vectorized_elementwise_kernel<(int)4, void at::native::<unnamed>::pow_tensor_scalar_kernel_impl<float, float>(at::TensorIteratorBase &, T2)::[lambda(float) (instance 1)], std::array<char *, (unsigned long)2>>(int, T2, T3)"
:model.layers.17.post_attention_layernorm,PushPop,4239,4239,1,1,20480,20480.0,20480.0,20480,20480,0.0,"void at::native::elementwise_kernel<(int)128, (int)2, void at::native::gpu_kernel_impl_nocast<at::native::BinaryFunctor<float, float, float, at::native::binary_internal::MulFunctor<float>>>(at::TensorIteratorBase &, const T1 &)::[lambda(int) (instance 1)]>(int, T3)"
:model.layers.17.post_attention_layernorm,PushPop,4239,4239,1,1,17408,17408.0,17408.0,17408,17408,0.0,"void at::native::unrolled_elementwise_kernel<at::native::direct_copy_kernel_cuda(at::TensorIteratorBase &)::[lambda() (instance 3)]::operator ()() const::[lambda() (instance 7)]::operator ()() const::[lambda(float) (instance 1)], std::array<char *, (unsigned long)2>, (int)4, TrivialOffsetCalculator<(int)1, unsigned int>, TrivialOffsetCalculator<(int)1, unsigned int>, at::native::memory::LoadWithCast<(int)1>, at::native::memory::StoreWithCast<(int)1>>(int, T1, T2, T4, T5, T6, T7)"
:model.layers.17.post_attention_layernorm,PushPop,4239,4239,1,1,14784,14784.0,14784.0,14784,14784,0.0,"void at::native::vectorized_elementwise_kernel<(int)4, at::native::bfloat16_copy_kernel_cuda(at::TensorIteratorBase &)::[lambda(float) (instance 1)], std::array<char *, (unsigned long)2>>(int, T2, T3)"
:model.layers.17.post_attention_layernorm,PushPop,4239,4239,1,1,13440,13440.0,13440.0,13440,13440,0.0,"void at::native::elementwise_kernel<(int)128, (int)4, void at::native::gpu_kernel_impl_nocast<at::native::BinaryFunctor<c10::BFloat16, c10::BFloat16, c10::BFloat16, at::native::binary_internal::MulFunctor<float>>>(at::TensorIteratorBase &, const T1 &)::[lambda(int) (instance 1)]>(int, T3)"
:model.layers.17.post_attention_layernorm,PushPop,4239,4239,1,1,11168,11168.0,11168.0,11168,11168,0.0,"void at::native::reduce_kernel<(int)512, (int)1, at::native::ReduceOp<float, at::native::MeanOps<float, float, float, float>, unsigned int, float, (int)4, (int)4>>(T3)"
:model.layers.17.post_attention_layernorm,PushPop,4239,4239,1,1,1600,1600.0,1600.0,1600,1600,0.0,"void at::native::vectorized_elementwise_kernel<(int)4, at::native::CUDAFunctorOnSelf_add<float>, std::array<char *, (unsigned long)2>>(int, T2, T3)"
:model.layers.17.post_attention_layernorm,PushPop,4239,4239,1,1,1472,1472.0,1472.0,1472,1472,0.0,"void at::native::vectorized_elementwise_kernel<(int)4, at::native::rsqrt_kernel_cuda(at::TensorIteratorBase &)::[lambda() (instance 2)]::operator ()() const::[lambda() (instance 2)]::operator ()() const::[lambda(float) (instance 1)], std::array<char *, (unsigned long)2>>(int, T2, T3)"
:model.layers.17.self_attn.k_norm,PushPop,4239,4239,1,1,20640,20640.0,20640.0,20640,20640,0.0,"void at::native::vectorized_elementwise_kernel<(int)4, void at::native::<unnamed>::pow_tensor_scalar_kernel_impl<float, float>(at::TensorIteratorBase &, T2)::[lambda(float) (instance 1)], std::array<char *, (unsigned long)2>>(int, T2, T3)"
:model.layers.17.self_attn.k_norm,PushPop,4239,4239,1,1,20033,20033.0,20033.0,20033,20033,0.0,"void at::native::elementwise_kernel<(int)128, (int)2, void at::native::gpu_kernel_impl_nocast<at::native::BinaryFunctor<float, float, float, at::native::binary_internal::MulFunctor<float>>>(at::TensorIteratorBase &, const T1 &)::[lambda(int) (instance 1)]>(int, T3)"
:model.layers.17.self_attn.k_norm,PushPop,4239,4239,1,1,16288,16288.0,16288.0,16288,16288,0.0,"void at::native::unrolled_elementwise_kernel<at::native::direct_copy_kernel_cuda(at::TensorIteratorBase &)::[lambda() (instance 3)]::operator ()() const::[lambda() (instance 7)]::operator ()() const::[lambda(float) (instance 1)], std::array<char *, (unsigned long)2>, (int)4, TrivialOffsetCalculator<(int)1, unsigned int>, TrivialOffsetCalculator<(int)1, unsigned int>, at::native::memory::LoadWithCast<(int)1>, at::native::memory::StoreWithCast<(int)1>>(int, T1, T2, T4, T5, T6, T7)"
:model.layers.17.self_attn.k_norm,PushPop,4239,4239,1,1,14784,14784.0,14784.0,14784,14784,0.0,"void at::native::vectorized_elementwise_kernel<(int)4, at::native::bfloat16_copy_kernel_cuda(at::TensorIteratorBase &)::[lambda(float) (instance 1)], std::array<char *, (unsigned long)2>>(int, T2, T3)"
:model.layers.17.self_attn.k_norm,PushPop,4239,4239,1,1,13888,13888.0,13888.0,13888,13888,0.0,"void at::native::reduce_kernel<(int)512, (int)1, at::native::ReduceOp<float, at::native::MeanOps<float, float, float, float>, unsigned int, float, (int)4, (int)4>>(T3)"
:model.layers.17.self_attn.k_norm,PushPop,4239,4239,1,1,12480,12480.0,12480.0,12480,12480,0.0,"void at::native::elementwise_kernel<(int)128, (int)4, void at::native::gpu_kernel_impl_nocast<at::native::BinaryFunctor<c10::BFloat16, c10::BFloat16, c10::BFloat16, at::native::binary_internal::MulFunctor<float>>>(at::TensorIteratorBase &, const T1 &)::[lambda(int) (instance 1)]>(int, T3)"
:model.layers.17.self_attn.k_norm,PushPop,4239,4239,1,1,1472,1472.0,1472.0,1472,1472,0.0,"void at::native::vectorized_elementwise_kernel<(int)4, at::native::rsqrt_kernel_cuda(at::TensorIteratorBase &)::[lambda() (instance 2)]::operator ()() const::[lambda() (instance 2)]::operator ()() const::[lambda(float) (instance 1)], std::array<char *, (unsigned long)2>>(int, T2, T3)"
:model.layers.17.self_attn.k_norm,PushPop,4239,4239,1,1,1440,1440.0,1440.0,1440,1440,0.0,"void at::native::vectorized_elementwise_kernel<(int)4, at::native::CUDAFunctorOnSelf_add<float>, std::array<char *, (unsigned long)2>>(int, T2, T3)"
:model.layers.17.self_attn.k_proj,PushPop,4239,4239,1,1,74112,74112.0,74112.0,74112,74112,0.0,ampere_bf16_s16816gemm_bf16_256x128_ldg8_f2f_stages_32x3_tn
:model.layers.17.self_attn.o_proj,PushPop,4239,4239,1,1,123296,123296.0,123296.0,123296,123296,0.0,ampere_bf16_s1688gemm_bf16_128x128_ldg8_f2f_stages_32x1_tn
:model.layers.17.self_attn.q_norm,PushPop,4239,4239,1,1,41056,41056.0,41056.0,41056,41056,0.0,"void at::native::vectorized_elementwise_kernel<(int)4, void at::native::<unnamed>::pow_tensor_scalar_kernel_impl<float, float>(at::TensorIteratorBase &, T2)::[lambda(float) (instance 1)], std::array<char *, (unsigned long)2>>(int, T2, T3)"
:model.layers.17.self_attn.q_norm,PushPop,4239,4239,1,1,38784,38784.0,38784.0,38784,38784,0.0,"void at::native::elementwise_kernel<(int)128, (int)2, void at::native::gpu_kernel_impl_nocast<at::native::BinaryFunctor<float, float, float, at::native::binary_internal::MulFunctor<float>>>(at::TensorIteratorBase &, const T1 &)::[lambda(int) (instance 1)]>(int, T3)"
:model.layers.17.self_attn.q_norm,PushPop,4239,4239,1,1,32896,32896.0,32896.0,32896,32896,0.0,"void at::native::unrolled_elementwise_kernel<at::native::direct_copy_kernel_cuda(at::TensorIteratorBase &)::[lambda() (instance 3)]::operator ()() const::[lambda() (instance 7)]::operator ()() const::[lambda(float) (instance 1)], std::array<char *, (unsigned long)2>, (int)4, TrivialOffsetCalculator<(int)1, unsigned int>, TrivialOffsetCalculator<(int)1, unsigned int>, at::native::memory::LoadWithCast<(int)1>, at::native::memory::StoreWithCast<(int)1>>(int, T1, T2, T4, T5, T6, T7)"
:model.layers.17.self_attn.q_norm,PushPop,4239,4239,1,1,31360,31360.0,31360.0,31360,31360,0.0,"void at::native::vectorized_elementwise_kernel<(int)4, at::native::bfloat16_copy_kernel_cuda(at::TensorIteratorBase &)::[lambda(float) (instance 1)], std::array<char *, (unsigned long)2>>(int, T2, T3)"
:model.layers.17.self_attn.q_norm,PushPop,4239,4239,1,1,26657,26657.0,26657.0,26657,26657,0.0,"void at::native::reduce_kernel<(int)512, (int)1, at::native::ReduceOp<float, at::native::MeanOps<float, float, float, float>, unsigned int, float, (int)4, (int)4>>(T3)"
:model.layers.17.self_attn.q_norm,PushPop,4239,4239,1,1,23936,23936.0,23936.0,23936,23936,0.0,"void at::native::elementwise_kernel<(int)128, (int)4, void at::native::gpu_kernel_impl_nocast<at::native::BinaryFunctor<c10::BFloat16, c10::BFloat16, c10::BFloat16, at::native::binary_internal::MulFunctor<float>>>(at::TensorIteratorBase &, const T1 &)::[lambda(int) (instance 1)]>(int, T3)"
:model.layers.17.self_attn.q_norm,PushPop,4239,4239,1,1,1888,1888.0,1888.0,1888,1888,0.0,"void at::native::vectorized_elementwise_kernel<(int)4, at::native::CUDAFunctorOnSelf_add<float>, std::array<char *, (unsigned long)2>>(int, T2, T3)"
:model.layers.17.self_attn.q_norm,PushPop,4239,4239,1,1,1504,1504.0,1504.0,1504,1504,0.0,"void at::native::vectorized_elementwise_kernel<(int)4, at::native::rsqrt_kernel_cuda(at::TensorIteratorBase &)::[lambda() (instance 2)]::operator ()() const::[lambda() (instance 2)]::operator ()() const::[lambda(float) (instance 1)], std::array<char *, (unsigned long)2>>(int, T2, T3)"
:model.layers.17.self_attn.q_proj,PushPop,4239,4239,1,1,150272,150272.0,150272.0,150272,150272,0.0,void cutlass::Kernel2<cutlass_80_tensorop_bf16_s16816gemm_relu_bf16_256x128_32x3_tn_align8>(T1::Params)
:model.layers.17.self_attn.v_proj,PushPop,4239,4239,1,1,73952,73952.0,73952.0,73952,73952,0.0,ampere_bf16_s16816gemm_bf16_256x128_ldg8_f2f_stages_32x3_tn
:model.layers.18,PushPop,4239,4239,1,3,595971,198657.0,221441.0,150561,223969,41671.5,void cutlass::Kernel2<cutlass_80_tensorop_bf16_s16816gemm_relu_bf16_256x128_32x3_tn_align8>(T1::Params)
:model.layers.18,PushPop,4239,4239,1,1,315777,315777.0,315777.0,315777,315777,0.0,"void pytorch_flash::flash_fwd_kernel<Flash_fwd_kernel_traits<(int)128, (int)64, (int)64, (int)4, (bool)0, (bool)0, cutlass::bfloat16_t, Flash_kernel_traits<(int)128, (int)64, (int)64, (int)4, cutlass::bfloat16_t>>, (bool)0, (bool)1, (bool)0, (bool)0, (bool)1, (bool)1, (bool)0, (bool)0>(pytorch_flash::Flash_fwd_params)"
:model.layers.18,PushPop,4239,4239,1,2,302466,151233.0,151233.0,122817,179649,40186.3,ampere_bf16_s1688gemm_bf16_128x128_ldg8_f2f_stages_32x1_tn
:model.layers.18,PushPop,4239,4239,1,2,147937,73968.5,73968.5,73952,73985,23.3,ampere_bf16_s16816gemm_bf16_256x128_ldg8_f2f_stages_32x3_tn
:model.layers.18,PushPop,4239,4239,1,8,139105,17388.1,13584.0,12704,25312,5830.1,"void at::native::elementwise_kernel<(int)128, (int)4, void at::native::gpu_kernel_impl_nocast<at::native::BinaryFunctor<c10::BFloat16, c10::BFloat16, c10::BFloat16, at::native::binary_internal::MulFunctor<float>>>(at::TensorIteratorBase &, const T1 &)::[lambda(int) (instance 1)]>(int, T3)"
:model.layers.18,PushPop,4239,4239,1,4,104096,26024.0,21024.0,20736,41312,10193.2,"void at::native::vectorized_elementwise_kernel<(int)4, void at::native::<unnamed>::pow_tensor_scalar_kernel_impl<float, float>(at::TensorIteratorBase &, T2)::[lambda(float) (instance 1)], std::array<char *, (unsigned long)2>>(int, T2, T3)"
:model.layers.18,PushPop,4239,4239,1,4,104064,26016.0,24992.0,18176,35904,7334.1,"void at::native::<unnamed>::CatArrayBatchedCopy<at::native::<unnamed>::OpaqueType<(unsigned int)2>, unsigned int, (int)4, (int)64, (int)64>(T1 *, at::native::<unnamed>::CatArrInputTensorMetadata<T1, T2, T4, T5>, at::native::<unnamed>::TensorSizeStride<T2, (unsigned int)4>, int, T2)"
:model.layers.18,PushPop,4239,4239,1,4,99648,24912.0,20448.0,19936,38816,9272.5,"void at::native::elementwise_kernel<(int)128, (int)2, void at::native::gpu_kernel_impl_nocast<at::native::BinaryFunctor<float, float, float, at::native::binary_internal::MulFunctor<float>>>(at::TensorIteratorBase &, const T1 &)::[lambda(int) (instance 1)]>(int, T3)"
:model.layers.18,PushPop,4239,4239,1,4,84160,21040.0,17216.0,16576,33152,8080.7,"void at::native::unrolled_elementwise_kernel<at::native::direct_copy_kernel_cuda(at::TensorIteratorBase &)::[lambda() (instance 3)]::operator ()() const::[lambda() (instance 7)]::operator ()() const::[lambda(float) (instance 1)], std::array<char *, (unsigned long)2>, (int)4, TrivialOffsetCalculator<(int)1, unsigned int>, TrivialOffsetCalculator<(int)1, unsigned int>, at::native::memory::LoadWithCast<(int)1>, at::native::memory::StoreWithCast<(int)1>>(int, T1, T2, T4, T5, T6, T7)"
:model.layers.18,PushPop,4239,4239,1,4,75008,18752.0,14704.0,14304,31296,8364.9,"void at::native::vectorized_elementwise_kernel<(int)4, at::native::bfloat16_copy_kernel_cuda(at::TensorIteratorBase &)::[lambda(float) (instance 1)], std::array<char *, (unsigned long)2>>(int, T2, T3)"
:model.layers.18,PushPop,4239,4239,1,4,62432,15608.0,12432.0,10848,26720,7548.3,"void at::native::reduce_kernel<(int)512, (int)1, at::native::ReduceOp<float, at::native::MeanOps<float, float, float, float>, unsigned int, float, (int)4, (int)4>>(T3)"
:model.layers.18,PushPop,4239,4239,1,2,49728,24864.0,24864.0,17280,32448,10725.4,"void at::native::elementwise_kernel<(int)128, (int)4, void at::native::gpu_kernel_impl_nocast<at::native::CUDAFunctor_add<c10::BFloat16>>(at::TensorIteratorBase &, const T1 &)::[lambda(int) (instance 1)]>(int, T3)"
:model.layers.18,PushPop,4239,4239,1,1,45696,45696.0,45696.0,45696,45696,0.0,"void at::native::vectorized_elementwise_kernel<(int)4, at::native::BinaryFunctor<c10::BFloat16, c10::BFloat16, c10::BFloat16, at::native::binary_internal::MulFunctor<float>>, std::array<char *, (unsigned long)3>>(int, T2, T3)"
:model.layers.18,PushPop,4239,4239,1,1,31104,31104.0,31104.0,31104,31104,0.0,"void at::native::vectorized_elementwise_kernel<(int)4, at::native::<unnamed>::silu_kernel(at::TensorIteratorBase &)::[lambda() (instance 1)]::operator ()() const::[lambda() (instance 6)]::operator ()() const::[lambda(c10::BFloat16) (instance 1)], std::array<char *, (unsigned long)2>>(int, T2, T3)"
:model.layers.18,PushPop,4239,4239,1,2,28416,14208.0,14208.0,13952,14464,362.0,"void at::native::vectorized_elementwise_kernel<(int)4, at::native::CUDAFunctor_add<c10::BFloat16>, std::array<char *, (unsigned long)3>>(int, T2, T3)"
:model.layers.18,PushPop,4239,4239,1,2,20544,10272.0,10272.0,6944,13600,4706.5,"void at::native::elementwise_kernel<(int)128, (int)4, void at::native::gpu_kernel_impl_nocast<at::native::neg_kernel_cuda(at::TensorIteratorBase &)::[lambda() (instance 2)]::operator ()() const::[lambda() (instance 9)]::operator ()() const::[lambda(c10::BFloat16) (instance 1)]>(at::TensorIteratorBase &, const T1 &)::[lambda(int) (instance 1)]>(int, T3)"
:model.layers.18,PushPop,4239,4239,1,4,6272,1568.0,1552.0,1408,1760,145.5,"void at::native::vectorized_elementwise_kernel<(int)4, at::native::CUDAFunctorOnSelf_add<float>, std::array<char *, (unsigned long)2>>(int, T2, T3)"
:model.layers.18,PushPop,4239,4239,1,4,5920,1480.0,1472.0,1472,1504,16.0,"void at::native::vectorized_elementwise_kernel<(int)4, at::native::rsqrt_kernel_cuda(at::TensorIteratorBase &)::[lambda() (instance 2)]::operator ()() const::[lambda() (instance 2)]::operator ()() const::[lambda(float) (instance 1)], std::array<char *, (unsigned long)2>>(int, T2, T3)"
:model.layers.18.input_layernorm,PushPop,4239,4239,1,1,20928,20928.0,20928.0,20928,20928,0.0,"void at::native::vectorized_elementwise_kernel<(int)4, void at::native::<unnamed>::pow_tensor_scalar_kernel_impl<float, float>(at::TensorIteratorBase &, T2)::[lambda(float) (instance 1)], std::array<char *, (unsigned long)2>>(int, T2, T3)"
:model.layers.18.input_layernorm,PushPop,4239,4239,1,1,20480,20480.0,20480.0,20480,20480,0.0,"void at::native::elementwise_kernel<(int)128, (int)2, void at::native::gpu_kernel_impl_nocast<at::native::BinaryFunctor<float, float, float, at::native::binary_internal::MulFunctor<float>>>(at::TensorIteratorBase &, const T1 &)::[lambda(int) (instance 1)]>(int, T3)"
:model.layers.18.input_layernorm,PushPop,4239,4239,1,1,17312,17312.0,17312.0,17312,17312,0.0,"void at::native::unrolled_elementwise_kernel<at::native::direct_copy_kernel_cuda(at::TensorIteratorBase &)::[lambda() (instance 3)]::operator ()() const::[lambda() (instance 7)]::operator ()() const::[lambda(float) (instance 1)], std::array<char *, (unsigned long)2>, (int)4, TrivialOffsetCalculator<(int)1, unsigned int>, TrivialOffsetCalculator<(int)1, unsigned int>, at::native::memory::LoadWithCast<(int)1>, at::native::memory::StoreWithCast<(int)1>>(int, T1, T2, T4, T5, T6, T7)"
:model.layers.18.input_layernorm,PushPop,4239,4239,1,1,14656,14656.0,14656.0,14656,14656,0.0,"void at::native::vectorized_elementwise_kernel<(int)4, at::native::bfloat16_copy_kernel_cuda(at::TensorIteratorBase &)::[lambda(float) (instance 1)], std::array<char *, (unsigned long)2>>(int, T2, T3)"
:model.layers.18.input_layernorm,PushPop,4239,4239,1,1,12960,12960.0,12960.0,12960,12960,0.0,"void at::native::elementwise_kernel<(int)128, (int)4, void at::native::gpu_kernel_impl_nocast<at::native::BinaryFunctor<c10::BFloat16, c10::BFloat16, c10::BFloat16, at::native::binary_internal::MulFunctor<float>>>(at::TensorIteratorBase &, const T1 &)::[lambda(int) (instance 1)]>(int, T3)"
:model.layers.18.input_layernorm,PushPop,4239,4239,1,1,10848,10848.0,10848.0,10848,10848,0.0,"void at::native::reduce_kernel<(int)512, (int)1, at::native::ReduceOp<float, at::native::MeanOps<float, float, float, float>, unsigned int, float, (int)4, (int)4>>(T3)"
:model.layers.18.input_layernorm,PushPop,4239,4239,1,1,1536,1536.0,1536.0,1536,1536,0.0,"void at::native::vectorized_elementwise_kernel<(int)4, at::native::CUDAFunctorOnSelf_add<float>, std::array<char *, (unsigned long)2>>(int, T2, T3)"
:model.layers.18.input_layernorm,PushPop,4239,4239,1,1,1472,1472.0,1472.0,1472,1472,0.0,"void at::native::vectorized_elementwise_kernel<(int)4, at::native::rsqrt_kernel_cuda(at::TensorIteratorBase &)::[lambda() (instance 2)]::operator ()() const::[lambda() (instance 2)]::operator ()() const::[lambda(float) (instance 1)], std::array<char *, (unsigned long)2>>(int, T2, T3)"
:model.layers.18.mlp.act_fn,PushPop,4239,4239,1,1,31104,31104.0,31104.0,31104,31104,0.0,"void at::native::vectorized_elementwise_kernel<(int)4, at::native::<unnamed>::silu_kernel(at::TensorIteratorBase &)::[lambda() (instance 1)]::operator ()() const::[lambda() (instance 6)]::operator ()() const::[lambda(c10::BFloat16) (instance 1)], std::array<char *, (unsigned long)2>>(int, T2, T3)"
:model.layers.18.mlp.down_proj,PushPop,4239,4239,1,1,179649,179649.0,179649.0,179649,179649,0.0,ampere_bf16_s1688gemm_bf16_128x128_ldg8_f2f_stages_32x1_tn
:model.layers.18.mlp.gate_proj,PushPop,4239,4239,1,1,223969,223969.0,223969.0,223969,223969,0.0,void cutlass::Kernel2<cutlass_80_tensorop_bf16_s16816gemm_relu_bf16_256x128_32x3_tn_align8>(T1::Params)
:model.layers.18.mlp.up_proj,PushPop,4239,4239,1,1,221441,221441.0,221441.0,221441,221441,0.0,void cutlass::Kernel2<cutlass_80_tensorop_bf16_s16816gemm_relu_bf16_256x128_32x3_tn_align8>(T1::Params)
:model.layers.18.post_attention_layernorm,PushPop,4239,4239,1,1,20736,20736.0,20736.0,20736,20736,0.0,"void at::native::vectorized_elementwise_kernel<(int)4, void at::native::<unnamed>::pow_tensor_scalar_kernel_impl<float, float>(at::TensorIteratorBase &, T2)::[lambda(float) (instance 1)], std::array<char *, (unsigned long)2>>(int, T2, T3)"
:model.layers.18.post_attention_layernorm,PushPop,4239,4239,1,1,20416,20416.0,20416.0,20416,20416,0.0,"void at::native::elementwise_kernel<(int)128, (int)2, void at::native::gpu_kernel_impl_nocast<at::native::BinaryFunctor<float, float, float, at::native::binary_internal::MulFunctor<float>>>(at::TensorIteratorBase &, const T1 &)::[lambda(int) (instance 1)]>(int, T3)"
:model.layers.18.post_attention_layernorm,PushPop,4239,4239,1,1,17120,17120.0,17120.0,17120,17120,0.0,"void at::native::unrolled_elementwise_kernel<at::native::direct_copy_kernel_cuda(at::TensorIteratorBase &)::[lambda() (instance 3)]::operator ()() const::[lambda() (instance 7)]::operator ()() const::[lambda(float) (instance 1)], std::array<char *, (unsigned long)2>, (int)4, TrivialOffsetCalculator<(int)1, unsigned int>, TrivialOffsetCalculator<(int)1, unsigned int>, at::native::memory::LoadWithCast<(int)1>, at::native::memory::StoreWithCast<(int)1>>(int, T1, T2, T4, T5, T6, T7)"
:model.layers.18.post_attention_layernorm,PushPop,4239,4239,1,1,14304,14304.0,14304.0,14304,14304,0.0,"void at::native::vectorized_elementwise_kernel<(int)4, at::native::bfloat16_copy_kernel_cuda(at::TensorIteratorBase &)::[lambda(float) (instance 1)], std::array<char *, (unsigned long)2>>(int, T2, T3)"
:model.layers.18.post_attention_layernorm,PushPop,4239,4239,1,1,13088,13088.0,13088.0,13088,13088,0.0,"void at::native::elementwise_kernel<(int)128, (int)4, void at::native::gpu_kernel_impl_nocast<at::native::BinaryFunctor<c10::BFloat16, c10::BFloat16, c10::BFloat16, at::native::binary_internal::MulFunctor<float>>>(at::TensorIteratorBase &, const T1 &)::[lambda(int) (instance 1)]>(int, T3)"
:model.layers.18.post_attention_layernorm,PushPop,4239,4239,1,1,10912,10912.0,10912.0,10912,10912,0.0,"void at::native::reduce_kernel<(int)512, (int)1, at::native::ReduceOp<float, at::native::MeanOps<float, float, float, float>, unsigned int, float, (int)4, (int)4>>(T3)"
:model.layers.18.post_attention_layernorm,PushPop,4239,4239,1,1,1568,1568.0,1568.0,1568,1568,0.0,"void at::native::vectorized_elementwise_kernel<(int)4, at::native::CUDAFunctorOnSelf_add<float>, std::array<char *, (unsigned long)2>>(int, T2, T3)"
:model.layers.18.post_attention_layernorm,PushPop,4239,4239,1,1,1472,1472.0,1472.0,1472,1472,0.0,"void at::native::vectorized_elementwise_kernel<(int)4, at::native::rsqrt_kernel_cuda(at::TensorIteratorBase &)::[lambda() (instance 2)]::operator ()() const::[lambda() (instance 2)]::operator ()() const::[lambda(float) (instance 1)], std::array<char *, (unsigned long)2>>(int, T2, T3)"
:model.layers.18.self_attn.k_norm,PushPop,4239,4239,1,1,21120,21120.0,21120.0,21120,21120,0.0,"void at::native::vectorized_elementwise_kernel<(int)4, void at::native::<unnamed>::pow_tensor_scalar_kernel_impl<float, float>(at::TensorIteratorBase &, T2)::[lambda(float) (instance 1)], std::array<char *, (unsigned long)2>>(int, T2, T3)"
:model.layers.18.self_attn.k_norm,PushPop,4239,4239,1,1,19936,19936.0,19936.0,19936,19936,0.0,"void at::native::elementwise_kernel<(int)128, (int)2, void at::native::gpu_kernel_impl_nocast<at::native::BinaryFunctor<float, float, float, at::native::binary_internal::MulFunctor<float>>>(at::TensorIteratorBase &, const T1 &)::[lambda(int) (instance 1)]>(int, T3)"
:model.layers.18.self_attn.k_norm,PushPop,4239,4239,1,1,16576,16576.0,16576.0,16576,16576,0.0,"void at::native::unrolled_elementwise_kernel<at::native::direct_copy_kernel_cuda(at::TensorIteratorBase &)::[lambda() (instance 3)]::operator ()() const::[lambda() (instance 7)]::operator ()() const::[lambda(float) (instance 1)], std::array<char *, (unsigned long)2>, (int)4, TrivialOffsetCalculator<(int)1, unsigned int>, TrivialOffsetCalculator<(int)1, unsigned int>, at::native::memory::LoadWithCast<(int)1>, at::native::memory::StoreWithCast<(int)1>>(int, T1, T2, T4, T5, T6, T7)"
:model.layers.18.self_attn.k_norm,PushPop,4239,4239,1,1,14752,14752.0,14752.0,14752,14752,0.0,"void at::native::vectorized_elementwise_kernel<(int)4, at::native::bfloat16_copy_kernel_cuda(at::TensorIteratorBase &)::[lambda(float) (instance 1)], std::array<char *, (unsigned long)2>>(int, T2, T3)"
:model.layers.18.self_attn.k_norm,PushPop,4239,4239,1,1,13952,13952.0,13952.0,13952,13952,0.0,"void at::native::reduce_kernel<(int)512, (int)1, at::native::ReduceOp<float, at::native::MeanOps<float, float, float, float>, unsigned int, float, (int)4, (int)4>>(T3)"
:model.layers.18.self_attn.k_norm,PushPop,4239,4239,1,1,12704,12704.0,12704.0,12704,12704,0.0,"void at::native::elementwise_kernel<(int)128, (int)4, void at::native::gpu_kernel_impl_nocast<at::native::BinaryFunctor<c10::BFloat16, c10::BFloat16, c10::BFloat16, at::native::binary_internal::MulFunctor<float>>>(at::TensorIteratorBase &, const T1 &)::[lambda(int) (instance 1)]>(int, T3)"
:model.layers.18.self_attn.k_norm,PushPop,4239,4239,1,1,1472,1472.0,1472.0,1472,1472,0.0,"void at::native::vectorized_elementwise_kernel<(int)4, at::native::rsqrt_kernel_cuda(at::TensorIteratorBase &)::[lambda() (instance 2)]::operator ()() const::[lambda() (instance 2)]::operator ()() const::[lambda(float) (instance 1)], std::array<char *, (unsigned long)2>>(int, T2, T3)"
:model.layers.18.self_attn.k_norm,PushPop,4239,4239,1,1,1408,1408.0,1408.0,1408,1408,0.0,"void at::native::vectorized_elementwise_kernel<(int)4, at::native::CUDAFunctorOnSelf_add<float>, std::array<char *, (unsigned long)2>>(int, T2, T3)"
:model.layers.18.self_attn.k_proj,PushPop,4239,4239,1,1,73985,73985.0,73985.0,73985,73985,0.0,ampere_bf16_s16816gemm_bf16_256x128_ldg8_f2f_stages_32x3_tn
:model.layers.18.self_attn.o_proj,PushPop,4239,4239,1,1,122817,122817.0,122817.0,122817,122817,0.0,ampere_bf16_s1688gemm_bf16_128x128_ldg8_f2f_stages_32x1_tn
:model.layers.18.self_attn.q_norm,PushPop,4239,4239,1,1,41312,41312.0,41312.0,41312,41312,0.0,"void at::native::vectorized_elementwise_kernel<(int)4, void at::native::<unnamed>::pow_tensor_scalar_kernel_impl<float, float>(at::TensorIteratorBase &, T2)::[lambda(float) (instance 1)], std::array<char *, (unsigned long)2>>(int, T2, T3)"
:model.layers.18.self_attn.q_norm,PushPop,4239,4239,1,1,38816,38816.0,38816.0,38816,38816,0.0,"void at::native::elementwise_kernel<(int)128, (int)2, void at::native::gpu_kernel_impl_nocast<at::native::BinaryFunctor<float, float, float, at::native::binary_internal::MulFunctor<float>>>(at::TensorIteratorBase &, const T1 &)::[lambda(int) (instance 1)]>(int, T3)"
:model.layers.18.self_attn.q_norm,PushPop,4239,4239,1,1,33152,33152.0,33152.0,33152,33152,0.0,"void at::native::unrolled_elementwise_kernel<at::native::direct_copy_kernel_cuda(at::TensorIteratorBase &)::[lambda() (instance 3)]::operator ()() const::[lambda() (instance 7)]::operator ()() const::[lambda(float) (instance 1)], std::array<char *, (unsigned long)2>, (int)4, TrivialOffsetCalculator<(int)1, unsigned int>, TrivialOffsetCalculator<(int)1, unsigned int>, at::native::memory::LoadWithCast<(int)1>, at::native::memory::StoreWithCast<(int)1>>(int, T1, T2, T4, T5, T6, T7)"
:model.layers.18.self_attn.q_norm,PushPop,4239,4239,1,1,31296,31296.0,31296.0,31296,31296,0.0,"void at::native::vectorized_elementwise_kernel<(int)4, at::native::bfloat16_copy_kernel_cuda(at::TensorIteratorBase &)::[lambda(float) (instance 1)], std::array<char *, (unsigned long)2>>(int, T2, T3)"
:model.layers.18.self_attn.q_norm,PushPop,4239,4239,1,1,26720,26720.0,26720.0,26720,26720,0.0,"void at::native::reduce_kernel<(int)512, (int)1, at::native::ReduceOp<float, at::native::MeanOps<float, float, float, float>, unsigned int, float, (int)4, (int)4>>(T3)"
:model.layers.18.self_attn.q_norm,PushPop,4239,4239,1,1,23744,23744.0,23744.0,23744,23744,0.0,"void at::native::elementwise_kernel<(int)128, (int)4, void at::native::gpu_kernel_impl_nocast<at::native::BinaryFunctor<c10::BFloat16, c10::BFloat16, c10::BFloat16, at::native::binary_internal::MulFunctor<float>>>(at::TensorIteratorBase &, const T1 &)::[lambda(int) (instance 1)]>(int, T3)"
:model.layers.18.self_attn.q_norm,PushPop,4239,4239,1,1,1760,1760.0,1760.0,1760,1760,0.0,"void at::native::vectorized_elementwise_kernel<(int)4, at::native::CUDAFunctorOnSelf_add<float>, std::array<char *, (unsigned long)2>>(int, T2, T3)"
:model.layers.18.self_attn.q_norm,PushPop,4239,4239,1,1,1504,1504.0,1504.0,1504,1504,0.0,"void at::native::vectorized_elementwise_kernel<(int)4, at::native::rsqrt_kernel_cuda(at::TensorIteratorBase &)::[lambda() (instance 2)]::operator ()() const::[lambda() (instance 2)]::operator ()() const::[lambda(float) (instance 1)], std::array<char *, (unsigned long)2>>(int, T2, T3)"
:model.layers.18.self_attn.q_proj,PushPop,4239,4239,1,1,150561,150561.0,150561.0,150561,150561,0.0,void cutlass::Kernel2<cutlass_80_tensorop_bf16_s16816gemm_relu_bf16_256x128_32x3_tn_align8>(T1::Params)
:model.layers.18.self_attn.v_proj,PushPop,4239,4239,1,1,73952,73952.0,73952.0,73952,73952,0.0,ampere_bf16_s16816gemm_bf16_256x128_ldg8_f2f_stages_32x3_tn
:model.layers.19,PushPop,4239,4239,1,3,596451,198817.0,221601.0,150497,224353,41869.0,void cutlass::Kernel2<cutlass_80_tensorop_bf16_s16816gemm_relu_bf16_256x128_32x3_tn_align8>(T1::Params)
:model.layers.19,PushPop,4239,4239,1,2,303137,151568.5,151568.5,123168,179969,40164.4,ampere_bf16_s1688gemm_bf16_128x128_ldg8_f2f_stages_32x1_tn
:model.layers.19,PushPop,4239,4239,1,1,299810,299810.0,299810.0,299810,299810,0.0,"void pytorch_flash::flash_fwd_kernel<Flash_fwd_kernel_traits<(int)128, (int)64, (int)64, (int)4, (bool)0, (bool)0, cutlass::bfloat16_t, Flash_kernel_traits<(int)128, (int)64, (int)64, (int)4, cutlass::bfloat16_t>>, (bool)0, (bool)1, (bool)0, (bool)0, (bool)1, (bool)1, (bool)0, (bool)0>(pytorch_flash::Flash_fwd_params)"
:model.layers.19,PushPop,4239,4239,1,2,148064,74032.0,74032.0,74016,74048,22.6,ampere_bf16_s16816gemm_bf16_256x128_ldg8_f2f_stages_32x3_tn
:model.layers.19,PushPop,4239,4239,1,8,139650,17456.3,13648.0,12608,25281,5901.4,"void at::native::elementwise_kernel<(int)128, (int)4, void at::native::gpu_kernel_impl_nocast<at::native::BinaryFunctor<c10::BFloat16, c10::BFloat16, c10::BFloat16, at::native::binary_internal::MulFunctor<float>>>(at::TensorIteratorBase &, const T1 &)::[lambda(int) (instance 1)]>(int, T3)"
:model.layers.19,PushPop,4239,4239,1,4,103968,25992.0,21040.0,20864,41024,10021.7,"void at::native::vectorized_elementwise_kernel<(int)4, void at::native::<unnamed>::pow_tensor_scalar_kernel_impl<float, float>(at::TensorIteratorBase &, T2)::[lambda(float) (instance 1)], std::array<char *, (unsigned long)2>>(int, T2, T3)"
:model.layers.19,PushPop,4239,4239,1,4,103904,25976.0,25040.0,18144,35680,7240.3,"void at::native::<unnamed>::CatArrayBatchedCopy<at::native::<unnamed>::OpaqueType<(unsigned int)2>, unsigned int, (int)4, (int)64, (int)64>(T1 *, at::native::<unnamed>::CatArrInputTensorMetadata<T1, T2, T4, T5>, at::native::<unnamed>::TensorSizeStride<T2, (unsigned int)4>, int, T2)"
:model.layers.19,PushPop,4239,4239,1,4,100480,25120.0,20768.0,20000,38944,9224.4,"void at::native::elementwise_kernel<(int)128, (int)2, void at::native::gpu_kernel_impl_nocast<at::native::BinaryFunctor<float, float, float, at::native::binary_internal::MulFunctor<float>>>(at::TensorIteratorBase &, const T1 &)::[lambda(int) (instance 1)]>(int, T3)"
:model.layers.19,PushPop,4239,4239,1,4,83648,20912.0,17184.0,16384,32896,7998.4,"void at::native::unrolled_elementwise_kernel<at::native::direct_copy_kernel_cuda(at::TensorIteratorBase &)::[lambda() (instance 3)]::operator ()() const::[lambda() (instance 7)]::operator ()() const::[lambda(float) (instance 1)], std::array<char *, (unsigned long)2>, (int)4, TrivialOffsetCalculator<(int)1, unsigned int>, TrivialOffsetCalculator<(int)1, unsigned int>, at::native::memory::LoadWithCast<(int)1>, at::native::memory::StoreWithCast<(int)1>>(int, T1, T2, T4, T5, T6, T7)"
:model.layers.19,PushPop,4239,4239,1,4,75168,18792.0,14688.0,14464,31328,8358.4,"void at::native::vectorized_elementwise_kernel<(int)4, at::native::bfloat16_copy_kernel_cuda(at::TensorIteratorBase &)::[lambda(float) (instance 1)], std::array<char *, (unsigned long)2>>(int, T2, T3)"
:model.layers.19,PushPop,4239,4239,1,4,62464,15616.0,12496.0,10752,26720,7568.7,"void at::native::reduce_kernel<(int)512, (int)1, at::native::ReduceOp<float, at::native::MeanOps<float, float, float, float>, unsigned int, float, (int)4, (int)4>>(T3)"
:model.layers.19,PushPop,4239,4239,1,2,49952,24976.0,24976.0,17216,32736,10974.3,"void at::native::elementwise_kernel<(int)128, (int)4, void at::native::gpu_kernel_impl_nocast<at::native::CUDAFunctor_add<c10::BFloat16>>(at::TensorIteratorBase &, const T1 &)::[lambda(int) (instance 1)]>(int, T3)"
:model.layers.19,PushPop,4239,4239,1,1,45760,45760.0,45760.0,45760,45760,0.0,"void at::native::vectorized_elementwise_kernel<(int)4, at::native::BinaryFunctor<c10::BFloat16, c10::BFloat16, c10::BFloat16, at::native::binary_internal::MulFunctor<float>>, std::array<char *, (unsigned long)3>>(int, T2, T3)"
:model.layers.19,PushPop,4239,4239,1,1,31104,31104.0,31104.0,31104,31104,0.0,"void at::native::vectorized_elementwise_kernel<(int)4, at::native::<unnamed>::silu_kernel(at::TensorIteratorBase &)::[lambda() (instance 1)]::operator ()() const::[lambda() (instance 6)]::operator ()() const::[lambda(c10::BFloat16) (instance 1)], std::array<char *, (unsigned long)2>>(int, T2, T3)"
:model.layers.19,PushPop,4239,4239,1,2,28256,14128.0,14128.0,14080,14176,67.9,"void at::native::vectorized_elementwise_kernel<(int)4, at::native::CUDAFunctor_add<c10::BFloat16>, std::array<char *, (unsigned long)3>>(int, T2, T3)"
:model.layers.19,PushPop,4239,4239,1,2,20640,10320.0,10320.0,7072,13568,4593.4,"void at::native::elementwise_kernel<(int)128, (int)4, void at::native::gpu_kernel_impl_nocast<at::native::neg_kernel_cuda(at::TensorIteratorBase &)::[lambda() (instance 2)]::operator ()() const::[lambda() (instance 9)]::operator ()() const::[lambda(c10::BFloat16) (instance 1)]>(at::TensorIteratorBase &, const T1 &)::[lambda(int) (instance 1)]>(int, T3)"
:model.layers.19,PushPop,4239,4239,1,4,6368,1592.0,1552.0,1440,1824,164.0,"void at::native::vectorized_elementwise_kernel<(int)4, at::native::CUDAFunctorOnSelf_add<float>, std::array<char *, (unsigned long)2>>(int, T2, T3)"
:model.layers.19,PushPop,4239,4239,1,4,5920,1480.0,1472.0,1472,1504,16.0,"void at::native::vectorized_elementwise_kernel<(int)4, at::native::rsqrt_kernel_cuda(at::TensorIteratorBase &)::[lambda() (instance 2)]::operator ()() const::[lambda() (instance 2)]::operator ()() const::[lambda(float) (instance 1)], std::array<char *, (unsigned long)2>>(int, T2, T3)"
:model.layers.19.input_layernorm,PushPop,4239,4239,1,1,21056,21056.0,21056.0,21056,21056,0.0,"void at::native::vectorized_elementwise_kernel<(int)4, void at::native::<unnamed>::pow_tensor_scalar_kernel_impl<float, float>(at::TensorIteratorBase &, T2)::[lambda(float) (instance 1)], std::array<char *, (unsigned long)2>>(int, T2, T3)"
:model.layers.19.input_layernorm,PushPop,4239,4239,1,1,20576,20576.0,20576.0,20576,20576,0.0,"void at::native::elementwise_kernel<(int)128, (int)2, void at::native::gpu_kernel_impl_nocast<at::native::BinaryFunctor<float, float, float, at::native::binary_internal::MulFunctor<float>>>(at::TensorIteratorBase &, const T1 &)::[lambda(int) (instance 1)]>(int, T3)"
:model.layers.19.input_layernorm,PushPop,4239,4239,1,1,17248,17248.0,17248.0,17248,17248,0.0,"void at::native::unrolled_elementwise_kernel<at::native::direct_copy_kernel_cuda(at::TensorIteratorBase &)::[lambda() (instance 3)]::operator ()() const::[lambda() (instance 7)]::operator ()() const::[lambda(float) (instance 1)], std::array<char *, (unsigned long)2>, (int)4, TrivialOffsetCalculator<(int)1, unsigned int>, TrivialOffsetCalculator<(int)1, unsigned int>, at::native::memory::LoadWithCast<(int)1>, at::native::memory::StoreWithCast<(int)1>>(int, T1, T2, T4, T5, T6, T7)"
:model.layers.19.input_layernorm,PushPop,4239,4239,1,1,14784,14784.0,14784.0,14784,14784,0.0,"void at::native::vectorized_elementwise_kernel<(int)4, at::native::bfloat16_copy_kernel_cuda(at::TensorIteratorBase &)::[lambda(float) (instance 1)], std::array<char *, (unsigned long)2>>(int, T2, T3)"
:model.layers.19.input_layernorm,PushPop,4239,4239,1,1,12928,12928.0,12928.0,12928,12928,0.0,"void at::native::elementwise_kernel<(int)128, (int)4, void at::native::gpu_kernel_impl_nocast<at::native::BinaryFunctor<c10::BFloat16, c10::BFloat16, c10::BFloat16, at::native::binary_internal::MulFunctor<float>>>(at::TensorIteratorBase &, const T1 &)::[lambda(int) (instance 1)]>(int, T3)"
:model.layers.19.input_layernorm,PushPop,4239,4239,1,1,10848,10848.0,10848.0,10848,10848,0.0,"void at::native::reduce_kernel<(int)512, (int)1, at::native::ReduceOp<float, at::native::MeanOps<float, float, float, float>, unsigned int, float, (int)4, (int)4>>(T3)"
:model.layers.19.input_layernorm,PushPop,4239,4239,1,1,1568,1568.0,1568.0,1568,1568,0.0,"void at::native::vectorized_elementwise_kernel<(int)4, at::native::CUDAFunctorOnSelf_add<float>, std::array<char *, (unsigned long)2>>(int, T2, T3)"
:model.layers.19.input_layernorm,PushPop,4239,4239,1,1,1472,1472.0,1472.0,1472,1472,0.0,"void at::native::vectorized_elementwise_kernel<(int)4, at::native::rsqrt_kernel_cuda(at::TensorIteratorBase &)::[lambda() (instance 2)]::operator ()() const::[lambda() (instance 2)]::operator ()() const::[lambda(float) (instance 1)], std::array<char *, (unsigned long)2>>(int, T2, T3)"
:model.layers.19.mlp.act_fn,PushPop,4239,4239,1,1,31104,31104.0,31104.0,31104,31104,0.0,"void at::native::vectorized_elementwise_kernel<(int)4, at::native::<unnamed>::silu_kernel(at::TensorIteratorBase &)::[lambda() (instance 1)]::operator ()() const::[lambda() (instance 6)]::operator ()() const::[lambda(c10::BFloat16) (instance 1)], std::array<char *, (unsigned long)2>>(int, T2, T3)"
:model.layers.19.mlp.down_proj,PushPop,4239,4239,1,1,179969,179969.0,179969.0,179969,179969,0.0,ampere_bf16_s1688gemm_bf16_128x128_ldg8_f2f_stages_32x1_tn
:model.layers.19.mlp.gate_proj,PushPop,4239,4239,1,1,224353,224353.0,224353.0,224353,224353,0.0,void cutlass::Kernel2<cutlass_80_tensorop_bf16_s16816gemm_relu_bf16_256x128_32x3_tn_align8>(T1::Params)
:model.layers.19.mlp.up_proj,PushPop,4239,4239,1,1,221601,221601.0,221601.0,221601,221601,0.0,void cutlass::Kernel2<cutlass_80_tensorop_bf16_s16816gemm_relu_bf16_256x128_32x3_tn_align8>(T1::Params)
:model.layers.19.post_attention_layernorm,PushPop,4239,4239,1,1,20960,20960.0,20960.0,20960,20960,0.0,"void at::native::elementwise_kernel<(int)128, (int)2, void at::native::gpu_kernel_impl_nocast<at::native::BinaryFunctor<float, float, float, at::native::binary_internal::MulFunctor<float>>>(at::TensorIteratorBase &, const T1 &)::[lambda(int) (instance 1)]>(int, T3)"
:model.layers.19.post_attention_layernorm,PushPop,4239,4239,1,1,20864,20864.0,20864.0,20864,20864,0.0,"void at::native::vectorized_elementwise_kernel<(int)4, void at::native::<unnamed>::pow_tensor_scalar_kernel_impl<float, float>(at::TensorIteratorBase &, T2)::[lambda(float) (instance 1)], std::array<char *, (unsigned long)2>>(int, T2, T3)"
:model.layers.19.post_attention_layernorm,PushPop,4239,4239,1,1,17120,17120.0,17120.0,17120,17120,0.0,"void at::native::unrolled_elementwise_kernel<at::native::direct_copy_kernel_cuda(at::TensorIteratorBase &)::[lambda() (instance 3)]::operator ()() const::[lambda() (instance 7)]::operator ()() const::[lambda(float) (instance 1)], std::array<char *, (unsigned long)2>, (int)4, TrivialOffsetCalculator<(int)1, unsigned int>, TrivialOffsetCalculator<(int)1, unsigned int>, at::native::memory::LoadWithCast<(int)1>, at::native::memory::StoreWithCast<(int)1>>(int, T1, T2, T4, T5, T6, T7)"
:model.layers.19.post_attention_layernorm,PushPop,4239,4239,1,1,14464,14464.0,14464.0,14464,14464,0.0,"void at::native::vectorized_elementwise_kernel<(int)4, at::native::bfloat16_copy_kernel_cuda(at::TensorIteratorBase &)::[lambda(float) (instance 1)], std::array<char *, (unsigned long)2>>(int, T2, T3)"
:model.layers.19.post_attention_layernorm,PushPop,4239,4239,1,1,13152,13152.0,13152.0,13152,13152,0.0,"void at::native::elementwise_kernel<(int)128, (int)4, void at::native::gpu_kernel_impl_nocast<at::native::BinaryFunctor<c10::BFloat16, c10::BFloat16, c10::BFloat16, at::native::binary_internal::MulFunctor<float>>>(at::TensorIteratorBase &, const T1 &)::[lambda(int) (instance 1)]>(int, T3)"
:model.layers.19.post_attention_layernorm,PushPop,4239,4239,1,1,10752,10752.0,10752.0,10752,10752,0.0,"void at::native::reduce_kernel<(int)512, (int)1, at::native::ReduceOp<float, at::native::MeanOps<float, float, float, float>, unsigned int, float, (int)4, (int)4>>(T3)"
:model.layers.19.post_attention_layernorm,PushPop,4239,4239,1,1,1536,1536.0,1536.0,1536,1536,0.0,"void at::native::vectorized_elementwise_kernel<(int)4, at::native::CUDAFunctorOnSelf_add<float>, std::array<char *, (unsigned long)2>>(int, T2, T3)"
:model.layers.19.post_attention_layernorm,PushPop,4239,4239,1,1,1472,1472.0,1472.0,1472,1472,0.0,"void at::native::vectorized_elementwise_kernel<(int)4, at::native::rsqrt_kernel_cuda(at::TensorIteratorBase &)::[lambda() (instance 2)]::operator ()() const::[lambda() (instance 2)]::operator ()() const::[lambda(float) (instance 1)], std::array<char *, (unsigned long)2>>(int, T2, T3)"
:model.layers.19.self_attn.k_norm,PushPop,4239,4239,1,1,21024,21024.0,21024.0,21024,21024,0.0,"void at::native::vectorized_elementwise_kernel<(int)4, void at::native::<unnamed>::pow_tensor_scalar_kernel_impl<float, float>(at::TensorIteratorBase &, T2)::[lambda(float) (instance 1)], std::array<char *, (unsigned long)2>>(int, T2, T3)"
:model.layers.19.self_attn.k_norm,PushPop,4239,4239,1,1,20000,20000.0,20000.0,20000,20000,0.0,"void at::native::elementwise_kernel<(int)128, (int)2, void at::native::gpu_kernel_impl_nocast<at::native::BinaryFunctor<float, float, float, at::native::binary_internal::MulFunctor<float>>>(at::TensorIteratorBase &, const T1 &)::[lambda(int) (instance 1)]>(int, T3)"
:model.layers.19.self_attn.k_norm,PushPop,4239,4239,1,1,16384,16384.0,16384.0,16384,16384,0.0,"void at::native::unrolled_elementwise_kernel<at::native::direct_copy_kernel_cuda(at::TensorIteratorBase &)::[lambda() (instance 3)]::operator ()() const::[lambda() (instance 7)]::operator ()() const::[lambda(float) (instance 1)], std::array<char *, (unsigned long)2>, (int)4, TrivialOffsetCalculator<(int)1, unsigned int>, TrivialOffsetCalculator<(int)1, unsigned int>, at::native::memory::LoadWithCast<(int)1>, at::native::memory::StoreWithCast<(int)1>>(int, T1, T2, T4, T5, T6, T7)"
:model.layers.19.self_attn.k_norm,PushPop,4239,4239,1,1,14592,14592.0,14592.0,14592,14592,0.0,"void at::native::vectorized_elementwise_kernel<(int)4, at::native::bfloat16_copy_kernel_cuda(at::TensorIteratorBase &)::[lambda(float) (instance 1)], std::array<char *, (unsigned long)2>>(int, T2, T3)"
:model.layers.19.self_attn.k_norm,PushPop,4239,4239,1,1,14144,14144.0,14144.0,14144,14144,0.0,"void at::native::reduce_kernel<(int)512, (int)1, at::native::ReduceOp<float, at::native::MeanOps<float, float, float, float>, unsigned int, float, (int)4, (int)4>>(T3)"
:model.layers.19.self_attn.k_norm,PushPop,4239,4239,1,1,12608,12608.0,12608.0,12608,12608,0.0,"void at::native::elementwise_kernel<(int)128, (int)4, void at::native::gpu_kernel_impl_nocast<at::native::BinaryFunctor<c10::BFloat16, c10::BFloat16, c10::BFloat16, at::native::binary_internal::MulFunctor<float>>>(at::TensorIteratorBase &, const T1 &)::[lambda(int) (instance 1)]>(int, T3)"
:model.layers.19.self_attn.k_norm,PushPop,4239,4239,1,1,1472,1472.0,1472.0,1472,1472,0.0,"void at::native::vectorized_elementwise_kernel<(int)4, at::native::rsqrt_kernel_cuda(at::TensorIteratorBase &)::[lambda() (instance 2)]::operator ()() const::[lambda() (instance 2)]::operator ()() const::[lambda(float) (instance 1)], std::array<char *, (unsigned long)2>>(int, T2, T3)"
:model.layers.19.self_attn.k_norm,PushPop,4239,4239,1,1,1440,1440.0,1440.0,1440,1440,0.0,"void at::native::vectorized_elementwise_kernel<(int)4, at::native::CUDAFunctorOnSelf_add<float>, std::array<char *, (unsigned long)2>>(int, T2, T3)"
:model.layers.19.self_attn.k_proj,PushPop,4239,4239,1,1,74048,74048.0,74048.0,74048,74048,0.0,ampere_bf16_s16816gemm_bf16_256x128_ldg8_f2f_stages_32x3_tn
:model.layers.19.self_attn.o_proj,PushPop,4239,4239,1,1,123168,123168.0,123168.0,123168,123168,0.0,ampere_bf16_s1688gemm_bf16_128x128_ldg8_f2f_stages_32x1_tn
:model.layers.19.self_attn.q_norm,PushPop,4239,4239,1,1,41024,41024.0,41024.0,41024,41024,0.0,"void at::native::vectorized_elementwise_kernel<(int)4, void at::native::<unnamed>::pow_tensor_scalar_kernel_impl<float, float>(at::TensorIteratorBase &, T2)::[lambda(float) (instance 1)], std::array<char *, (unsigned long)2>>(int, T2, T3)"
:model.layers.19.self_attn.q_norm,PushPop,4239,4239,1,1,38944,38944.0,38944.0,38944,38944,0.0,"void at::native::elementwise_kernel<(int)128, (int)2, void at::native::gpu_kernel_impl_nocast<at::native::BinaryFunctor<float, float, float, at::native::binary_internal::MulFunctor<float>>>(at::TensorIteratorBase &, const T1 &)::[lambda(int) (instance 1)]>(int, T3)"
:model.layers.19.self_attn.q_norm,PushPop,4239,4239,1,1,32896,32896.0,32896.0,32896,32896,0.0,"void at::native::unrolled_elementwise_kernel<at::native::direct_copy_kernel_cuda(at::TensorIteratorBase &)::[lambda() (instance 3)]::operator ()() const::[lambda() (instance 7)]::operator ()() const::[lambda(float) (instance 1)], std::array<char *, (unsigned long)2>, (int)4, TrivialOffsetCalculator<(int)1, unsigned int>, TrivialOffsetCalculator<(int)1, unsigned int>, at::native::memory::LoadWithCast<(int)1>, at::native::memory::StoreWithCast<(int)1>>(int, T1, T2, T4, T5, T6, T7)"
:model.layers.19.self_attn.q_norm,PushPop,4239,4239,1,1,31328,31328.0,31328.0,31328,31328,0.0,"void at::native::vectorized_elementwise_kernel<(int)4, at::native::bfloat16_copy_kernel_cuda(at::TensorIteratorBase &)::[lambda(float) (instance 1)], std::array<char *, (unsigned long)2>>(int, T2, T3)"
:model.layers.19.self_attn.q_norm,PushPop,4239,4239,1,1,26720,26720.0,26720.0,26720,26720,0.0,"void at::native::reduce_kernel<(int)512, (int)1, at::native::ReduceOp<float, at::native::MeanOps<float, float, float, float>, unsigned int, float, (int)4, (int)4>>(T3)"
:model.layers.19.self_attn.q_norm,PushPop,4239,4239,1,1,24001,24001.0,24001.0,24001,24001,0.0,"void at::native::elementwise_kernel<(int)128, (int)4, void at::native::gpu_kernel_impl_nocast<at::native::BinaryFunctor<c10::BFloat16, c10::BFloat16, c10::BFloat16, at::native::binary_internal::MulFunctor<float>>>(at::TensorIteratorBase &, const T1 &)::[lambda(int) (instance 1)]>(int, T3)"
:model.layers.19.self_attn.q_norm,PushPop,4239,4239,1,1,1824,1824.0,1824.0,1824,1824,0.0,"void at::native::vectorized_elementwise_kernel<(int)4, at::native::CUDAFunctorOnSelf_add<float>, std::array<char *, (unsigned long)2>>(int, T2, T3)"
:model.layers.19.self_attn.q_norm,PushPop,4239,4239,1,1,1504,1504.0,1504.0,1504,1504,0.0,"void at::native::vectorized_elementwise_kernel<(int)4, at::native::rsqrt_kernel_cuda(at::TensorIteratorBase &)::[lambda() (instance 2)]::operator ()() const::[lambda() (instance 2)]::operator ()() const::[lambda(float) (instance 1)], std::array<char *, (unsigned long)2>>(int, T2, T3)"
:model.layers.19.self_attn.q_proj,PushPop,4239,4239,1,1,150497,150497.0,150497.0,150497,150497,0.0,void cutlass::Kernel2<cutlass_80_tensorop_bf16_s16816gemm_relu_bf16_256x128_32x3_tn_align8>(T1::Params)
:model.layers.19.self_attn.v_proj,PushPop,4239,4239,1,1,74016,74016.0,74016.0,74016,74016,0.0,ampere_bf16_s16816gemm_bf16_256x128_ldg8_f2f_stages_32x3_tn
:model.layers.2,PushPop,4239,4239,1,3,595810,198603.3,221185.0,150560,224065,41631.7,void cutlass::Kernel2<cutlass_80_tensorop_bf16_s16816gemm_relu_bf16_256x128_32x3_tn_align8>(T1::Params)
:model.layers.2,PushPop,4239,4239,1,1,316609,316609.0,316609.0,316609,316609,0.0,"void pytorch_flash::flash_fwd_kernel<Flash_fwd_kernel_traits<(int)128, (int)64, (int)64, (int)4, (bool)0, (bool)0, cutlass::bfloat16_t, Flash_kernel_traits<(int)128, (int)64, (int)64, (int)4, cutlass::bfloat16_t>>, (bool)0, (bool)1, (bool)0, (bool)0, (bool)1, (bool)1, (bool)0, (bool)0>(pytorch_flash::Flash_fwd_params)"
:model.layers.2,PushPop,4239,4239,1,2,303074,151537.0,151537.0,123361,179713,39846.9,ampere_bf16_s1688gemm_bf16_128x128_ldg8_f2f_stages_32x1_tn
:model.layers.2,PushPop,4239,4239,1,2,148032,74016.0,74016.0,73984,74048,45.3,ampere_bf16_s16816gemm_bf16_256x128_ldg8_f2f_stages_32x3_tn
:model.layers.2,PushPop,4239,4239,1,8,139585,17448.1,13744.5,12608,25344,5889.9,"void at::native::elementwise_kernel<(int)128, (int)4, void at::native::gpu_kernel_impl_nocast<at::native::BinaryFunctor<c10::BFloat16, c10::BFloat16, c10::BFloat16, at::native::binary_internal::MulFunctor<float>>>(at::TensorIteratorBase &, const T1 &)::[lambda(int) (instance 1)]>(int, T3)"
:model.layers.2,PushPop,4239,4239,1,4,103681,25920.3,20944.0,20608,41185,10177.9,"void at::native::vectorized_elementwise_kernel<(int)4, void at::native::<unnamed>::pow_tensor_scalar_kernel_impl<float, float>(at::TensorIteratorBase &, T2)::[lambda(float) (instance 1)], std::array<char *, (unsigned long)2>>(int, T2, T3)"
:model.layers.2,PushPop,4239,4239,1,4,103680,25920.0,24880.0,18176,35744,7272.0,"void at::native::<unnamed>::CatArrayBatchedCopy<at::native::<unnamed>::OpaqueType<(unsigned int)2>, unsigned int, (int)4, (int)64, (int)64>(T1 *, at::native::<unnamed>::CatArrInputTensorMetadata<T1, T2, T4, T5>, at::native::<unnamed>::TensorSizeStride<T2, (unsigned int)4>, int, T2)"
:model.layers.2,PushPop,4239,4239,1,4,99744,24936.0,20320.0,20224,38880,9296.4,"void at::native::elementwise_kernel<(int)128, (int)2, void at::native::gpu_kernel_impl_nocast<at::native::BinaryFunctor<float, float, float, at::native::binary_internal::MulFunctor<float>>>(at::TensorIteratorBase &, const T1 &)::[lambda(int) (instance 1)]>(int, T3)"
:model.layers.2,PushPop,4239,4239,1,4,84384,21096.0,17552.0,16416,32864,7863.9,"void at::native::unrolled_elementwise_kernel<at::native::direct_copy_kernel_cuda(at::TensorIteratorBase &)::[lambda() (instance 3)]::operator ()() const::[lambda() (instance 7)]::operator ()() const::[lambda(float) (instance 1)], std::array<char *, (unsigned long)2>, (int)4, TrivialOffsetCalculator<(int)1, unsigned int>, TrivialOffsetCalculator<(int)1, unsigned int>, at::native::memory::LoadWithCast<(int)1>, at::native::memory::StoreWithCast<(int)1>>(int, T1, T2, T4, T5, T6, T7)"
:model.layers.2,PushPop,4239,4239,1,4,75648,18912.0,14784.0,14656,31424,8341.7,"void at::native::vectorized_elementwise_kernel<(int)4, at::native::bfloat16_copy_kernel_cuda(at::TensorIteratorBase &)::[lambda(float) (instance 1)], std::array<char *, (unsigned long)2>>(int, T2, T3)"
:model.layers.2,PushPop,4239,4239,1,4,62050,15512.5,12352.5,10721,26624,7556.8,"void at::native::reduce_kernel<(int)512, (int)1, at::native::ReduceOp<float, at::native::MeanOps<float, float, float, float>, unsigned int, float, (int)4, (int)4>>(T3)"
:model.layers.2,PushPop,4239,4239,1,2,49600,24800.0,24800.0,17248,32352,10680.1,"void at::native::elementwise_kernel<(int)128, (int)4, void at::native::gpu_kernel_impl_nocast<at::native::CUDAFunctor_add<c10::BFloat16>>(at::TensorIteratorBase &, const T1 &)::[lambda(int) (instance 1)]>(int, T3)"
:model.layers.2,PushPop,4239,4239,1,1,46016,46016.0,46016.0,46016,46016,0.0,"void at::native::vectorized_elementwise_kernel<(int)4, at::native::BinaryFunctor<c10::BFloat16, c10::BFloat16, c10::BFloat16, at::native::binary_internal::MulFunctor<float>>, std::array<char *, (unsigned long)3>>(int, T2, T3)"
:model.layers.2,PushPop,4239,4239,1,1,31520,31520.0,31520.0,31520,31520,0.0,"void at::native::vectorized_elementwise_kernel<(int)4, at::native::<unnamed>::silu_kernel(at::TensorIteratorBase &)::[lambda() (instance 1)]::operator ()() const::[lambda() (instance 6)]::operator ()() const::[lambda(c10::BFloat16) (instance 1)], std::array<char *, (unsigned long)2>>(int, T2, T3)"
:model.layers.2,PushPop,4239,4239,1,2,28416,14208.0,14208.0,14176,14240,45.3,"void at::native::vectorized_elementwise_kernel<(int)4, at::native::CUDAFunctor_add<c10::BFloat16>, std::array<char *, (unsigned long)3>>(int, T2, T3)"
:model.layers.2,PushPop,4239,4239,1,2,20672,10336.0,10336.0,7072,13600,4616.0,"void at::native::elementwise_kernel<(int)128, (int)4, void at::native::gpu_kernel_impl_nocast<at::native::neg_kernel_cuda(at::TensorIteratorBase &)::[lambda() (instance 2)]::operator ()() const::[lambda() (instance 9)]::operator ()() const::[lambda(c10::BFloat16) (instance 1)]>(at::TensorIteratorBase &, const T1 &)::[lambda(int) (instance 1)]>(int, T3)"
:model.layers.2,PushPop,4239,4239,1,4,6496,1624.0,1568.0,1408,1952,231.3,"void at::native::vectorized_elementwise_kernel<(int)4, at::native::CUDAFunctorOnSelf_add<float>, std::array<char *, (unsigned long)2>>(int, T2, T3)"
:model.layers.2,PushPop,4239,4239,1,4,5888,1472.0,1472.0,1440,1504,26.1,"void at::native::vectorized_elementwise_kernel<(int)4, at::native::rsqrt_kernel_cuda(at::TensorIteratorBase &)::[lambda() (instance 2)]::operator ()() const::[lambda() (instance 2)]::operator ()() const::[lambda(float) (instance 1)], std::array<char *, (unsigned long)2>>(int, T2, T3)"
:model.layers.2.input_layernorm,PushPop,4239,4239,1,1,21024,21024.0,21024.0,21024,21024,0.0,"void at::native::vectorized_elementwise_kernel<(int)4, void at::native::<unnamed>::pow_tensor_scalar_kernel_impl<float, float>(at::TensorIteratorBase &, T2)::[lambda(float) (instance 1)], std::array<char *, (unsigned long)2>>(int, T2, T3)"
:model.layers.2.input_layernorm,PushPop,4239,4239,1,1,20224,20224.0,20224.0,20224,20224,0.0,"void at::native::elementwise_kernel<(int)128, (int)2, void at::native::gpu_kernel_impl_nocast<at::native::BinaryFunctor<float, float, float, at::native::binary_internal::MulFunctor<float>>>(at::TensorIteratorBase &, const T1 &)::[lambda(int) (instance 1)]>(int, T3)"
:model.layers.2.input_layernorm,PushPop,4239,4239,1,1,17632,17632.0,17632.0,17632,17632,0.0,"void at::native::unrolled_elementwise_kernel<at::native::direct_copy_kernel_cuda(at::TensorIteratorBase &)::[lambda() (instance 3)]::operator ()() const::[lambda() (instance 7)]::operator ()() const::[lambda(float) (instance 1)], std::array<char *, (unsigned long)2>, (int)4, TrivialOffsetCalculator<(int)1, unsigned int>, TrivialOffsetCalculator<(int)1, unsigned int>, at::native::memory::LoadWithCast<(int)1>, at::native::memory::StoreWithCast<(int)1>>(int, T1, T2, T4, T5, T6, T7)"
:model.layers.2.input_layernorm,PushPop,4239,4239,1,1,14656,14656.0,14656.0,14656,14656,0.0,"void at::native::vectorized_elementwise_kernel<(int)4, at::native::bfloat16_copy_kernel_cuda(at::TensorIteratorBase &)::[lambda(float) (instance 1)], std::array<char *, (unsigned long)2>>(int, T2, T3)"
:model.layers.2.input_layernorm,PushPop,4239,4239,1,1,12896,12896.0,12896.0,12896,12896,0.0,"void at::native::elementwise_kernel<(int)128, (int)4, void at::native::gpu_kernel_impl_nocast<at::native::BinaryFunctor<c10::BFloat16, c10::BFloat16, c10::BFloat16, at::native::binary_internal::MulFunctor<float>>>(at::TensorIteratorBase &, const T1 &)::[lambda(int) (instance 1)]>(int, T3)"
:model.layers.2.input_layernorm,PushPop,4239,4239,1,1,10721,10721.0,10721.0,10721,10721,0.0,"void at::native::reduce_kernel<(int)512, (int)1, at::native::ReduceOp<float, at::native::MeanOps<float, float, float, float>, unsigned int, float, (int)4, (int)4>>(T3)"
:model.layers.2.input_layernorm,PushPop,4239,4239,1,1,1568,1568.0,1568.0,1568,1568,0.0,"void at::native::vectorized_elementwise_kernel<(int)4, at::native::CUDAFunctorOnSelf_add<float>, std::array<char *, (unsigned long)2>>(int, T2, T3)"
:model.layers.2.input_layernorm,PushPop,4239,4239,1,1,1472,1472.0,1472.0,1472,1472,0.0,"void at::native::vectorized_elementwise_kernel<(int)4, at::native::rsqrt_kernel_cuda(at::TensorIteratorBase &)::[lambda() (instance 2)]::operator ()() const::[lambda() (instance 2)]::operator ()() const::[lambda(float) (instance 1)], std::array<char *, (unsigned long)2>>(int, T2, T3)"
:model.layers.2.mlp.act_fn,PushPop,4239,4239,1,1,31520,31520.0,31520.0,31520,31520,0.0,"void at::native::vectorized_elementwise_kernel<(int)4, at::native::<unnamed>::silu_kernel(at::TensorIteratorBase &)::[lambda() (instance 1)]::operator ()() const::[lambda() (instance 6)]::operator ()() const::[lambda(c10::BFloat16) (instance 1)], std::array<char *, (unsigned long)2>>(int, T2, T3)"
:model.layers.2.mlp.down_proj,PushPop,4239,4239,1,1,179713,179713.0,179713.0,179713,179713,0.0,ampere_bf16_s1688gemm_bf16_128x128_ldg8_f2f_stages_32x1_tn
:model.layers.2.mlp.gate_proj,PushPop,4239,4239,1,1,224065,224065.0,224065.0,224065,224065,0.0,void cutlass::Kernel2<cutlass_80_tensorop_bf16_s16816gemm_relu_bf16_256x128_32x3_tn_align8>(T1::Params)
:model.layers.2.mlp.up_proj,PushPop,4239,4239,1,1,221185,221185.0,221185.0,221185,221185,0.0,void cutlass::Kernel2<cutlass_80_tensorop_bf16_s16816gemm_relu_bf16_256x128_32x3_tn_align8>(T1::Params)
:model.layers.2.post_attention_layernorm,PushPop,4239,4239,1,1,20864,20864.0,20864.0,20864,20864,0.0,"void at::native::vectorized_elementwise_kernel<(int)4, void at::native::<unnamed>::pow_tensor_scalar_kernel_impl<float, float>(at::TensorIteratorBase &, T2)::[lambda(float) (instance 1)], std::array<char *, (unsigned long)2>>(int, T2, T3)"
:model.layers.2.post_attention_layernorm,PushPop,4239,4239,1,1,20416,20416.0,20416.0,20416,20416,0.0,"void at::native::elementwise_kernel<(int)128, (int)2, void at::native::gpu_kernel_impl_nocast<at::native::BinaryFunctor<float, float, float, at::native::binary_internal::MulFunctor<float>>>(at::TensorIteratorBase &, const T1 &)::[lambda(int) (instance 1)]>(int, T3)"
:model.layers.2.post_attention_layernorm,PushPop,4239,4239,1,1,17472,17472.0,17472.0,17472,17472,0.0,"void at::native::unrolled_elementwise_kernel<at::native::direct_copy_kernel_cuda(at::TensorIteratorBase &)::[lambda() (instance 3)]::operator ()() const::[lambda() (instance 7)]::operator ()() const::[lambda(float) (instance 1)], std::array<char *, (unsigned long)2>, (int)4, TrivialOffsetCalculator<(int)1, unsigned int>, TrivialOffsetCalculator<(int)1, unsigned int>, at::native::memory::LoadWithCast<(int)1>, at::native::memory::StoreWithCast<(int)1>>(int, T1, T2, T4, T5, T6, T7)"
:model.layers.2.post_attention_layernorm,PushPop,4239,4239,1,1,14720,14720.0,14720.0,14720,14720,0.0,"void at::native::vectorized_elementwise_kernel<(int)4, at::native::bfloat16_copy_kernel_cuda(at::TensorIteratorBase &)::[lambda(float) (instance 1)], std::array<char *, (unsigned long)2>>(int, T2, T3)"
:model.layers.2.post_attention_layernorm,PushPop,4239,4239,1,1,13024,13024.0,13024.0,13024,13024,0.0,"void at::native::elementwise_kernel<(int)128, (int)4, void at::native::gpu_kernel_impl_nocast<at::native::BinaryFunctor<c10::BFloat16, c10::BFloat16, c10::BFloat16, at::native::binary_internal::MulFunctor<float>>>(at::TensorIteratorBase &, const T1 &)::[lambda(int) (instance 1)]>(int, T3)"
:model.layers.2.post_attention_layernorm,PushPop,4239,4239,1,1,10784,10784.0,10784.0,10784,10784,0.0,"void at::native::reduce_kernel<(int)512, (int)1, at::native::ReduceOp<float, at::native::MeanOps<float, float, float, float>, unsigned int, float, (int)4, (int)4>>(T3)"
:model.layers.2.post_attention_layernorm,PushPop,4239,4239,1,1,1568,1568.0,1568.0,1568,1568,0.0,"void at::native::vectorized_elementwise_kernel<(int)4, at::native::CUDAFunctorOnSelf_add<float>, std::array<char *, (unsigned long)2>>(int, T2, T3)"
:model.layers.2.post_attention_layernorm,PushPop,4239,4239,1,1,1472,1472.0,1472.0,1472,1472,0.0,"void at::native::vectorized_elementwise_kernel<(int)4, at::native::rsqrt_kernel_cuda(at::TensorIteratorBase &)::[lambda() (instance 2)]::operator ()() const::[lambda() (instance 2)]::operator ()() const::[lambda(float) (instance 1)], std::array<char *, (unsigned long)2>>(int, T2, T3)"
:model.layers.2.self_attn.k_norm,PushPop,4239,4239,1,1,20608,20608.0,20608.0,20608,20608,0.0,"void at::native::vectorized_elementwise_kernel<(int)4, void at::native::<unnamed>::pow_tensor_scalar_kernel_impl<float, float>(at::TensorIteratorBase &, T2)::[lambda(float) (instance 1)], std::array<char *, (unsigned long)2>>(int, T2, T3)"
:model.layers.2.self_attn.k_norm,PushPop,4239,4239,1,1,20224,20224.0,20224.0,20224,20224,0.0,"void at::native::elementwise_kernel<(int)128, (int)2, void at::native::gpu_kernel_impl_nocast<at::native::BinaryFunctor<float, float, float, at::native::binary_internal::MulFunctor<float>>>(at::TensorIteratorBase &, const T1 &)::[lambda(int) (instance 1)]>(int, T3)"
:model.layers.2.self_attn.k_norm,PushPop,4239,4239,1,1,16416,16416.0,16416.0,16416,16416,0.0,"void at::native::unrolled_elementwise_kernel<at::native::direct_copy_kernel_cuda(at::TensorIteratorBase &)::[lambda() (instance 3)]::operator ()() const::[lambda() (instance 7)]::operator ()() const::[lambda(float) (instance 1)], std::array<char *, (unsigned long)2>, (int)4, TrivialOffsetCalculator<(int)1, unsigned int>, TrivialOffsetCalculator<(int)1, unsigned int>, at::native::memory::LoadWithCast<(int)1>, at::native::memory::StoreWithCast<(int)1>>(int, T1, T2, T4, T5, T6, T7)"
:model.layers.2.self_attn.k_norm,PushPop,4239,4239,1,1,14848,14848.0,14848.0,14848,14848,0.0,"void at::native::vectorized_elementwise_kernel<(int)4, at::native::bfloat16_copy_kernel_cuda(at::TensorIteratorBase &)::[lambda(float) (instance 1)], std::array<char *, (unsigned long)2>>(int, T2, T3)"
:model.layers.2.self_attn.k_norm,PushPop,4239,4239,1,1,13921,13921.0,13921.0,13921,13921,0.0,"void at::native::reduce_kernel<(int)512, (int)1, at::native::ReduceOp<float, at::native::MeanOps<float, float, float, float>, unsigned int, float, (int)4, (int)4>>(T3)"
:model.layers.2.self_attn.k_norm,PushPop,4239,4239,1,1,12608,12608.0,12608.0,12608,12608,0.0,"void at::native::elementwise_kernel<(int)128, (int)4, void at::native::gpu_kernel_impl_nocast<at::native::BinaryFunctor<c10::BFloat16, c10::BFloat16, c10::BFloat16, at::native::binary_internal::MulFunctor<float>>>(at::TensorIteratorBase &, const T1 &)::[lambda(int) (instance 1)]>(int, T3)"
:model.layers.2.self_attn.k_norm,PushPop,4239,4239,1,1,1440,1440.0,1440.0,1440,1440,0.0,"void at::native::vectorized_elementwise_kernel<(int)4, at::native::rsqrt_kernel_cuda(at::TensorIteratorBase &)::[lambda() (instance 2)]::operator ()() const::[lambda() (instance 2)]::operator ()() const::[lambda(float) (instance 1)], std::array<char *, (unsigned long)2>>(int, T2, T3)"
:model.layers.2.self_attn.k_norm,PushPop,4239,4239,1,1,1408,1408.0,1408.0,1408,1408,0.0,"void at::native::vectorized_elementwise_kernel<(int)4, at::native::CUDAFunctorOnSelf_add<float>, std::array<char *, (unsigned long)2>>(int, T2, T3)"
:model.layers.2.self_attn.k_proj,PushPop,4239,4239,1,1,74048,74048.0,74048.0,74048,74048,0.0,ampere_bf16_s16816gemm_bf16_256x128_ldg8_f2f_stages_32x3_tn
:model.layers.2.self_attn.o_proj,PushPop,4239,4239,1,1,123361,123361.0,123361.0,123361,123361,0.0,ampere_bf16_s1688gemm_bf16_128x128_ldg8_f2f_stages_32x1_tn
:model.layers.2.self_attn.q_norm,PushPop,4239,4239,1,1,41185,41185.0,41185.0,41185,41185,0.0,"void at::native::vectorized_elementwise_kernel<(int)4, void at::native::<unnamed>::pow_tensor_scalar_kernel_impl<float, float>(at::TensorIteratorBase &, T2)::[lambda(float) (instance 1)], std::array<char *, (unsigned long)2>>(int, T2, T3)"
:model.layers.2.self_attn.q_norm,PushPop,4239,4239,1,1,38880,38880.0,38880.0,38880,38880,0.0,"void at::native::elementwise_kernel<(int)128, (int)2, void at::native::gpu_kernel_impl_nocast<at::native::BinaryFunctor<float, float, float, at::native::binary_internal::MulFunctor<float>>>(at::TensorIteratorBase &, const T1 &)::[lambda(int) (instance 1)]>(int, T3)"
:model.layers.2.self_attn.q_norm,PushPop,4239,4239,1,1,32864,32864.0,32864.0,32864,32864,0.0,"void at::native::unrolled_elementwise_kernel<at::native::direct_copy_kernel_cuda(at::TensorIteratorBase &)::[lambda() (instance 3)]::operator ()() const::[lambda() (instance 7)]::operator ()() const::[lambda(float) (instance 1)], std::array<char *, (unsigned long)2>, (int)4, TrivialOffsetCalculator<(int)1, unsigned int>, TrivialOffsetCalculator<(int)1, unsigned int>, at::native::memory::LoadWithCast<(int)1>, at::native::memory::StoreWithCast<(int)1>>(int, T1, T2, T4, T5, T6, T7)"
:model.layers.2.self_attn.q_norm,PushPop,4239,4239,1,1,31424,31424.0,31424.0,31424,31424,0.0,"void at::native::vectorized_elementwise_kernel<(int)4, at::native::bfloat16_copy_kernel_cuda(at::TensorIteratorBase &)::[lambda(float) (instance 1)], std::array<char *, (unsigned long)2>>(int, T2, T3)"
:model.layers.2.self_attn.q_norm,PushPop,4239,4239,1,1,26624,26624.0,26624.0,26624,26624,0.0,"void at::native::reduce_kernel<(int)512, (int)1, at::native::ReduceOp<float, at::native::MeanOps<float, float, float, float>, unsigned int, float, (int)4, (int)4>>(T3)"
:model.layers.2.self_attn.q_norm,PushPop,4239,4239,1,1,23904,23904.0,23904.0,23904,23904,0.0,"void at::native::elementwise_kernel<(int)128, (int)4, void at::native::gpu_kernel_impl_nocast<at::native::BinaryFunctor<c10::BFloat16, c10::BFloat16, c10::BFloat16, at::native::binary_internal::MulFunctor<float>>>(at::TensorIteratorBase &, const T1 &)::[lambda(int) (instance 1)]>(int, T3)"
:model.layers.2.self_attn.q_norm,PushPop,4239,4239,1,1,1952,1952.0,1952.0,1952,1952,0.0,"void at::native::vectorized_elementwise_kernel<(int)4, at::native::CUDAFunctorOnSelf_add<float>, std::array<char *, (unsigned long)2>>(int, T2, T3)"
:model.layers.2.self_attn.q_norm,PushPop,4239,4239,1,1,1504,1504.0,1504.0,1504,1504,0.0,"void at::native::vectorized_elementwise_kernel<(int)4, at::native::rsqrt_kernel_cuda(at::TensorIteratorBase &)::[lambda() (instance 2)]::operator ()() const::[lambda() (instance 2)]::operator ()() const::[lambda(float) (instance 1)], std::array<char *, (unsigned long)2>>(int, T2, T3)"
:model.layers.2.self_attn.q_proj,PushPop,4239,4239,1,1,150560,150560.0,150560.0,150560,150560,0.0,void cutlass::Kernel2<cutlass_80_tensorop_bf16_s16816gemm_relu_bf16_256x128_32x3_tn_align8>(T1::Params)
:model.layers.2.self_attn.v_proj,PushPop,4239,4239,1,1,73984,73984.0,73984.0,73984,73984,0.0,ampere_bf16_s16816gemm_bf16_256x128_ldg8_f2f_stages_32x3_tn
:model.layers.20,PushPop,4239,4239,1,3,595810,198603.3,221216.0,150433,224161,41742.7,void cutlass::Kernel2<cutlass_80_tensorop_bf16_s16816gemm_relu_bf16_256x128_32x3_tn_align8>(T1::Params)
:model.layers.20,PushPop,4239,4239,1,1,304417,304417.0,304417.0,304417,304417,0.0,"void pytorch_flash::flash_fwd_kernel<Flash_fwd_kernel_traits<(int)128, (int)64, (int)64, (int)4, (bool)0, (bool)0, cutlass::bfloat16_t, Flash_kernel_traits<(int)128, (int)64, (int)64, (int)4, cutlass::bfloat16_t>>, (bool)0, (bool)1, (bool)0, (bool)0, (bool)1, (bool)1, (bool)0, (bool)0>(pytorch_flash::Flash_fwd_params)"
:model.layers.20,PushPop,4239,4239,1,2,302688,151344.0,151344.0,123104,179584,39937.4,ampere_bf16_s1688gemm_bf16_128x128_ldg8_f2f_stages_32x1_tn
:model.layers.20,PushPop,4239,4239,1,2,148065,74032.5,74032.5,74017,74048,21.9,ampere_bf16_s16816gemm_bf16_256x128_ldg8_f2f_stages_32x3_tn
:model.layers.20,PushPop,4239,4239,1,8,140128,17516.0,13776.0,12704,25344,5838.3,"void at::native::elementwise_kernel<(int)128, (int)4, void at::native::gpu_kernel_impl_nocast<at::native::BinaryFunctor<c10::BFloat16, c10::BFloat16, c10::BFloat16, at::native::binary_internal::MulFunctor<float>>>(at::TensorIteratorBase &, const T1 &)::[lambda(int) (instance 1)]>(int, T3)"
:model.layers.20,PushPop,4239,4239,1,4,103904,25976.0,21040.0,20640,41184,10140.8,"void at::native::vectorized_elementwise_kernel<(int)4, void at::native::<unnamed>::pow_tensor_scalar_kernel_impl<float, float>(at::TensorIteratorBase &, T2)::[lambda(float) (instance 1)], std::array<char *, (unsigned long)2>>(int, T2, T3)"
:model.layers.20,PushPop,4239,4239,1,4,103873,25968.3,24992.5,18240,35648,7195.7,"void at::native::<unnamed>::CatArrayBatchedCopy<at::native::<unnamed>::OpaqueType<(unsigned int)2>, unsigned int, (int)4, (int)64, (int)64>(T1 *, at::native::<unnamed>::CatArrInputTensorMetadata<T1, T2, T4, T5>, at::native::<unnamed>::TensorSizeStride<T2, (unsigned int)4>, int, T2)"
:model.layers.20,PushPop,4239,4239,1,4,99905,24976.3,20560.0,19744,39041,9384.5,"void at::native::elementwise_kernel<(int)128, (int)2, void at::native::gpu_kernel_impl_nocast<at::native::BinaryFunctor<float, float, float, at::native::binary_internal::MulFunctor<float>>>(at::TensorIteratorBase &, const T1 &)::[lambda(int) (instance 1)]>(int, T3)"
:model.layers.20,PushPop,4239,4239,1,4,84256,21064.0,17312.0,16416,33216,8112.4,"void at::native::unrolled_elementwise_kernel<at::native::direct_copy_kernel_cuda(at::TensorIteratorBase &)::[lambda() (instance 3)]::operator ()() const::[lambda() (instance 7)]::operator ()() const::[lambda(float) (instance 1)], std::array<char *, (unsigned long)2>, (int)4, TrivialOffsetCalculator<(int)1, unsigned int>, TrivialOffsetCalculator<(int)1, unsigned int>, at::native::memory::LoadWithCast<(int)1>, at::native::memory::StoreWithCast<(int)1>>(int, T1, T2, T4, T5, T6, T7)"
:model.layers.20,PushPop,4239,4239,1,4,76096,19024.0,14864.0,14656,31712,8459.3,"void at::native::vectorized_elementwise_kernel<(int)4, at::native::bfloat16_copy_kernel_cuda(at::TensorIteratorBase &)::[lambda(float) (instance 1)], std::array<char *, (unsigned long)2>>(int, T2, T3)"
:model.layers.20,PushPop,4239,4239,1,4,62304,15576.0,12464.0,10784,26592,7494.5,"void at::native::reduce_kernel<(int)512, (int)1, at::native::ReduceOp<float, at::native::MeanOps<float, float, float, float>, unsigned int, float, (int)4, (int)4>>(T3)"
:model.layers.20,PushPop,4239,4239,1,2,49536,24768.0,24768.0,17280,32256,10589.6,"void at::native::elementwise_kernel<(int)128, (int)4, void at::native::gpu_kernel_impl_nocast<at::native::CUDAFunctor_add<c10::BFloat16>>(at::TensorIteratorBase &, const T1 &)::[lambda(int) (instance 1)]>(int, T3)"
:model.layers.20,PushPop,4239,4239,1,1,46017,46017.0,46017.0,46017,46017,0.0,"void at::native::vectorized_elementwise_kernel<(int)4, at::native::BinaryFunctor<c10::BFloat16, c10::BFloat16, c10::BFloat16, at::native::binary_internal::MulFunctor<float>>, std::array<char *, (unsigned long)3>>(int, T2, T3)"
:model.layers.20,PushPop,4239,4239,1,1,31168,31168.0,31168.0,31168,31168,0.0,"void at::native::vectorized_elementwise_kernel<(int)4, at::native::<unnamed>::silu_kernel(at::TensorIteratorBase &)::[lambda() (instance 1)]::operator ()() const::[lambda() (instance 6)]::operator ()() const::[lambda(c10::BFloat16) (instance 1)], std::array<char *, (unsigned long)2>>(int, T2, T3)"
:model.layers.20,PushPop,4239,4239,1,2,27584,13792.0,13792.0,13600,13984,271.5,"void at::native::vectorized_elementwise_kernel<(int)4, at::native::CUDAFunctor_add<c10::BFloat16>, std::array<char *, (unsigned long)3>>(int, T2, T3)"
:model.layers.20,PushPop,4239,4239,1,2,20448,10224.0,10224.0,6880,13568,4729.1,"void at::native::elementwise_kernel<(int)128, (int)4, void at::native::gpu_kernel_impl_nocast<at::native::neg_kernel_cuda(at::TensorIteratorBase &)::[lambda() (instance 2)]::operator ()() const::[lambda() (instance 9)]::operator ()() const::[lambda(c10::BFloat16) (instance 1)]>(at::TensorIteratorBase &, const T1 &)::[lambda(int) (instance 1)]>(int, T3)"
:model.layers.20,PushPop,4239,4239,1,4,6176,1544.0,1504.0,1440,1728,136.7,"void at::native::vectorized_elementwise_kernel<(int)4, at::native::CUDAFunctorOnSelf_add<float>, std::array<char *, (unsigned long)2>>(int, T2, T3)"
:model.layers.20,PushPop,4239,4239,1,4,5888,1472.0,1472.0,1440,1504,26.1,"void at::native::vectorized_elementwise_kernel<(int)4, at::native::rsqrt_kernel_cuda(at::TensorIteratorBase &)::[lambda() (instance 2)]::operator ()() const::[lambda() (instance 2)]::operator ()() const::[lambda(float) (instance 1)], std::array<char *, (unsigned long)2>>(int, T2, T3)"
:model.layers.20.input_layernorm,PushPop,4239,4239,1,1,20928,20928.0,20928.0,20928,20928,0.0,"void at::native::vectorized_elementwise_kernel<(int)4, void at::native::<unnamed>::pow_tensor_scalar_kernel_impl<float, float>(at::TensorIteratorBase &, T2)::[lambda(float) (instance 1)], std::array<char *, (unsigned long)2>>(int, T2, T3)"
:model.layers.20.input_layernorm,PushPop,4239,4239,1,1,20512,20512.0,20512.0,20512,20512,0.0,"void at::native::elementwise_kernel<(int)128, (int)2, void at::native::gpu_kernel_impl_nocast<at::native::BinaryFunctor<float, float, float, at::native::binary_internal::MulFunctor<float>>>(at::TensorIteratorBase &, const T1 &)::[lambda(int) (instance 1)]>(int, T3)"
:model.layers.20.input_layernorm,PushPop,4239,4239,1,1,17344,17344.0,17344.0,17344,17344,0.0,"void at::native::unrolled_elementwise_kernel<at::native::direct_copy_kernel_cuda(at::TensorIteratorBase &)::[lambda() (instance 3)]::operator ()() const::[lambda() (instance 7)]::operator ()() const::[lambda(float) (instance 1)], std::array<char *, (unsigned long)2>, (int)4, TrivialOffsetCalculator<(int)1, unsigned int>, TrivialOffsetCalculator<(int)1, unsigned int>, at::native::memory::LoadWithCast<(int)1>, at::native::memory::StoreWithCast<(int)1>>(int, T1, T2, T4, T5, T6, T7)"
:model.layers.20.input_layernorm,PushPop,4239,4239,1,1,14912,14912.0,14912.0,14912,14912,0.0,"void at::native::vectorized_elementwise_kernel<(int)4, at::native::bfloat16_copy_kernel_cuda(at::TensorIteratorBase &)::[lambda(float) (instance 1)], std::array<char *, (unsigned long)2>>(int, T2, T3)"
:model.layers.20.input_layernorm,PushPop,4239,4239,1,1,13440,13440.0,13440.0,13440,13440,0.0,"void at::native::elementwise_kernel<(int)128, (int)4, void at::native::gpu_kernel_impl_nocast<at::native::BinaryFunctor<c10::BFloat16, c10::BFloat16, c10::BFloat16, at::native::binary_internal::MulFunctor<float>>>(at::TensorIteratorBase &, const T1 &)::[lambda(int) (instance 1)]>(int, T3)"
:model.layers.20.input_layernorm,PushPop,4239,4239,1,1,10784,10784.0,10784.0,10784,10784,0.0,"void at::native::reduce_kernel<(int)512, (int)1, at::native::ReduceOp<float, at::native::MeanOps<float, float, float, float>, unsigned int, float, (int)4, (int)4>>(T3)"
:model.layers.20.input_layernorm,PushPop,4239,4239,1,1,1472,1472.0,1472.0,1472,1472,0.0,"void at::native::vectorized_elementwise_kernel<(int)4, at::native::rsqrt_kernel_cuda(at::TensorIteratorBase &)::[lambda() (instance 2)]::operator ()() const::[lambda() (instance 2)]::operator ()() const::[lambda(float) (instance 1)], std::array<char *, (unsigned long)2>>(int, T2, T3)"
:model.layers.20.input_layernorm,PushPop,4239,4239,1,1,1440,1440.0,1440.0,1440,1440,0.0,"void at::native::vectorized_elementwise_kernel<(int)4, at::native::CUDAFunctorOnSelf_add<float>, std::array<char *, (unsigned long)2>>(int, T2, T3)"
:model.layers.20.mlp.act_fn,PushPop,4239,4239,1,1,31168,31168.0,31168.0,31168,31168,0.0,"void at::native::vectorized_elementwise_kernel<(int)4, at::native::<unnamed>::silu_kernel(at::TensorIteratorBase &)::[lambda() (instance 1)]::operator ()() const::[lambda() (instance 6)]::operator ()() const::[lambda(c10::BFloat16) (instance 1)], std::array<char *, (unsigned long)2>>(int, T2, T3)"
:model.layers.20.mlp.down_proj,PushPop,4239,4239,1,1,179584,179584.0,179584.0,179584,179584,0.0,ampere_bf16_s1688gemm_bf16_128x128_ldg8_f2f_stages_32x1_tn
:model.layers.20.mlp.gate_proj,PushPop,4239,4239,1,1,224161,224161.0,224161.0,224161,224161,0.0,void cutlass::Kernel2<cutlass_80_tensorop_bf16_s16816gemm_relu_bf16_256x128_32x3_tn_align8>(T1::Params)
:model.layers.20.mlp.up_proj,PushPop,4239,4239,1,1,221216,221216.0,221216.0,221216,221216,0.0,void cutlass::Kernel2<cutlass_80_tensorop_bf16_s16816gemm_relu_bf16_256x128_32x3_tn_align8>(T1::Params)
:model.layers.20.post_attention_layernorm,PushPop,4239,4239,1,1,20640,20640.0,20640.0,20640,20640,0.0,"void at::native::vectorized_elementwise_kernel<(int)4, void at::native::<unnamed>::pow_tensor_scalar_kernel_impl<float, float>(at::TensorIteratorBase &, T2)::[lambda(float) (instance 1)], std::array<char *, (unsigned long)2>>(int, T2, T3)"
:model.layers.20.post_attention_layernorm,PushPop,4239,4239,1,1,20608,20608.0,20608.0,20608,20608,0.0,"void at::native::elementwise_kernel<(int)128, (int)2, void at::native::gpu_kernel_impl_nocast<at::native::BinaryFunctor<float, float, float, at::native::binary_internal::MulFunctor<float>>>(at::TensorIteratorBase &, const T1 &)::[lambda(int) (instance 1)]>(int, T3)"
:model.layers.20.post_attention_layernorm,PushPop,4239,4239,1,1,17280,17280.0,17280.0,17280,17280,0.0,"void at::native::unrolled_elementwise_kernel<at::native::direct_copy_kernel_cuda(at::TensorIteratorBase &)::[lambda() (instance 3)]::operator ()() const::[lambda() (instance 7)]::operator ()() const::[lambda(float) (instance 1)], std::array<char *, (unsigned long)2>, (int)4, TrivialOffsetCalculator<(int)1, unsigned int>, TrivialOffsetCalculator<(int)1, unsigned int>, at::native::memory::LoadWithCast<(int)1>, at::native::memory::StoreWithCast<(int)1>>(int, T1, T2, T4, T5, T6, T7)"
:model.layers.20.post_attention_layernorm,PushPop,4239,4239,1,1,14816,14816.0,14816.0,14816,14816,0.0,"void at::native::vectorized_elementwise_kernel<(int)4, at::native::bfloat16_copy_kernel_cuda(at::TensorIteratorBase &)::[lambda(float) (instance 1)], std::array<char *, (unsigned long)2>>(int, T2, T3)"
:model.layers.20.post_attention_layernorm,PushPop,4239,4239,1,1,12960,12960.0,12960.0,12960,12960,0.0,"void at::native::elementwise_kernel<(int)128, (int)4, void at::native::gpu_kernel_impl_nocast<at::native::BinaryFunctor<c10::BFloat16, c10::BFloat16, c10::BFloat16, at::native::binary_internal::MulFunctor<float>>>(at::TensorIteratorBase &, const T1 &)::[lambda(int) (instance 1)]>(int, T3)"
:model.layers.20.post_attention_layernorm,PushPop,4239,4239,1,1,10912,10912.0,10912.0,10912,10912,0.0,"void at::native::reduce_kernel<(int)512, (int)1, at::native::ReduceOp<float, at::native::MeanOps<float, float, float, float>, unsigned int, float, (int)4, (int)4>>(T3)"
:model.layers.20.post_attention_layernorm,PushPop,4239,4239,1,1,1568,1568.0,1568.0,1568,1568,0.0,"void at::native::vectorized_elementwise_kernel<(int)4, at::native::CUDAFunctorOnSelf_add<float>, std::array<char *, (unsigned long)2>>(int, T2, T3)"
:model.layers.20.post_attention_layernorm,PushPop,4239,4239,1,1,1472,1472.0,1472.0,1472,1472,0.0,"void at::native::vectorized_elementwise_kernel<(int)4, at::native::rsqrt_kernel_cuda(at::TensorIteratorBase &)::[lambda() (instance 2)]::operator ()() const::[lambda() (instance 2)]::operator ()() const::[lambda(float) (instance 1)], std::array<char *, (unsigned long)2>>(int, T2, T3)"
:model.layers.20.self_attn.k_norm,PushPop,4239,4239,1,1,21152,21152.0,21152.0,21152,21152,0.0,"void at::native::vectorized_elementwise_kernel<(int)4, void at::native::<unnamed>::pow_tensor_scalar_kernel_impl<float, float>(at::TensorIteratorBase &, T2)::[lambda(float) (instance 1)], std::array<char *, (unsigned long)2>>(int, T2, T3)"
:model.layers.20.self_attn.k_norm,PushPop,4239,4239,1,1,19744,19744.0,19744.0,19744,19744,0.0,"void at::native::elementwise_kernel<(int)128, (int)2, void at::native::gpu_kernel_impl_nocast<at::native::BinaryFunctor<float, float, float, at::native::binary_internal::MulFunctor<float>>>(at::TensorIteratorBase &, const T1 &)::[lambda(int) (instance 1)]>(int, T3)"
:model.layers.20.self_attn.k_norm,PushPop,4239,4239,1,1,16416,16416.0,16416.0,16416,16416,0.0,"void at::native::unrolled_elementwise_kernel<at::native::direct_copy_kernel_cuda(at::TensorIteratorBase &)::[lambda() (instance 3)]::operator ()() const::[lambda() (instance 7)]::operator ()() const::[lambda(float) (instance 1)], std::array<char *, (unsigned long)2>, (int)4, TrivialOffsetCalculator<(int)1, unsigned int>, TrivialOffsetCalculator<(int)1, unsigned int>, at::native::memory::LoadWithCast<(int)1>, at::native::memory::StoreWithCast<(int)1>>(int, T1, T2, T4, T5, T6, T7)"
:model.layers.20.self_attn.k_norm,PushPop,4239,4239,1,1,14656,14656.0,14656.0,14656,14656,0.0,"void at::native::vectorized_elementwise_kernel<(int)4, at::native::bfloat16_copy_kernel_cuda(at::TensorIteratorBase &)::[lambda(float) (instance 1)], std::array<char *, (unsigned long)2>>(int, T2, T3)"
:model.layers.20.self_attn.k_norm,PushPop,4239,4239,1,1,14016,14016.0,14016.0,14016,14016,0.0,"void at::native::reduce_kernel<(int)512, (int)1, at::native::ReduceOp<float, at::native::MeanOps<float, float, float, float>, unsigned int, float, (int)4, (int)4>>(T3)"
:model.layers.20.self_attn.k_norm,PushPop,4239,4239,1,1,12704,12704.0,12704.0,12704,12704,0.0,"void at::native::elementwise_kernel<(int)128, (int)4, void at::native::gpu_kernel_impl_nocast<at::native::BinaryFunctor<c10::BFloat16, c10::BFloat16, c10::BFloat16, at::native::binary_internal::MulFunctor<float>>>(at::TensorIteratorBase &, const T1 &)::[lambda(int) (instance 1)]>(int, T3)"
:model.layers.20.self_attn.k_norm,PushPop,4239,4239,1,1,1440,1440.0,1440.0,1440,1440,0.0,"void at::native::vectorized_elementwise_kernel<(int)4, at::native::CUDAFunctorOnSelf_add<float>, std::array<char *, (unsigned long)2>>(int, T2, T3)"
:model.layers.20.self_attn.k_norm,PushPop,4239,4239,1,1,1440,1440.0,1440.0,1440,1440,0.0,"void at::native::vectorized_elementwise_kernel<(int)4, at::native::rsqrt_kernel_cuda(at::TensorIteratorBase &)::[lambda() (instance 2)]::operator ()() const::[lambda() (instance 2)]::operator ()() const::[lambda(float) (instance 1)], std::array<char *, (unsigned long)2>>(int, T2, T3)"
:model.layers.20.self_attn.k_proj,PushPop,4239,4239,1,1,74048,74048.0,74048.0,74048,74048,0.0,ampere_bf16_s16816gemm_bf16_256x128_ldg8_f2f_stages_32x3_tn
:model.layers.20.self_attn.o_proj,PushPop,4239,4239,1,1,123104,123104.0,123104.0,123104,123104,0.0,ampere_bf16_s1688gemm_bf16_128x128_ldg8_f2f_stages_32x1_tn
:model.layers.20.self_attn.q_norm,PushPop,4239,4239,1,1,41184,41184.0,41184.0,41184,41184,0.0,"void at::native::vectorized_elementwise_kernel<(int)4, void at::native::<unnamed>::pow_tensor_scalar_kernel_impl<float, float>(at::TensorIteratorBase &, T2)::[lambda(float) (instance 1)], std::array<char *, (unsigned long)2>>(int, T2, T3)"
:model.layers.20.self_attn.q_norm,PushPop,4239,4239,1,1,39041,39041.0,39041.0,39041,39041,0.0,"void at::native::elementwise_kernel<(int)128, (int)2, void at::native::gpu_kernel_impl_nocast<at::native::BinaryFunctor<float, float, float, at::native::binary_internal::MulFunctor<float>>>(at::TensorIteratorBase &, const T1 &)::[lambda(int) (instance 1)]>(int, T3)"
:model.layers.20.self_attn.q_norm,PushPop,4239,4239,1,1,33216,33216.0,33216.0,33216,33216,0.0,"void at::native::unrolled_elementwise_kernel<at::native::direct_copy_kernel_cuda(at::TensorIteratorBase &)::[lambda() (instance 3)]::operator ()() const::[lambda() (instance 7)]::operator ()() const::[lambda(float) (instance 1)], std::array<char *, (unsigned long)2>, (int)4, TrivialOffsetCalculator<(int)1, unsigned int>, TrivialOffsetCalculator<(int)1, unsigned int>, at::native::memory::LoadWithCast<(int)1>, at::native::memory::StoreWithCast<(int)1>>(int, T1, T2, T4, T5, T6, T7)"
:model.layers.20.self_attn.q_norm,PushPop,4239,4239,1,1,31712,31712.0,31712.0,31712,31712,0.0,"void at::native::vectorized_elementwise_kernel<(int)4, at::native::bfloat16_copy_kernel_cuda(at::TensorIteratorBase &)::[lambda(float) (instance 1)], std::array<char *, (unsigned long)2>>(int, T2, T3)"
:model.layers.20.self_attn.q_norm,PushPop,4239,4239,1,1,26592,26592.0,26592.0,26592,26592,0.0,"void at::native::reduce_kernel<(int)512, (int)1, at::native::ReduceOp<float, at::native::MeanOps<float, float, float, float>, unsigned int, float, (int)4, (int)4>>(T3)"
:model.layers.20.self_attn.q_norm,PushPop,4239,4239,1,1,23904,23904.0,23904.0,23904,23904,0.0,"void at::native::elementwise_kernel<(int)128, (int)4, void at::native::gpu_kernel_impl_nocast<at::native::BinaryFunctor<c10::BFloat16, c10::BFloat16, c10::BFloat16, at::native::binary_internal::MulFunctor<float>>>(at::TensorIteratorBase &, const T1 &)::[lambda(int) (instance 1)]>(int, T3)"
:model.layers.20.self_attn.q_norm,PushPop,4239,4239,1,1,1728,1728.0,1728.0,1728,1728,0.0,"void at::native::vectorized_elementwise_kernel<(int)4, at::native::CUDAFunctorOnSelf_add<float>, std::array<char *, (unsigned long)2>>(int, T2, T3)"
:model.layers.20.self_attn.q_norm,PushPop,4239,4239,1,1,1504,1504.0,1504.0,1504,1504,0.0,"void at::native::vectorized_elementwise_kernel<(int)4, at::native::rsqrt_kernel_cuda(at::TensorIteratorBase &)::[lambda() (instance 2)]::operator ()() const::[lambda() (instance 2)]::operator ()() const::[lambda(float) (instance 1)], std::array<char *, (unsigned long)2>>(int, T2, T3)"
:model.layers.20.self_attn.q_proj,PushPop,4239,4239,1,1,150433,150433.0,150433.0,150433,150433,0.0,void cutlass::Kernel2<cutlass_80_tensorop_bf16_s16816gemm_relu_bf16_256x128_32x3_tn_align8>(T1::Params)
:model.layers.20.self_attn.v_proj,PushPop,4239,4239,1,1,74017,74017.0,74017.0,74017,74017,0.0,ampere_bf16_s16816gemm_bf16_256x128_ldg8_f2f_stages_32x3_tn
:model.layers.21,PushPop,4239,4239,1,3,596162,198720.7,221441.0,150432,224289,41843.4,void cutlass::Kernel2<cutlass_80_tensorop_bf16_s16816gemm_relu_bf16_256x128_32x3_tn_align8>(T1::Params)
:model.layers.21,PushPop,4239,4239,1,1,321601,321601.0,321601.0,321601,321601,0.0,"void pytorch_flash::flash_fwd_kernel<Flash_fwd_kernel_traits<(int)128, (int)64, (int)64, (int)4, (bool)0, (bool)0, cutlass::bfloat16_t, Flash_kernel_traits<(int)128, (int)64, (int)64, (int)4, cutlass::bfloat16_t>>, (bool)0, (bool)1, (bool)0, (bool)0, (bool)1, (bool)1, (bool)0, (bool)0>(pytorch_flash::Flash_fwd_params)"
:model.layers.21,PushPop,4239,4239,1,2,303234,151617.0,151617.0,123553,179681,39688.5,ampere_bf16_s1688gemm_bf16_128x128_ldg8_f2f_stages_32x1_tn
:model.layers.21,PushPop,4239,4239,1,2,148096,74048.0,74048.0,73984,74112,90.5,ampere_bf16_s16816gemm_bf16_256x128_ldg8_f2f_stages_32x3_tn
:model.layers.21,PushPop,4239,4239,1,8,139585,17448.1,13600.5,12800,25344,5828.9,"void at::native::elementwise_kernel<(int)128, (int)4, void at::native::gpu_kernel_impl_nocast<at::native::BinaryFunctor<c10::BFloat16, c10::BFloat16, c10::BFloat16, at::native::binary_internal::MulFunctor<float>>>(at::TensorIteratorBase &, const T1 &)::[lambda(int) (instance 1)]>(int, T3)"
:model.layers.21,PushPop,4239,4239,1,4,103969,25992.3,20976.0,20768,41249,10172.3,"void at::native::vectorized_elementwise_kernel<(int)4, void at::native::<unnamed>::pow_tensor_scalar_kernel_impl<float, float>(at::TensorIteratorBase &, T2)::[lambda(float) (instance 1)], std::array<char *, (unsigned long)2>>(int, T2, T3)"
:model.layers.21,PushPop,4239,4239,1,4,103968,25992.0,24912.0,18112,36032,7421.4,"void at::native::<unnamed>::CatArrayBatchedCopy<at::native::<unnamed>::OpaqueType<(unsigned int)2>, unsigned int, (int)4, (int)64, (int)64>(T1 *, at::native::<unnamed>::CatArrInputTensorMetadata<T1, T2, T4, T5>, at::native::<unnamed>::TensorSizeStride<T2, (unsigned int)4>, int, T2)"
:model.layers.21,PushPop,4239,4239,1,4,100064,25016.0,20592.0,19776,39104,9401.9,"void at::native::elementwise_kernel<(int)128, (int)2, void at::native::gpu_kernel_impl_nocast<at::native::BinaryFunctor<float, float, float, at::native::binary_internal::MulFunctor<float>>>(at::TensorIteratorBase &, const T1 &)::[lambda(int) (instance 1)]>(int, T3)"
:model.layers.21,PushPop,4239,4239,1,4,84256,21064.0,17456.0,16352,32992,7969.3,"void at::native::unrolled_elementwise_kernel<at::native::direct_copy_kernel_cuda(at::TensorIteratorBase &)::[lambda() (instance 3)]::operator ()() const::[lambda() (instance 7)]::operator ()() const::[lambda(float) (instance 1)], std::array<char *, (unsigned long)2>, (int)4, TrivialOffsetCalculator<(int)1, unsigned int>, TrivialOffsetCalculator<(int)1, unsigned int>, at::native::memory::LoadWithCast<(int)1>, at::native::memory::StoreWithCast<(int)1>>(int, T1, T2, T4, T5, T6, T7)"
:model.layers.21,PushPop,4239,4239,1,4,75360,18840.0,14608.0,14208,31936,8732.7,"void at::native::vectorized_elementwise_kernel<(int)4, at::native::bfloat16_copy_kernel_cuda(at::TensorIteratorBase &)::[lambda(float) (instance 1)], std::array<char *, (unsigned long)2>>(int, T2, T3)"
:model.layers.21,PushPop,4239,4239,1,4,62113,15528.3,12368.5,10624,26752,7637.9,"void at::native::reduce_kernel<(int)512, (int)1, at::native::ReduceOp<float, at::native::MeanOps<float, float, float, float>, unsigned int, float, (int)4, (int)4>>(T3)"
:model.layers.21,PushPop,4239,4239,1,2,49952,24976.0,24976.0,17504,32448,10567.0,"void at::native::elementwise_kernel<(int)128, (int)4, void at::native::gpu_kernel_impl_nocast<at::native::CUDAFunctor_add<c10::BFloat16>>(at::TensorIteratorBase &, const T1 &)::[lambda(int) (instance 1)]>(int, T3)"
:model.layers.21,PushPop,4239,4239,1,1,45888,45888.0,45888.0,45888,45888,0.0,"void at::native::vectorized_elementwise_kernel<(int)4, at::native::BinaryFunctor<c10::BFloat16, c10::BFloat16, c10::BFloat16, at::native::binary_internal::MulFunctor<float>>, std::array<char *, (unsigned long)3>>(int, T2, T3)"
:model.layers.21,PushPop,4239,4239,1,1,31552,31552.0,31552.0,31552,31552,0.0,"void at::native::vectorized_elementwise_kernel<(int)4, at::native::<unnamed>::silu_kernel(at::TensorIteratorBase &)::[lambda() (instance 1)]::operator ()() const::[lambda() (instance 6)]::operator ()() const::[lambda(c10::BFloat16) (instance 1)], std::array<char *, (unsigned long)2>>(int, T2, T3)"
:model.layers.21,PushPop,4239,4239,1,2,28320,14160.0,14160.0,14048,14272,158.4,"void at::native::vectorized_elementwise_kernel<(int)4, at::native::CUDAFunctor_add<c10::BFloat16>, std::array<char *, (unsigned long)3>>(int, T2, T3)"
:model.layers.21,PushPop,4239,4239,1,2,20576,10288.0,10288.0,6880,13696,4819.6,"void at::native::elementwise_kernel<(int)128, (int)4, void at::native::gpu_kernel_impl_nocast<at::native::neg_kernel_cuda(at::TensorIteratorBase &)::[lambda() (instance 2)]::operator ()() const::[lambda() (instance 9)]::operator ()() const::[lambda(c10::BFloat16) (instance 1)]>(at::TensorIteratorBase &, const T1 &)::[lambda(int) (instance 1)]>(int, T3)"
:model.layers.21,PushPop,4239,4239,1,4,6464,1616.0,1568.0,1472,1856,166.3,"void at::native::vectorized_elementwise_kernel<(int)4, at::native::CUDAFunctorOnSelf_add<float>, std::array<char *, (unsigned long)2>>(int, T2, T3)"
:model.layers.21,PushPop,4239,4239,1,4,5952,1488.0,1504.0,1440,1504,32.0,"void at::native::vectorized_elementwise_kernel<(int)4, at::native::rsqrt_kernel_cuda(at::TensorIteratorBase &)::[lambda() (instance 2)]::operator ()() const::[lambda() (instance 2)]::operator ()() const::[lambda(float) (instance 1)], std::array<char *, (unsigned long)2>>(int, T2, T3)"
:model.layers.21.input_layernorm,PushPop,4239,4239,1,1,21120,21120.0,21120.0,21120,21120,0.0,"void at::native::vectorized_elementwise_kernel<(int)4, void at::native::<unnamed>::pow_tensor_scalar_kernel_impl<float, float>(at::TensorIteratorBase &, T2)::[lambda(float) (instance 1)], std::array<char *, (unsigned long)2>>(int, T2, T3)"
:model.layers.21.input_layernorm,PushPop,4239,4239,1,1,20832,20832.0,20832.0,20832,20832,0.0,"void at::native::elementwise_kernel<(int)128, (int)2, void at::native::gpu_kernel_impl_nocast<at::native::BinaryFunctor<float, float, float, at::native::binary_internal::MulFunctor<float>>>(at::TensorIteratorBase &, const T1 &)::[lambda(int) (instance 1)]>(int, T3)"
:model.layers.21.input_layernorm,PushPop,4239,4239,1,1,17376,17376.0,17376.0,17376,17376,0.0,"void at::native::unrolled_elementwise_kernel<at::native::direct_copy_kernel_cuda(at::TensorIteratorBase &)::[lambda() (instance 3)]::operator ()() const::[lambda() (instance 7)]::operator ()() const::[lambda(float) (instance 1)], std::array<char *, (unsigned long)2>, (int)4, TrivialOffsetCalculator<(int)1, unsigned int>, TrivialOffsetCalculator<(int)1, unsigned int>, at::native::memory::LoadWithCast<(int)1>, at::native::memory::StoreWithCast<(int)1>>(int, T1, T2, T4, T5, T6, T7)"
:model.layers.21.input_layernorm,PushPop,4239,4239,1,1,14592,14592.0,14592.0,14592,14592,0.0,"void at::native::vectorized_elementwise_kernel<(int)4, at::native::bfloat16_copy_kernel_cuda(at::TensorIteratorBase &)::[lambda(float) (instance 1)], std::array<char *, (unsigned long)2>>(int, T2, T3)"
:model.layers.21.input_layernorm,PushPop,4239,4239,1,1,13376,13376.0,13376.0,13376,13376,0.0,"void at::native::elementwise_kernel<(int)128, (int)4, void at::native::gpu_kernel_impl_nocast<at::native::BinaryFunctor<c10::BFloat16, c10::BFloat16, c10::BFloat16, at::native::binary_internal::MulFunctor<float>>>(at::TensorIteratorBase &, const T1 &)::[lambda(int) (instance 1)]>(int, T3)"
:model.layers.21.input_layernorm,PushPop,4239,4239,1,1,10624,10624.0,10624.0,10624,10624,0.0,"void at::native::reduce_kernel<(int)512, (int)1, at::native::ReduceOp<float, at::native::MeanOps<float, float, float, float>, unsigned int, float, (int)4, (int)4>>(T3)"
:model.layers.21.input_layernorm,PushPop,4239,4239,1,1,1568,1568.0,1568.0,1568,1568,0.0,"void at::native::vectorized_elementwise_kernel<(int)4, at::native::CUDAFunctorOnSelf_add<float>, std::array<char *, (unsigned long)2>>(int, T2, T3)"
:model.layers.21.input_layernorm,PushPop,4239,4239,1,1,1504,1504.0,1504.0,1504,1504,0.0,"void at::native::vectorized_elementwise_kernel<(int)4, at::native::rsqrt_kernel_cuda(at::TensorIteratorBase &)::[lambda() (instance 2)]::operator ()() const::[lambda() (instance 2)]::operator ()() const::[lambda(float) (instance 1)], std::array<char *, (unsigned long)2>>(int, T2, T3)"
:model.layers.21.mlp.act_fn,PushPop,4239,4239,1,1,31552,31552.0,31552.0,31552,31552,0.0,"void at::native::vectorized_elementwise_kernel<(int)4, at::native::<unnamed>::silu_kernel(at::TensorIteratorBase &)::[lambda() (instance 1)]::operator ()() const::[lambda() (instance 6)]::operator ()() const::[lambda(c10::BFloat16) (instance 1)], std::array<char *, (unsigned long)2>>(int, T2, T3)"
:model.layers.21.mlp.down_proj,PushPop,4239,4239,1,1,179681,179681.0,179681.0,179681,179681,0.0,ampere_bf16_s1688gemm_bf16_128x128_ldg8_f2f_stages_32x1_tn
:model.layers.21.mlp.gate_proj,PushPop,4239,4239,1,1,224289,224289.0,224289.0,224289,224289,0.0,void cutlass::Kernel2<cutlass_80_tensorop_bf16_s16816gemm_relu_bf16_256x128_32x3_tn_align8>(T1::Params)
:model.layers.21.mlp.up_proj,PushPop,4239,4239,1,1,221441,221441.0,221441.0,221441,221441,0.0,void cutlass::Kernel2<cutlass_80_tensorop_bf16_s16816gemm_relu_bf16_256x128_32x3_tn_align8>(T1::Params)
:model.layers.21.post_attention_layernorm,PushPop,4239,4239,1,1,20832,20832.0,20832.0,20832,20832,0.0,"void at::native::vectorized_elementwise_kernel<(int)4, void at::native::<unnamed>::pow_tensor_scalar_kernel_impl<float, float>(at::TensorIteratorBase &, T2)::[lambda(float) (instance 1)], std::array<char *, (unsigned long)2>>(int, T2, T3)"
:model.layers.21.post_attention_layernorm,PushPop,4239,4239,1,1,20352,20352.0,20352.0,20352,20352,0.0,"void at::native::elementwise_kernel<(int)128, (int)2, void at::native::gpu_kernel_impl_nocast<at::native::BinaryFunctor<float, float, float, at::native::binary_internal::MulFunctor<float>>>(at::TensorIteratorBase &, const T1 &)::[lambda(int) (instance 1)]>(int, T3)"
:model.layers.21.post_attention_layernorm,PushPop,4239,4239,1,1,17536,17536.0,17536.0,17536,17536,0.0,"void at::native::unrolled_elementwise_kernel<at::native::direct_copy_kernel_cuda(at::TensorIteratorBase &)::[lambda() (instance 3)]::operator ()() const::[lambda() (instance 7)]::operator ()() const::[lambda(float) (instance 1)], std::array<char *, (unsigned long)2>, (int)4, TrivialOffsetCalculator<(int)1, unsigned int>, TrivialOffsetCalculator<(int)1, unsigned int>, at::native::memory::LoadWithCast<(int)1>, at::native::memory::StoreWithCast<(int)1>>(int, T1, T2, T4, T5, T6, T7)"
:model.layers.21.post_attention_layernorm,PushPop,4239,4239,1,1,14624,14624.0,14624.0,14624,14624,0.0,"void at::native::vectorized_elementwise_kernel<(int)4, at::native::bfloat16_copy_kernel_cuda(at::TensorIteratorBase &)::[lambda(float) (instance 1)], std::array<char *, (unsigned long)2>>(int, T2, T3)"
:model.layers.21.post_attention_layernorm,PushPop,4239,4239,1,1,12864,12864.0,12864.0,12864,12864,0.0,"void at::native::elementwise_kernel<(int)128, (int)4, void at::native::gpu_kernel_impl_nocast<at::native::BinaryFunctor<c10::BFloat16, c10::BFloat16, c10::BFloat16, at::native::binary_internal::MulFunctor<float>>>(at::TensorIteratorBase &, const T1 &)::[lambda(int) (instance 1)]>(int, T3)"
:model.layers.21.post_attention_layernorm,PushPop,4239,4239,1,1,10784,10784.0,10784.0,10784,10784,0.0,"void at::native::reduce_kernel<(int)512, (int)1, at::native::ReduceOp<float, at::native::MeanOps<float, float, float, float>, unsigned int, float, (int)4, (int)4>>(T3)"
:model.layers.21.post_attention_layernorm,PushPop,4239,4239,1,1,1568,1568.0,1568.0,1568,1568,0.0,"void at::native::vectorized_elementwise_kernel<(int)4, at::native::CUDAFunctorOnSelf_add<float>, std::array<char *, (unsigned long)2>>(int, T2, T3)"
:model.layers.21.post_attention_layernorm,PushPop,4239,4239,1,1,1504,1504.0,1504.0,1504,1504,0.0,"void at::native::vectorized_elementwise_kernel<(int)4, at::native::rsqrt_kernel_cuda(at::TensorIteratorBase &)::[lambda() (instance 2)]::operator ()() const::[lambda() (instance 2)]::operator ()() const::[lambda(float) (instance 1)], std::array<char *, (unsigned long)2>>(int, T2, T3)"
:model.layers.21.self_attn.k_norm,PushPop,4239,4239,1,1,20768,20768.0,20768.0,20768,20768,0.0,"void at::native::vectorized_elementwise_kernel<(int)4, void at::native::<unnamed>::pow_tensor_scalar_kernel_impl<float, float>(at::TensorIteratorBase &, T2)::[lambda(float) (instance 1)], std::array<char *, (unsigned long)2>>(int, T2, T3)"
:model.layers.21.self_attn.k_norm,PushPop,4239,4239,1,1,19776,19776.0,19776.0,19776,19776,0.0,"void at::native::elementwise_kernel<(int)128, (int)2, void at::native::gpu_kernel_impl_nocast<at::native::BinaryFunctor<float, float, float, at::native::binary_internal::MulFunctor<float>>>(at::TensorIteratorBase &, const T1 &)::[lambda(int) (instance 1)]>(int, T3)"
:model.layers.21.self_attn.k_norm,PushPop,4239,4239,1,1,16352,16352.0,16352.0,16352,16352,0.0,"void at::native::unrolled_elementwise_kernel<at::native::direct_copy_kernel_cuda(at::TensorIteratorBase &)::[lambda() (instance 3)]::operator ()() const::[lambda() (instance 7)]::operator ()() const::[lambda(float) (instance 1)], std::array<char *, (unsigned long)2>, (int)4, TrivialOffsetCalculator<(int)1, unsigned int>, TrivialOffsetCalculator<(int)1, unsigned int>, at::native::memory::LoadWithCast<(int)1>, at::native::memory::StoreWithCast<(int)1>>(int, T1, T2, T4, T5, T6, T7)"
:model.layers.21.self_attn.k_norm,PushPop,4239,4239,1,1,14208,14208.0,14208.0,14208,14208,0.0,"void at::native::vectorized_elementwise_kernel<(int)4, at::native::bfloat16_copy_kernel_cuda(at::TensorIteratorBase &)::[lambda(float) (instance 1)], std::array<char *, (unsigned long)2>>(int, T2, T3)"
:model.layers.21.self_attn.k_norm,PushPop,4239,4239,1,1,13953,13953.0,13953.0,13953,13953,0.0,"void at::native::reduce_kernel<(int)512, (int)1, at::native::ReduceOp<float, at::native::MeanOps<float, float, float, float>, unsigned int, float, (int)4, (int)4>>(T3)"
:model.layers.21.self_attn.k_norm,PushPop,4239,4239,1,1,12800,12800.0,12800.0,12800,12800,0.0,"void at::native::elementwise_kernel<(int)128, (int)4, void at::native::gpu_kernel_impl_nocast<at::native::BinaryFunctor<c10::BFloat16, c10::BFloat16, c10::BFloat16, at::native::binary_internal::MulFunctor<float>>>(at::TensorIteratorBase &, const T1 &)::[lambda(int) (instance 1)]>(int, T3)"
:model.layers.21.self_attn.k_norm,PushPop,4239,4239,1,1,1472,1472.0,1472.0,1472,1472,0.0,"void at::native::vectorized_elementwise_kernel<(int)4, at::native::CUDAFunctorOnSelf_add<float>, std::array<char *, (unsigned long)2>>(int, T2, T3)"
:model.layers.21.self_attn.k_norm,PushPop,4239,4239,1,1,1440,1440.0,1440.0,1440,1440,0.0,"void at::native::vectorized_elementwise_kernel<(int)4, at::native::rsqrt_kernel_cuda(at::TensorIteratorBase &)::[lambda() (instance 2)]::operator ()() const::[lambda() (instance 2)]::operator ()() const::[lambda(float) (instance 1)], std::array<char *, (unsigned long)2>>(int, T2, T3)"
:model.layers.21.self_attn.k_proj,PushPop,4239,4239,1,1,74112,74112.0,74112.0,74112,74112,0.0,ampere_bf16_s16816gemm_bf16_256x128_ldg8_f2f_stages_32x3_tn
:model.layers.21.self_attn.o_proj,PushPop,4239,4239,1,1,123553,123553.0,123553.0,123553,123553,0.0,ampere_bf16_s1688gemm_bf16_128x128_ldg8_f2f_stages_32x1_tn
:model.layers.21.self_attn.q_norm,PushPop,4239,4239,1,1,41249,41249.0,41249.0,41249,41249,0.0,"void at::native::vectorized_elementwise_kernel<(int)4, void at::native::<unnamed>::pow_tensor_scalar_kernel_impl<float, float>(at::TensorIteratorBase &, T2)::[lambda(float) (instance 1)], std::array<char *, (unsigned long)2>>(int, T2, T3)"
:model.layers.21.self_attn.q_norm,PushPop,4239,4239,1,1,39104,39104.0,39104.0,39104,39104,0.0,"void at::native::elementwise_kernel<(int)128, (int)2, void at::native::gpu_kernel_impl_nocast<at::native::BinaryFunctor<float, float, float, at::native::binary_internal::MulFunctor<float>>>(at::TensorIteratorBase &, const T1 &)::[lambda(int) (instance 1)]>(int, T3)"
:model.layers.21.self_attn.q_norm,PushPop,4239,4239,1,1,32992,32992.0,32992.0,32992,32992,0.0,"void at::native::unrolled_elementwise_kernel<at::native::direct_copy_kernel_cuda(at::TensorIteratorBase &)::[lambda() (instance 3)]::operator ()() const::[lambda() (instance 7)]::operator ()() const::[lambda(float) (instance 1)], std::array<char *, (unsigned long)2>, (int)4, TrivialOffsetCalculator<(int)1, unsigned int>, TrivialOffsetCalculator<(int)1, unsigned int>, at::native::memory::LoadWithCast<(int)1>, at::native::memory::StoreWithCast<(int)1>>(int, T1, T2, T4, T5, T6, T7)"
:model.layers.21.self_attn.q_norm,PushPop,4239,4239,1,1,31936,31936.0,31936.0,31936,31936,0.0,"void at::native::vectorized_elementwise_kernel<(int)4, at::native::bfloat16_copy_kernel_cuda(at::TensorIteratorBase &)::[lambda(float) (instance 1)], std::array<char *, (unsigned long)2>>(int, T2, T3)"
:model.layers.21.self_attn.q_norm,PushPop,4239,4239,1,1,26752,26752.0,26752.0,26752,26752,0.0,"void at::native::reduce_kernel<(int)512, (int)1, at::native::ReduceOp<float, at::native::MeanOps<float, float, float, float>, unsigned int, float, (int)4, (int)4>>(T3)"
:model.layers.21.self_attn.q_norm,PushPop,4239,4239,1,1,23872,23872.0,23872.0,23872,23872,0.0,"void at::native::elementwise_kernel<(int)128, (int)4, void at::native::gpu_kernel_impl_nocast<at::native::BinaryFunctor<c10::BFloat16, c10::BFloat16, c10::BFloat16, at::native::binary_internal::MulFunctor<float>>>(at::TensorIteratorBase &, const T1 &)::[lambda(int) (instance 1)]>(int, T3)"
:model.layers.21.self_attn.q_norm,PushPop,4239,4239,1,1,1856,1856.0,1856.0,1856,1856,0.0,"void at::native::vectorized_elementwise_kernel<(int)4, at::native::CUDAFunctorOnSelf_add<float>, std::array<char *, (unsigned long)2>>(int, T2, T3)"
:model.layers.21.self_attn.q_norm,PushPop,4239,4239,1,1,1504,1504.0,1504.0,1504,1504,0.0,"void at::native::vectorized_elementwise_kernel<(int)4, at::native::rsqrt_kernel_cuda(at::TensorIteratorBase &)::[lambda() (instance 2)]::operator ()() const::[lambda() (instance 2)]::operator ()() const::[lambda(float) (instance 1)], std::array<char *, (unsigned long)2>>(int, T2, T3)"
:model.layers.21.self_attn.q_proj,PushPop,4239,4239,1,1,150432,150432.0,150432.0,150432,150432,0.0,void cutlass::Kernel2<cutlass_80_tensorop_bf16_s16816gemm_relu_bf16_256x128_32x3_tn_align8>(T1::Params)
:model.layers.21.self_attn.v_proj,PushPop,4239,4239,1,1,73984,73984.0,73984.0,73984,73984,0.0,ampere_bf16_s16816gemm_bf16_256x128_ldg8_f2f_stages_32x3_tn
:model.layers.22,PushPop,4239,4239,1,3,595779,198593.0,221249.0,150497,224033,41675.6,void cutlass::Kernel2<cutlass_80_tensorop_bf16_s16816gemm_relu_bf16_256x128_32x3_tn_align8>(T1::Params)
:model.layers.22,PushPop,4239,4239,1,1,313761,313761.0,313761.0,313761,313761,0.0,"void pytorch_flash::flash_fwd_kernel<Flash_fwd_kernel_traits<(int)128, (int)64, (int)64, (int)4, (bool)0, (bool)0, cutlass::bfloat16_t, Flash_kernel_traits<(int)128, (int)64, (int)64, (int)4, cutlass::bfloat16_t>>, (bool)0, (bool)1, (bool)0, (bool)0, (bool)1, (bool)1, (bool)0, (bool)0>(pytorch_flash::Flash_fwd_params)"
:model.layers.22,PushPop,4239,4239,1,2,303234,151617.0,151617.0,123425,179809,39869.5,ampere_bf16_s1688gemm_bf16_128x128_ldg8_f2f_stages_32x1_tn
:model.layers.22,PushPop,4239,4239,1,2,148097,74048.5,74048.5,74016,74081,46.0,ampere_bf16_s16816gemm_bf16_256x128_ldg8_f2f_stages_32x3_tn
:model.layers.22,PushPop,4239,4239,1,8,140736,17592.0,13840.0,12992,25312,5745.3,"void at::native::elementwise_kernel<(int)128, (int)4, void at::native::gpu_kernel_impl_nocast<at::native::BinaryFunctor<c10::BFloat16, c10::BFloat16, c10::BFloat16, at::native::binary_internal::MulFunctor<float>>>(at::TensorIteratorBase &, const T1 &)::[lambda(int) (instance 1)]>(int, T3)"
:model.layers.22,PushPop,4239,4239,1,4,103521,25880.3,24832.0,18208,35649,7222.4,"void at::native::<unnamed>::CatArrayBatchedCopy<at::native::<unnamed>::OpaqueType<(unsigned int)2>, unsigned int, (int)4, (int)64, (int)64>(T1 *, at::native::<unnamed>::CatArrInputTensorMetadata<T1, T2, T4, T5>, at::native::<unnamed>::TensorSizeStride<T2, (unsigned int)4>, int, T2)"
:model.layers.22,PushPop,4239,4239,1,4,102656,25664.0,20784.0,20448,40640,9985.9,"void at::native::vectorized_elementwise_kernel<(int)4, void at::native::<unnamed>::pow_tensor_scalar_kernel_impl<float, float>(at::TensorIteratorBase &, T2)::[lambda(float) (instance 1)], std::array<char *, (unsigned long)2>>(int, T2, T3)"
:model.layers.22,PushPop,4239,4239,1,4,100960,25240.0,20544.0,20416,39456,9478.1,"void at::native::elementwise_kernel<(int)128, (int)2, void at::native::gpu_kernel_impl_nocast<at::native::BinaryFunctor<float, float, float, at::native::binary_internal::MulFunctor<float>>>(at::TensorIteratorBase &, const T1 &)::[lambda(int) (instance 1)]>(int, T3)"
:model.layers.22,PushPop,4239,4239,1,4,83904,20976.0,17120.0,16576,33088,8078.9,"void at::native::unrolled_elementwise_kernel<at::native::direct_copy_kernel_cuda(at::TensorIteratorBase &)::[lambda() (instance 3)]::operator ()() const::[lambda() (instance 7)]::operator ()() const::[lambda(float) (instance 1)], std::array<char *, (unsigned long)2>, (int)4, TrivialOffsetCalculator<(int)1, unsigned int>, TrivialOffsetCalculator<(int)1, unsigned int>, at::native::memory::LoadWithCast<(int)1>, at::native::memory::StoreWithCast<(int)1>>(int, T1, T2, T4, T5, T6, T7)"
:model.layers.22,PushPop,4239,4239,1,4,75168,18792.0,14672.0,14560,31264,8314.8,"void at::native::vectorized_elementwise_kernel<(int)4, at::native::bfloat16_copy_kernel_cuda(at::TensorIteratorBase &)::[lambda(float) (instance 1)], std::array<char *, (unsigned long)2>>(int, T2, T3)"
:model.layers.22,PushPop,4239,4239,1,4,61856,15464.0,12352.0,10560,26592,7580.0,"void at::native::reduce_kernel<(int)512, (int)1, at::native::ReduceOp<float, at::native::MeanOps<float, float, float, float>, unsigned int, float, (int)4, (int)4>>(T3)"
:model.layers.22,PushPop,4239,4239,1,2,49792,24896.0,24896.0,17344,32448,10680.1,"void at::native::elementwise_kernel<(int)128, (int)4, void at::native::gpu_kernel_impl_nocast<at::native::CUDAFunctor_add<c10::BFloat16>>(at::TensorIteratorBase &, const T1 &)::[lambda(int) (instance 1)]>(int, T3)"
:model.layers.22,PushPop,4239,4239,1,1,45824,45824.0,45824.0,45824,45824,0.0,"void at::native::vectorized_elementwise_kernel<(int)4, at::native::BinaryFunctor<c10::BFloat16, c10::BFloat16, c10::BFloat16, at::native::binary_internal::MulFunctor<float>>, std::array<char *, (unsigned long)3>>(int, T2, T3)"
:model.layers.22,PushPop,4239,4239,1,1,31328,31328.0,31328.0,31328,31328,0.0,"void at::native::vectorized_elementwise_kernel<(int)4, at::native::<unnamed>::silu_kernel(at::TensorIteratorBase &)::[lambda() (instance 1)]::operator ()() const::[lambda() (instance 6)]::operator ()() const::[lambda(c10::BFloat16) (instance 1)], std::array<char *, (unsigned long)2>>(int, T2, T3)"
:model.layers.22,PushPop,4239,4239,1,2,27552,13776.0,13776.0,13408,14144,520.4,"void at::native::vectorized_elementwise_kernel<(int)4, at::native::CUDAFunctor_add<c10::BFloat16>, std::array<char *, (unsigned long)3>>(int, T2, T3)"
:model.layers.22,PushPop,4239,4239,1,2,20736,10368.0,10368.0,7200,13536,4480.2,"void at::native::elementwise_kernel<(int)128, (int)4, void at::native::gpu_kernel_impl_nocast<at::native::neg_kernel_cuda(at::TensorIteratorBase &)::[lambda() (instance 2)]::operator ()() const::[lambda() (instance 9)]::operator ()() const::[lambda(c10::BFloat16) (instance 1)]>(at::TensorIteratorBase &, const T1 &)::[lambda(int) (instance 1)]>(int, T3)"
:model.layers.22,PushPop,4239,4239,1,4,6464,1616.0,1552.0,1408,1952,234.4,"void at::native::vectorized_elementwise_kernel<(int)4, at::native::CUDAFunctorOnSelf_add<float>, std::array<char *, (unsigned long)2>>(int, T2, T3)"
:model.layers.22,PushPop,4239,4239,1,4,5984,1496.0,1488.0,1472,1536,30.6,"void at::native::vectorized_elementwise_kernel<(int)4, at::native::rsqrt_kernel_cuda(at::TensorIteratorBase &)::[lambda() (instance 2)]::operator ()() const::[lambda() (instance 2)]::operator ()() const::[lambda(float) (instance 1)], std::array<char *, (unsigned long)2>>(int, T2, T3)"
:model.layers.22.input_layernorm,PushPop,4239,4239,1,1,20672,20672.0,20672.0,20672,20672,0.0,"void at::native::elementwise_kernel<(int)128, (int)2, void at::native::gpu_kernel_impl_nocast<at::native::BinaryFunctor<float, float, float, at::native::binary_internal::MulFunctor<float>>>(at::TensorIteratorBase &, const T1 &)::[lambda(int) (instance 1)]>(int, T3)"
:model.layers.22.input_layernorm,PushPop,4239,4239,1,1,20640,20640.0,20640.0,20640,20640,0.0,"void at::native::vectorized_elementwise_kernel<(int)4, void at::native::<unnamed>::pow_tensor_scalar_kernel_impl<float, float>(at::TensorIteratorBase &, T2)::[lambda(float) (instance 1)], std::array<char *, (unsigned long)2>>(int, T2, T3)"
:model.layers.22.input_layernorm,PushPop,4239,4239,1,1,17056,17056.0,17056.0,17056,17056,0.0,"void at::native::unrolled_elementwise_kernel<at::native::direct_copy_kernel_cuda(at::TensorIteratorBase &)::[lambda() (instance 3)]::operator ()() const::[lambda() (instance 7)]::operator ()() const::[lambda(float) (instance 1)], std::array<char *, (unsigned long)2>, (int)4, TrivialOffsetCalculator<(int)1, unsigned int>, TrivialOffsetCalculator<(int)1, unsigned int>, at::native::memory::LoadWithCast<(int)1>, at::native::memory::StoreWithCast<(int)1>>(int, T1, T2, T4, T5, T6, T7)"
:model.layers.22.input_layernorm,PushPop,4239,4239,1,1,14560,14560.0,14560.0,14560,14560,0.0,"void at::native::vectorized_elementwise_kernel<(int)4, at::native::bfloat16_copy_kernel_cuda(at::TensorIteratorBase &)::[lambda(float) (instance 1)], std::array<char *, (unsigned long)2>>(int, T2, T3)"
:model.layers.22.input_layernorm,PushPop,4239,4239,1,1,13280,13280.0,13280.0,13280,13280,0.0,"void at::native::elementwise_kernel<(int)128, (int)4, void at::native::gpu_kernel_impl_nocast<at::native::BinaryFunctor<c10::BFloat16, c10::BFloat16, c10::BFloat16, at::native::binary_internal::MulFunctor<float>>>(at::TensorIteratorBase &, const T1 &)::[lambda(int) (instance 1)]>(int, T3)"
:model.layers.22.input_layernorm,PushPop,4239,4239,1,1,10752,10752.0,10752.0,10752,10752,0.0,"void at::native::reduce_kernel<(int)512, (int)1, at::native::ReduceOp<float, at::native::MeanOps<float, float, float, float>, unsigned int, float, (int)4, (int)4>>(T3)"
:model.layers.22.input_layernorm,PushPop,4239,4239,1,1,1536,1536.0,1536.0,1536,1536,0.0,"void at::native::vectorized_elementwise_kernel<(int)4, at::native::CUDAFunctorOnSelf_add<float>, std::array<char *, (unsigned long)2>>(int, T2, T3)"
:model.layers.22.input_layernorm,PushPop,4239,4239,1,1,1472,1472.0,1472.0,1472,1472,0.0,"void at::native::vectorized_elementwise_kernel<(int)4, at::native::rsqrt_kernel_cuda(at::TensorIteratorBase &)::[lambda() (instance 2)]::operator ()() const::[lambda() (instance 2)]::operator ()() const::[lambda(float) (instance 1)], std::array<char *, (unsigned long)2>>(int, T2, T3)"
:model.layers.22.mlp.act_fn,PushPop,4239,4239,1,1,31328,31328.0,31328.0,31328,31328,0.0,"void at::native::vectorized_elementwise_kernel<(int)4, at::native::<unnamed>::silu_kernel(at::TensorIteratorBase &)::[lambda() (instance 1)]::operator ()() const::[lambda() (instance 6)]::operator ()() const::[lambda(c10::BFloat16) (instance 1)], std::array<char *, (unsigned long)2>>(int, T2, T3)"
:model.layers.22.mlp.down_proj,PushPop,4239,4239,1,1,179809,179809.0,179809.0,179809,179809,0.0,ampere_bf16_s1688gemm_bf16_128x128_ldg8_f2f_stages_32x1_tn
:model.layers.22.mlp.gate_proj,PushPop,4239,4239,1,1,224033,224033.0,224033.0,224033,224033,0.0,void cutlass::Kernel2<cutlass_80_tensorop_bf16_s16816gemm_relu_bf16_256x128_32x3_tn_align8>(T1::Params)
:model.layers.22.mlp.up_proj,PushPop,4239,4239,1,1,221249,221249.0,221249.0,221249,221249,0.0,void cutlass::Kernel2<cutlass_80_tensorop_bf16_s16816gemm_relu_bf16_256x128_32x3_tn_align8>(T1::Params)
:model.layers.22.post_attention_layernorm,PushPop,4239,4239,1,1,20928,20928.0,20928.0,20928,20928,0.0,"void at::native::vectorized_elementwise_kernel<(int)4, void at::native::<unnamed>::pow_tensor_scalar_kernel_impl<float, float>(at::TensorIteratorBase &, T2)::[lambda(float) (instance 1)], std::array<char *, (unsigned long)2>>(int, T2, T3)"
:model.layers.22.post_attention_layernorm,PushPop,4239,4239,1,1,20416,20416.0,20416.0,20416,20416,0.0,"void at::native::elementwise_kernel<(int)128, (int)2, void at::native::gpu_kernel_impl_nocast<at::native::BinaryFunctor<float, float, float, at::native::binary_internal::MulFunctor<float>>>(at::TensorIteratorBase &, const T1 &)::[lambda(int) (instance 1)]>(int, T3)"
:model.layers.22.post_attention_layernorm,PushPop,4239,4239,1,1,17184,17184.0,17184.0,17184,17184,0.0,"void at::native::unrolled_elementwise_kernel<at::native::direct_copy_kernel_cuda(at::TensorIteratorBase &)::[lambda() (instance 3)]::operator ()() const::[lambda() (instance 7)]::operator ()() const::[lambda(float) (instance 1)], std::array<char *, (unsigned long)2>, (int)4, TrivialOffsetCalculator<(int)1, unsigned int>, TrivialOffsetCalculator<(int)1, unsigned int>, at::native::memory::LoadWithCast<(int)1>, at::native::memory::StoreWithCast<(int)1>>(int, T1, T2, T4, T5, T6, T7)"
:model.layers.22.post_attention_layernorm,PushPop,4239,4239,1,1,14688,14688.0,14688.0,14688,14688,0.0,"void at::native::vectorized_elementwise_kernel<(int)4, at::native::bfloat16_copy_kernel_cuda(at::TensorIteratorBase &)::[lambda(float) (instance 1)], std::array<char *, (unsigned long)2>>(int, T2, T3)"
:model.layers.22.post_attention_layernorm,PushPop,4239,4239,1,1,13280,13280.0,13280.0,13280,13280,0.0,"void at::native::elementwise_kernel<(int)128, (int)4, void at::native::gpu_kernel_impl_nocast<at::native::BinaryFunctor<c10::BFloat16, c10::BFloat16, c10::BFloat16, at::native::binary_internal::MulFunctor<float>>>(at::TensorIteratorBase &, const T1 &)::[lambda(int) (instance 1)]>(int, T3)"
:model.layers.22.post_attention_layernorm,PushPop,4239,4239,1,1,10560,10560.0,10560.0,10560,10560,0.0,"void at::native::reduce_kernel<(int)512, (int)1, at::native::ReduceOp<float, at::native::MeanOps<float, float, float, float>, unsigned int, float, (int)4, (int)4>>(T3)"
:model.layers.22.post_attention_layernorm,PushPop,4239,4239,1,1,1568,1568.0,1568.0,1568,1568,0.0,"void at::native::vectorized_elementwise_kernel<(int)4, at::native::CUDAFunctorOnSelf_add<float>, std::array<char *, (unsigned long)2>>(int, T2, T3)"
:model.layers.22.post_attention_layernorm,PushPop,4239,4239,1,1,1536,1536.0,1536.0,1536,1536,0.0,"void at::native::vectorized_elementwise_kernel<(int)4, at::native::rsqrt_kernel_cuda(at::TensorIteratorBase &)::[lambda() (instance 2)]::operator ()() const::[lambda() (instance 2)]::operator ()() const::[lambda(float) (instance 1)], std::array<char *, (unsigned long)2>>(int, T2, T3)"
:model.layers.22.self_attn.k_norm,PushPop,4239,4239,1,1,20448,20448.0,20448.0,20448,20448,0.0,"void at::native::vectorized_elementwise_kernel<(int)4, void at::native::<unnamed>::pow_tensor_scalar_kernel_impl<float, float>(at::TensorIteratorBase &, T2)::[lambda(float) (instance 1)], std::array<char *, (unsigned long)2>>(int, T2, T3)"
:model.layers.22.self_attn.k_norm,PushPop,4239,4239,1,1,20416,20416.0,20416.0,20416,20416,0.0,"void at::native::elementwise_kernel<(int)128, (int)2, void at::native::gpu_kernel_impl_nocast<at::native::BinaryFunctor<float, float, float, at::native::binary_internal::MulFunctor<float>>>(at::TensorIteratorBase &, const T1 &)::[lambda(int) (instance 1)]>(int, T3)"
:model.layers.22.self_attn.k_norm,PushPop,4239,4239,1,1,16576,16576.0,16576.0,16576,16576,0.0,"void at::native::unrolled_elementwise_kernel<at::native::direct_copy_kernel_cuda(at::TensorIteratorBase &)::[lambda() (instance 3)]::operator ()() const::[lambda() (instance 7)]::operator ()() const::[lambda(float) (instance 1)], std::array<char *, (unsigned long)2>, (int)4, TrivialOffsetCalculator<(int)1, unsigned int>, TrivialOffsetCalculator<(int)1, unsigned int>, at::native::memory::LoadWithCast<(int)1>, at::native::memory::StoreWithCast<(int)1>>(int, T1, T2, T4, T5, T6, T7)"
:model.layers.22.self_attn.k_norm,PushPop,4239,4239,1,1,14656,14656.0,14656.0,14656,14656,0.0,"void at::native::vectorized_elementwise_kernel<(int)4, at::native::bfloat16_copy_kernel_cuda(at::TensorIteratorBase &)::[lambda(float) (instance 1)], std::array<char *, (unsigned long)2>>(int, T2, T3)"
:model.layers.22.self_attn.k_norm,PushPop,4239,4239,1,1,13952,13952.0,13952.0,13952,13952,0.0,"void at::native::reduce_kernel<(int)512, (int)1, at::native::ReduceOp<float, at::native::MeanOps<float, float, float, float>, unsigned int, float, (int)4, (int)4>>(T3)"
:model.layers.22.self_attn.k_norm,PushPop,4239,4239,1,1,12992,12992.0,12992.0,12992,12992,0.0,"void at::native::elementwise_kernel<(int)128, (int)4, void at::native::gpu_kernel_impl_nocast<at::native::BinaryFunctor<c10::BFloat16, c10::BFloat16, c10::BFloat16, at::native::binary_internal::MulFunctor<float>>>(at::TensorIteratorBase &, const T1 &)::[lambda(int) (instance 1)]>(int, T3)"
:model.layers.22.self_attn.k_norm,PushPop,4239,4239,1,1,1472,1472.0,1472.0,1472,1472,0.0,"void at::native::vectorized_elementwise_kernel<(int)4, at::native::rsqrt_kernel_cuda(at::TensorIteratorBase &)::[lambda() (instance 2)]::operator ()() const::[lambda() (instance 2)]::operator ()() const::[lambda(float) (instance 1)], std::array<char *, (unsigned long)2>>(int, T2, T3)"
:model.layers.22.self_attn.k_norm,PushPop,4239,4239,1,1,1408,1408.0,1408.0,1408,1408,0.0,"void at::native::vectorized_elementwise_kernel<(int)4, at::native::CUDAFunctorOnSelf_add<float>, std::array<char *, (unsigned long)2>>(int, T2, T3)"
:model.layers.22.self_attn.k_proj,PushPop,4239,4239,1,1,74081,74081.0,74081.0,74081,74081,0.0,ampere_bf16_s16816gemm_bf16_256x128_ldg8_f2f_stages_32x3_tn
:model.layers.22.self_attn.o_proj,PushPop,4239,4239,1,1,123425,123425.0,123425.0,123425,123425,0.0,ampere_bf16_s1688gemm_bf16_128x128_ldg8_f2f_stages_32x1_tn
:model.layers.22.self_attn.q_norm,PushPop,4239,4239,1,1,40640,40640.0,40640.0,40640,40640,0.0,"void at::native::vectorized_elementwise_kernel<(int)4, void at::native::<unnamed>::pow_tensor_scalar_kernel_impl<float, float>(at::TensorIteratorBase &, T2)::[lambda(float) (instance 1)], std::array<char *, (unsigned long)2>>(int, T2, T3)"
:model.layers.22.self_attn.q_norm,PushPop,4239,4239,1,1,39456,39456.0,39456.0,39456,39456,0.0,"void at::native::elementwise_kernel<(int)128, (int)2, void at::native::gpu_kernel_impl_nocast<at::native::BinaryFunctor<float, float, float, at::native::binary_internal::MulFunctor<float>>>(at::TensorIteratorBase &, const T1 &)::[lambda(int) (instance 1)]>(int, T3)"
:model.layers.22.self_attn.q_norm,PushPop,4239,4239,1,1,33088,33088.0,33088.0,33088,33088,0.0,"void at::native::unrolled_elementwise_kernel<at::native::direct_copy_kernel_cuda(at::TensorIteratorBase &)::[lambda() (instance 3)]::operator ()() const::[lambda() (instance 7)]::operator ()() const::[lambda(float) (instance 1)], std::array<char *, (unsigned long)2>, (int)4, TrivialOffsetCalculator<(int)1, unsigned int>, TrivialOffsetCalculator<(int)1, unsigned int>, at::native::memory::LoadWithCast<(int)1>, at::native::memory::StoreWithCast<(int)1>>(int, T1, T2, T4, T5, T6, T7)"
:model.layers.22.self_attn.q_norm,PushPop,4239,4239,1,1,31264,31264.0,31264.0,31264,31264,0.0,"void at::native::vectorized_elementwise_kernel<(int)4, at::native::bfloat16_copy_kernel_cuda(at::TensorIteratorBase &)::[lambda(float) (instance 1)], std::array<char *, (unsigned long)2>>(int, T2, T3)"
:model.layers.22.self_attn.q_norm,PushPop,4239,4239,1,1,26592,26592.0,26592.0,26592,26592,0.0,"void at::native::reduce_kernel<(int)512, (int)1, at::native::ReduceOp<float, at::native::MeanOps<float, float, float, float>, unsigned int, float, (int)4, (int)4>>(T3)"
:model.layers.22.self_attn.q_norm,PushPop,4239,4239,1,1,23968,23968.0,23968.0,23968,23968,0.0,"void at::native::elementwise_kernel<(int)128, (int)4, void at::native::gpu_kernel_impl_nocast<at::native::BinaryFunctor<c10::BFloat16, c10::BFloat16, c10::BFloat16, at::native::binary_internal::MulFunctor<float>>>(at::TensorIteratorBase &, const T1 &)::[lambda(int) (instance 1)]>(int, T3)"
:model.layers.22.self_attn.q_norm,PushPop,4239,4239,1,1,1952,1952.0,1952.0,1952,1952,0.0,"void at::native::vectorized_elementwise_kernel<(int)4, at::native::CUDAFunctorOnSelf_add<float>, std::array<char *, (unsigned long)2>>(int, T2, T3)"
:model.layers.22.self_attn.q_norm,PushPop,4239,4239,1,1,1504,1504.0,1504.0,1504,1504,0.0,"void at::native::vectorized_elementwise_kernel<(int)4, at::native::rsqrt_kernel_cuda(at::TensorIteratorBase &)::[lambda() (instance 2)]::operator ()() const::[lambda() (instance 2)]::operator ()() const::[lambda(float) (instance 1)], std::array<char *, (unsigned long)2>>(int, T2, T3)"
:model.layers.22.self_attn.q_proj,PushPop,4239,4239,1,1,150497,150497.0,150497.0,150497,150497,0.0,void cutlass::Kernel2<cutlass_80_tensorop_bf16_s16816gemm_relu_bf16_256x128_32x3_tn_align8>(T1::Params)
:model.layers.22.self_attn.v_proj,PushPop,4239,4239,1,1,74016,74016.0,74016.0,74016,74016,0.0,ampere_bf16_s16816gemm_bf16_256x128_ldg8_f2f_stages_32x3_tn
:model.layers.23,PushPop,4239,4239,1,3,596033,198677.7,221504.0,150369,224160,41857.6,void cutlass::Kernel2<cutlass_80_tensorop_bf16_s16816gemm_relu_bf16_256x128_32x3_tn_align8>(T1::Params)
:model.layers.23,PushPop,4239,4239,1,1,312961,312961.0,312961.0,312961,312961,0.0,"void pytorch_flash::flash_fwd_kernel<Flash_fwd_kernel_traits<(int)128, (int)64, (int)64, (int)4, (bool)0, (bool)0, cutlass::bfloat16_t, Flash_kernel_traits<(int)128, (int)64, (int)64, (int)4, cutlass::bfloat16_t>>, (bool)0, (bool)1, (bool)0, (bool)0, (bool)1, (bool)1, (bool)0, (bool)0>(pytorch_flash::Flash_fwd_params)"
:model.layers.23,PushPop,4239,4239,1,2,302656,151328.0,151328.0,123072,179584,39960.0,ampere_bf16_s1688gemm_bf16_128x128_ldg8_f2f_stages_32x1_tn
:model.layers.23,PushPop,4239,4239,1,2,147969,73984.5,73984.5,73952,74017,46.0,ampere_bf16_s16816gemm_bf16_256x128_ldg8_f2f_stages_32x3_tn
:model.layers.23,PushPop,4239,4239,1,8,139712,17464.0,13792.0,12608,25280,5848.0,"void at::native::elementwise_kernel<(int)128, (int)4, void at::native::gpu_kernel_impl_nocast<at::native::BinaryFunctor<c10::BFloat16, c10::BFloat16, c10::BFloat16, at::native::binary_internal::MulFunctor<float>>>(at::TensorIteratorBase &, const T1 &)::[lambda(int) (instance 1)]>(int, T3)"
:model.layers.23,PushPop,4239,4239,1,4,104641,26160.3,25200.5,18176,36064,7386.5,"void at::native::<unnamed>::CatArrayBatchedCopy<at::native::<unnamed>::OpaqueType<(unsigned int)2>, unsigned int, (int)4, (int)64, (int)64>(T1 *, at::native::<unnamed>::CatArrInputTensorMetadata<T1, T2, T4, T5>, at::native::<unnamed>::TensorSizeStride<T2, (unsigned int)4>, int, T2)"
:model.layers.23,PushPop,4239,4239,1,4,103712,25928.0,20928.0,20704,41152,10149.9,"void at::native::vectorized_elementwise_kernel<(int)4, void at::native::<unnamed>::pow_tensor_scalar_kernel_impl<float, float>(at::TensorIteratorBase &, T2)::[lambda(float) (instance 1)], std::array<char *, (unsigned long)2>>(int, T2, T3)"
:model.layers.23,PushPop,4239,4239,1,4,98720,24680.0,20336.0,19712,38336,9108.8,"void at::native::elementwise_kernel<(int)128, (int)2, void at::native::gpu_kernel_impl_nocast<at::native::BinaryFunctor<float, float, float, at::native::binary_internal::MulFunctor<float>>>(at::TensorIteratorBase &, const T1 &)::[lambda(int) (instance 1)]>(int, T3)"
:model.layers.23,PushPop,4239,4239,1,4,83776,20944.0,17184.0,16288,33120,8129.0,"void at::native::unrolled_elementwise_kernel<at::native::direct_copy_kernel_cuda(at::TensorIteratorBase &)::[lambda() (instance 3)]::operator ()() const::[lambda() (instance 7)]::operator ()() const::[lambda(float) (instance 1)], std::array<char *, (unsigned long)2>, (int)4, TrivialOffsetCalculator<(int)1, unsigned int>, TrivialOffsetCalculator<(int)1, unsigned int>, at::native::memory::LoadWithCast<(int)1>, at::native::memory::StoreWithCast<(int)1>>(int, T1, T2, T4, T5, T6, T7)"
:model.layers.23,PushPop,4239,4239,1,4,75618,18904.5,14832.5,14368,31585,8456.8,"void at::native::vectorized_elementwise_kernel<(int)4, at::native::bfloat16_copy_kernel_cuda(at::TensorIteratorBase &)::[lambda(float) (instance 1)], std::array<char *, (unsigned long)2>>(int, T2, T3)"
:model.layers.23,PushPop,4239,4239,1,4,62272,15568.0,12496.0,10624,26656,7538.8,"void at::native::reduce_kernel<(int)512, (int)1, at::native::ReduceOp<float, at::native::MeanOps<float, float, float, float>, unsigned int, float, (int)4, (int)4>>(T3)"
:model.layers.23,PushPop,4239,4239,1,2,49696,24848.0,24848.0,17344,32352,10612.3,"void at::native::elementwise_kernel<(int)128, (int)4, void at::native::gpu_kernel_impl_nocast<at::native::CUDAFunctor_add<c10::BFloat16>>(at::TensorIteratorBase &, const T1 &)::[lambda(int) (instance 1)]>(int, T3)"
:model.layers.23,PushPop,4239,4239,1,1,45921,45921.0,45921.0,45921,45921,0.0,"void at::native::vectorized_elementwise_kernel<(int)4, at::native::BinaryFunctor<c10::BFloat16, c10::BFloat16, c10::BFloat16, at::native::binary_internal::MulFunctor<float>>, std::array<char *, (unsigned long)3>>(int, T2, T3)"
:model.layers.23,PushPop,4239,4239,1,1,31233,31233.0,31233.0,31233,31233,0.0,"void at::native::vectorized_elementwise_kernel<(int)4, at::native::<unnamed>::silu_kernel(at::TensorIteratorBase &)::[lambda() (instance 1)]::operator ()() const::[lambda() (instance 6)]::operator ()() const::[lambda(c10::BFloat16) (instance 1)], std::array<char *, (unsigned long)2>>(int, T2, T3)"
:model.layers.23,PushPop,4239,4239,1,2,28224,14112.0,14112.0,13952,14272,226.3,"void at::native::vectorized_elementwise_kernel<(int)4, at::native::CUDAFunctor_add<c10::BFloat16>, std::array<char *, (unsigned long)3>>(int, T2, T3)"
:model.layers.23,PushPop,4239,4239,1,2,20384,10192.0,10192.0,6784,13600,4819.6,"void at::native::elementwise_kernel<(int)128, (int)4, void at::native::gpu_kernel_impl_nocast<at::native::neg_kernel_cuda(at::TensorIteratorBase &)::[lambda() (instance 2)]::operator ()() const::[lambda() (instance 9)]::operator ()() const::[lambda(c10::BFloat16) (instance 1)]>(at::TensorIteratorBase &, const T1 &)::[lambda(int) (instance 1)]>(int, T3)"
:model.layers.23,PushPop,4239,4239,1,4,6432,1608.0,1568.0,1440,1856,176.0,"void at::native::vectorized_elementwise_kernel<(int)4, at::native::CUDAFunctorOnSelf_add<float>, std::array<char *, (unsigned long)2>>(int, T2, T3)"
:model.layers.23,PushPop,4239,4239,1,4,5888,1472.0,1472.0,1440,1504,26.1,"void at::native::vectorized_elementwise_kernel<(int)4, at::native::rsqrt_kernel_cuda(at::TensorIteratorBase &)::[lambda() (instance 2)]::operator ()() const::[lambda() (instance 2)]::operator ()() const::[lambda(float) (instance 1)], std::array<char *, (unsigned long)2>>(int, T2, T3)"
:model.layers.23.input_layernorm,PushPop,4239,4239,1,1,20704,20704.0,20704.0,20704,20704,0.0,"void at::native::vectorized_elementwise_kernel<(int)4, void at::native::<unnamed>::pow_tensor_scalar_kernel_impl<float, float>(at::TensorIteratorBase &, T2)::[lambda(float) (instance 1)], std::array<char *, (unsigned long)2>>(int, T2, T3)"
:model.layers.23.input_layernorm,PushPop,4239,4239,1,1,20320,20320.0,20320.0,20320,20320,0.0,"void at::native::elementwise_kernel<(int)128, (int)2, void at::native::gpu_kernel_impl_nocast<at::native::BinaryFunctor<float, float, float, at::native::binary_internal::MulFunctor<float>>>(at::TensorIteratorBase &, const T1 &)::[lambda(int) (instance 1)]>(int, T3)"
:model.layers.23.input_layernorm,PushPop,4239,4239,1,1,17056,17056.0,17056.0,17056,17056,0.0,"void at::native::unrolled_elementwise_kernel<at::native::direct_copy_kernel_cuda(at::TensorIteratorBase &)::[lambda() (instance 3)]::operator ()() const::[lambda() (instance 7)]::operator ()() const::[lambda(float) (instance 1)], std::array<char *, (unsigned long)2>, (int)4, TrivialOffsetCalculator<(int)1, unsigned int>, TrivialOffsetCalculator<(int)1, unsigned int>, at::native::memory::LoadWithCast<(int)1>, at::native::memory::StoreWithCast<(int)1>>(int, T1, T2, T4, T5, T6, T7)"
:model.layers.23.input_layernorm,PushPop,4239,4239,1,1,14912,14912.0,14912.0,14912,14912,0.0,"void at::native::vectorized_elementwise_kernel<(int)4, at::native::bfloat16_copy_kernel_cuda(at::TensorIteratorBase &)::[lambda(float) (instance 1)], std::array<char *, (unsigned long)2>>(int, T2, T3)"
:model.layers.23.input_layernorm,PushPop,4239,4239,1,1,13152,13152.0,13152.0,13152,13152,0.0,"void at::native::elementwise_kernel<(int)128, (int)4, void at::native::gpu_kernel_impl_nocast<at::native::BinaryFunctor<c10::BFloat16, c10::BFloat16, c10::BFloat16, at::native::binary_internal::MulFunctor<float>>>(at::TensorIteratorBase &, const T1 &)::[lambda(int) (instance 1)]>(int, T3)"
:model.layers.23.input_layernorm,PushPop,4239,4239,1,1,10624,10624.0,10624.0,10624,10624,0.0,"void at::native::reduce_kernel<(int)512, (int)1, at::native::ReduceOp<float, at::native::MeanOps<float, float, float, float>, unsigned int, float, (int)4, (int)4>>(T3)"
:model.layers.23.input_layernorm,PushPop,4239,4239,1,1,1568,1568.0,1568.0,1568,1568,0.0,"void at::native::vectorized_elementwise_kernel<(int)4, at::native::CUDAFunctorOnSelf_add<float>, std::array<char *, (unsigned long)2>>(int, T2, T3)"
:model.layers.23.input_layernorm,PushPop,4239,4239,1,1,1440,1440.0,1440.0,1440,1440,0.0,"void at::native::vectorized_elementwise_kernel<(int)4, at::native::rsqrt_kernel_cuda(at::TensorIteratorBase &)::[lambda() (instance 2)]::operator ()() const::[lambda() (instance 2)]::operator ()() const::[lambda(float) (instance 1)], std::array<char *, (unsigned long)2>>(int, T2, T3)"
:model.layers.23.mlp.act_fn,PushPop,4239,4239,1,1,31233,31233.0,31233.0,31233,31233,0.0,"void at::native::vectorized_elementwise_kernel<(int)4, at::native::<unnamed>::silu_kernel(at::TensorIteratorBase &)::[lambda() (instance 1)]::operator ()() const::[lambda() (instance 6)]::operator ()() const::[lambda(c10::BFloat16) (instance 1)], std::array<char *, (unsigned long)2>>(int, T2, T3)"
:model.layers.23.mlp.down_proj,PushPop,4239,4239,1,1,179584,179584.0,179584.0,179584,179584,0.0,ampere_bf16_s1688gemm_bf16_128x128_ldg8_f2f_stages_32x1_tn
:model.layers.23.mlp.gate_proj,PushPop,4239,4239,1,1,224160,224160.0,224160.0,224160,224160,0.0,void cutlass::Kernel2<cutlass_80_tensorop_bf16_s16816gemm_relu_bf16_256x128_32x3_tn_align8>(T1::Params)
:model.layers.23.mlp.up_proj,PushPop,4239,4239,1,1,221504,221504.0,221504.0,221504,221504,0.0,void cutlass::Kernel2<cutlass_80_tensorop_bf16_s16816gemm_relu_bf16_256x128_32x3_tn_align8>(T1::Params)
:model.layers.23.post_attention_layernorm,PushPop,4239,4239,1,1,20896,20896.0,20896.0,20896,20896,0.0,"void at::native::vectorized_elementwise_kernel<(int)4, void at::native::<unnamed>::pow_tensor_scalar_kernel_impl<float, float>(at::TensorIteratorBase &, T2)::[lambda(float) (instance 1)], std::array<char *, (unsigned long)2>>(int, T2, T3)"
:model.layers.23.post_attention_layernorm,PushPop,4239,4239,1,1,20352,20352.0,20352.0,20352,20352,0.0,"void at::native::elementwise_kernel<(int)128, (int)2, void at::native::gpu_kernel_impl_nocast<at::native::BinaryFunctor<float, float, float, at::native::binary_internal::MulFunctor<float>>>(at::TensorIteratorBase &, const T1 &)::[lambda(int) (instance 1)]>(int, T3)"
:model.layers.23.post_attention_layernorm,PushPop,4239,4239,1,1,17312,17312.0,17312.0,17312,17312,0.0,"void at::native::unrolled_elementwise_kernel<at::native::direct_copy_kernel_cuda(at::TensorIteratorBase &)::[lambda() (instance 3)]::operator ()() const::[lambda() (instance 7)]::operator ()() const::[lambda(float) (instance 1)], std::array<char *, (unsigned long)2>, (int)4, TrivialOffsetCalculator<(int)1, unsigned int>, TrivialOffsetCalculator<(int)1, unsigned int>, at::native::memory::LoadWithCast<(int)1>, at::native::memory::StoreWithCast<(int)1>>(int, T1, T2, T4, T5, T6, T7)"
:model.layers.23.post_attention_layernorm,PushPop,4239,4239,1,1,14753,14753.0,14753.0,14753,14753,0.0,"void at::native::vectorized_elementwise_kernel<(int)4, at::native::bfloat16_copy_kernel_cuda(at::TensorIteratorBase &)::[lambda(float) (instance 1)], std::array<char *, (unsigned long)2>>(int, T2, T3)"
:model.layers.23.post_attention_layernorm,PushPop,4239,4239,1,1,12896,12896.0,12896.0,12896,12896,0.0,"void at::native::elementwise_kernel<(int)128, (int)4, void at::native::gpu_kernel_impl_nocast<at::native::BinaryFunctor<c10::BFloat16, c10::BFloat16, c10::BFloat16, at::native::binary_internal::MulFunctor<float>>>(at::TensorIteratorBase &, const T1 &)::[lambda(int) (instance 1)]>(int, T3)"
:model.layers.23.post_attention_layernorm,PushPop,4239,4239,1,1,11040,11040.0,11040.0,11040,11040,0.0,"void at::native::reduce_kernel<(int)512, (int)1, at::native::ReduceOp<float, at::native::MeanOps<float, float, float, float>, unsigned int, float, (int)4, (int)4>>(T3)"
:model.layers.23.post_attention_layernorm,PushPop,4239,4239,1,1,1568,1568.0,1568.0,1568,1568,0.0,"void at::native::vectorized_elementwise_kernel<(int)4, at::native::CUDAFunctorOnSelf_add<float>, std::array<char *, (unsigned long)2>>(int, T2, T3)"
:model.layers.23.post_attention_layernorm,PushPop,4239,4239,1,1,1472,1472.0,1472.0,1472,1472,0.0,"void at::native::vectorized_elementwise_kernel<(int)4, at::native::rsqrt_kernel_cuda(at::TensorIteratorBase &)::[lambda() (instance 2)]::operator ()() const::[lambda() (instance 2)]::operator ()() const::[lambda(float) (instance 1)], std::array<char *, (unsigned long)2>>(int, T2, T3)"
:model.layers.23.self_attn.k_norm,PushPop,4239,4239,1,1,20960,20960.0,20960.0,20960,20960,0.0,"void at::native::vectorized_elementwise_kernel<(int)4, void at::native::<unnamed>::pow_tensor_scalar_kernel_impl<float, float>(at::TensorIteratorBase &, T2)::[lambda(float) (instance 1)], std::array<char *, (unsigned long)2>>(int, T2, T3)"
:model.layers.23.self_attn.k_norm,PushPop,4239,4239,1,1,19712,19712.0,19712.0,19712,19712,0.0,"void at::native::elementwise_kernel<(int)128, (int)2, void at::native::gpu_kernel_impl_nocast<at::native::BinaryFunctor<float, float, float, at::native::binary_internal::MulFunctor<float>>>(at::TensorIteratorBase &, const T1 &)::[lambda(int) (instance 1)]>(int, T3)"
:model.layers.23.self_attn.k_norm,PushPop,4239,4239,1,1,16288,16288.0,16288.0,16288,16288,0.0,"void at::native::unrolled_elementwise_kernel<at::native::direct_copy_kernel_cuda(at::TensorIteratorBase &)::[lambda() (instance 3)]::operator ()() const::[lambda() (instance 7)]::operator ()() const::[lambda(float) (instance 1)], std::array<char *, (unsigned long)2>, (int)4, TrivialOffsetCalculator<(int)1, unsigned int>, TrivialOffsetCalculator<(int)1, unsigned int>, at::native::memory::LoadWithCast<(int)1>, at::native::memory::StoreWithCast<(int)1>>(int, T1, T2, T4, T5, T6, T7)"
:model.layers.23.self_attn.k_norm,PushPop,4239,4239,1,1,14368,14368.0,14368.0,14368,14368,0.0,"void at::native::vectorized_elementwise_kernel<(int)4, at::native::bfloat16_copy_kernel_cuda(at::TensorIteratorBase &)::[lambda(float) (instance 1)], std::array<char *, (unsigned long)2>>(int, T2, T3)"
:model.layers.23.self_attn.k_norm,PushPop,4239,4239,1,1,13952,13952.0,13952.0,13952,13952,0.0,"void at::native::reduce_kernel<(int)512, (int)1, at::native::ReduceOp<float, at::native::MeanOps<float, float, float, float>, unsigned int, float, (int)4, (int)4>>(T3)"
:model.layers.23.self_attn.k_norm,PushPop,4239,4239,1,1,12608,12608.0,12608.0,12608,12608,0.0,"void at::native::elementwise_kernel<(int)128, (int)4, void at::native::gpu_kernel_impl_nocast<at::native::BinaryFunctor<c10::BFloat16, c10::BFloat16, c10::BFloat16, at::native::binary_internal::MulFunctor<float>>>(at::TensorIteratorBase &, const T1 &)::[lambda(int) (instance 1)]>(int, T3)"
:model.layers.23.self_attn.k_norm,PushPop,4239,4239,1,1,1472,1472.0,1472.0,1472,1472,0.0,"void at::native::vectorized_elementwise_kernel<(int)4, at::native::rsqrt_kernel_cuda(at::TensorIteratorBase &)::[lambda() (instance 2)]::operator ()() const::[lambda() (instance 2)]::operator ()() const::[lambda(float) (instance 1)], std::array<char *, (unsigned long)2>>(int, T2, T3)"
:model.layers.23.self_attn.k_norm,PushPop,4239,4239,1,1,1440,1440.0,1440.0,1440,1440,0.0,"void at::native::vectorized_elementwise_kernel<(int)4, at::native::CUDAFunctorOnSelf_add<float>, std::array<char *, (unsigned long)2>>(int, T2, T3)"
:model.layers.23.self_attn.k_proj,PushPop,4239,4239,1,1,73952,73952.0,73952.0,73952,73952,0.0,ampere_bf16_s16816gemm_bf16_256x128_ldg8_f2f_stages_32x3_tn
:model.layers.23.self_attn.o_proj,PushPop,4239,4239,1,1,123072,123072.0,123072.0,123072,123072,0.0,ampere_bf16_s1688gemm_bf16_128x128_ldg8_f2f_stages_32x1_tn
:model.layers.23.self_attn.q_norm,PushPop,4239,4239,1,1,41152,41152.0,41152.0,41152,41152,0.0,"void at::native::vectorized_elementwise_kernel<(int)4, void at::native::<unnamed>::pow_tensor_scalar_kernel_impl<float, float>(at::TensorIteratorBase &, T2)::[lambda(float) (instance 1)], std::array<char *, (unsigned long)2>>(int, T2, T3)"
:model.layers.23.self_attn.q_norm,PushPop,4239,4239,1,1,38336,38336.0,38336.0,38336,38336,0.0,"void at::native::elementwise_kernel<(int)128, (int)2, void at::native::gpu_kernel_impl_nocast<at::native::BinaryFunctor<float, float, float, at::native::binary_internal::MulFunctor<float>>>(at::TensorIteratorBase &, const T1 &)::[lambda(int) (instance 1)]>(int, T3)"
:model.layers.23.self_attn.q_norm,PushPop,4239,4239,1,1,33120,33120.0,33120.0,33120,33120,0.0,"void at::native::unrolled_elementwise_kernel<at::native::direct_copy_kernel_cuda(at::TensorIteratorBase &)::[lambda() (instance 3)]::operator ()() const::[lambda() (instance 7)]::operator ()() const::[lambda(float) (instance 1)], std::array<char *, (unsigned long)2>, (int)4, TrivialOffsetCalculator<(int)1, unsigned int>, TrivialOffsetCalculator<(int)1, unsigned int>, at::native::memory::LoadWithCast<(int)1>, at::native::memory::StoreWithCast<(int)1>>(int, T1, T2, T4, T5, T6, T7)"
:model.layers.23.self_attn.q_norm,PushPop,4239,4239,1,1,31585,31585.0,31585.0,31585,31585,0.0,"void at::native::vectorized_elementwise_kernel<(int)4, at::native::bfloat16_copy_kernel_cuda(at::TensorIteratorBase &)::[lambda(float) (instance 1)], std::array<char *, (unsigned long)2>>(int, T2, T3)"
:model.layers.23.self_attn.q_norm,PushPop,4239,4239,1,1,26656,26656.0,26656.0,26656,26656,0.0,"void at::native::reduce_kernel<(int)512, (int)1, at::native::ReduceOp<float, at::native::MeanOps<float, float, float, float>, unsigned int, float, (int)4, (int)4>>(T3)"
:model.layers.23.self_attn.q_norm,PushPop,4239,4239,1,1,23808,23808.0,23808.0,23808,23808,0.0,"void at::native::elementwise_kernel<(int)128, (int)4, void at::native::gpu_kernel_impl_nocast<at::native::BinaryFunctor<c10::BFloat16, c10::BFloat16, c10::BFloat16, at::native::binary_internal::MulFunctor<float>>>(at::TensorIteratorBase &, const T1 &)::[lambda(int) (instance 1)]>(int, T3)"
:model.layers.23.self_attn.q_norm,PushPop,4239,4239,1,1,1856,1856.0,1856.0,1856,1856,0.0,"void at::native::vectorized_elementwise_kernel<(int)4, at::native::CUDAFunctorOnSelf_add<float>, std::array<char *, (unsigned long)2>>(int, T2, T3)"
:model.layers.23.self_attn.q_norm,PushPop,4239,4239,1,1,1504,1504.0,1504.0,1504,1504,0.0,"void at::native::vectorized_elementwise_kernel<(int)4, at::native::rsqrt_kernel_cuda(at::TensorIteratorBase &)::[lambda() (instance 2)]::operator ()() const::[lambda() (instance 2)]::operator ()() const::[lambda(float) (instance 1)], std::array<char *, (unsigned long)2>>(int, T2, T3)"
:model.layers.23.self_attn.q_proj,PushPop,4239,4239,1,1,150369,150369.0,150369.0,150369,150369,0.0,void cutlass::Kernel2<cutlass_80_tensorop_bf16_s16816gemm_relu_bf16_256x128_32x3_tn_align8>(T1::Params)
:model.layers.23.self_attn.v_proj,PushPop,4239,4239,1,1,74017,74017.0,74017.0,74017,74017,0.0,ampere_bf16_s16816gemm_bf16_256x128_ldg8_f2f_stages_32x3_tn
:model.layers.24,PushPop,4239,4239,1,3,596162,198720.7,221345.0,150560,224257,41733.8,void cutlass::Kernel2<cutlass_80_tensorop_bf16_s16816gemm_relu_bf16_256x128_32x3_tn_align8>(T1::Params)
:model.layers.24,PushPop,4239,4239,1,1,322369,322369.0,322369.0,322369,322369,0.0,"void pytorch_flash::flash_fwd_kernel<Flash_fwd_kernel_traits<(int)128, (int)64, (int)64, (int)4, (bool)0, (bool)0, cutlass::bfloat16_t, Flash_kernel_traits<(int)128, (int)64, (int)64, (int)4, cutlass::bfloat16_t>>, (bool)0, (bool)1, (bool)0, (bool)0, (bool)1, (bool)1, (bool)0, (bool)0>(pytorch_flash::Flash_fwd_params)"
:model.layers.24,PushPop,4239,4239,1,2,302945,151472.5,151472.5,122784,180161,40571.7,ampere_bf16_s1688gemm_bf16_128x128_ldg8_f2f_stages_32x1_tn
:model.layers.24,PushPop,4239,4239,1,2,148000,74000.0,74000.0,73984,74016,22.6,ampere_bf16_s16816gemm_bf16_256x128_ldg8_f2f_stages_32x3_tn
:model.layers.24,PushPop,4239,4239,1,8,140224,17528.0,13856.0,12640,25312,5837.8,"void at::native::elementwise_kernel<(int)128, (int)4, void at::native::gpu_kernel_impl_nocast<at::native::BinaryFunctor<c10::BFloat16, c10::BFloat16, c10::BFloat16, at::native::binary_internal::MulFunctor<float>>>(at::TensorIteratorBase &, const T1 &)::[lambda(int) (instance 1)]>(int, T3)"
:model.layers.24,PushPop,4239,4239,1,4,104096,26024.0,20944.0,20576,41632,10407.4,"void at::native::vectorized_elementwise_kernel<(int)4, void at::native::<unnamed>::pow_tensor_scalar_kernel_impl<float, float>(at::TensorIteratorBase &, T2)::[lambda(float) (instance 1)], std::array<char *, (unsigned long)2>>(int, T2, T3)"
:model.layers.24,PushPop,4239,4239,1,4,104033,26008.3,24944.0,18273,35872,7290.5,"void at::native::<unnamed>::CatArrayBatchedCopy<at::native::<unnamed>::OpaqueType<(unsigned int)2>, unsigned int, (int)4, (int)64, (int)64>(T1 *, at::native::<unnamed>::CatArrInputTensorMetadata<T1, T2, T4, T5>, at::native::<unnamed>::TensorSizeStride<T2, (unsigned int)4>, int, T2)"
:model.layers.24,PushPop,4239,4239,1,4,99586,24896.5,20416.5,19713,39040,9435.2,"void at::native::elementwise_kernel<(int)128, (int)2, void at::native::gpu_kernel_impl_nocast<at::native::BinaryFunctor<float, float, float, at::native::binary_internal::MulFunctor<float>>>(at::TensorIteratorBase &, const T1 &)::[lambda(int) (instance 1)]>(int, T3)"
:model.layers.24,PushPop,4239,4239,1,4,83744,20936.0,17296.0,16288,32864,7966.7,"void at::native::unrolled_elementwise_kernel<at::native::direct_copy_kernel_cuda(at::TensorIteratorBase &)::[lambda() (instance 3)]::operator ()() const::[lambda() (instance 7)]::operator ()() const::[lambda(float) (instance 1)], std::array<char *, (unsigned long)2>, (int)4, TrivialOffsetCalculator<(int)1, unsigned int>, TrivialOffsetCalculator<(int)1, unsigned int>, at::native::memory::LoadWithCast<(int)1>, at::native::memory::StoreWithCast<(int)1>>(int, T1, T2, T4, T5, T6, T7)"
:model.layers.24,PushPop,4239,4239,1,4,75680,18920.0,14880.0,14336,31584,8447.2,"void at::native::vectorized_elementwise_kernel<(int)4, at::native::bfloat16_copy_kernel_cuda(at::TensorIteratorBase &)::[lambda(float) (instance 1)], std::array<char *, (unsigned long)2>>(int, T2, T3)"
:model.layers.24,PushPop,4239,4239,1,4,62497,15624.3,12576.0,10912,26433,7360.6,"void at::native::reduce_kernel<(int)512, (int)1, at::native::ReduceOp<float, at::native::MeanOps<float, float, float, float>, unsigned int, float, (int)4, (int)4>>(T3)"
:model.layers.24,PushPop,4239,4239,1,2,49696,24848.0,24848.0,17216,32480,10793.3,"void at::native::elementwise_kernel<(int)128, (int)4, void at::native::gpu_kernel_impl_nocast<at::native::CUDAFunctor_add<c10::BFloat16>>(at::TensorIteratorBase &, const T1 &)::[lambda(int) (instance 1)]>(int, T3)"
:model.layers.24,PushPop,4239,4239,1,1,45792,45792.0,45792.0,45792,45792,0.0,"void at::native::vectorized_elementwise_kernel<(int)4, at::native::BinaryFunctor<c10::BFloat16, c10::BFloat16, c10::BFloat16, at::native::binary_internal::MulFunctor<float>>, std::array<char *, (unsigned long)3>>(int, T2, T3)"
:model.layers.24,PushPop,4239,4239,1,1,31264,31264.0,31264.0,31264,31264,0.0,"void at::native::vectorized_elementwise_kernel<(int)4, at::native::<unnamed>::silu_kernel(at::TensorIteratorBase &)::[lambda() (instance 1)]::operator ()() const::[lambda() (instance 6)]::operator ()() const::[lambda(c10::BFloat16) (instance 1)], std::array<char *, (unsigned long)2>>(int, T2, T3)"
:model.layers.24,PushPop,4239,4239,1,2,27617,13808.5,13808.5,13633,13984,248.2,"void at::native::vectorized_elementwise_kernel<(int)4, at::native::CUDAFunctor_add<c10::BFloat16>, std::array<char *, (unsigned long)3>>(int, T2, T3)"
:model.layers.24,PushPop,4239,4239,1,2,20672,10336.0,10336.0,7168,13504,4480.2,"void at::native::elementwise_kernel<(int)128, (int)4, void at::native::gpu_kernel_impl_nocast<at::native::neg_kernel_cuda(at::TensorIteratorBase &)::[lambda() (instance 2)]::operator ()() const::[lambda() (instance 9)]::operator ()() const::[lambda(c10::BFloat16) (instance 1)]>(at::TensorIteratorBase &, const T1 &)::[lambda(int) (instance 1)]>(int, T3)"
:model.layers.24,PushPop,4239,4239,1,4,6560,1640.0,1600.0,1440,1920,201.3,"void at::native::vectorized_elementwise_kernel<(int)4, at::native::CUDAFunctorOnSelf_add<float>, std::array<char *, (unsigned long)2>>(int, T2, T3)"
:model.layers.24,PushPop,4239,4239,1,4,5920,1480.0,1472.0,1472,1504,16.0,"void at::native::vectorized_elementwise_kernel<(int)4, at::native::rsqrt_kernel_cuda(at::TensorIteratorBase &)::[lambda() (instance 2)]::operator ()() const::[lambda() (instance 2)]::operator ()() const::[lambda(float) (instance 1)], std::array<char *, (unsigned long)2>>(int, T2, T3)"
:model.layers.24.input_layernorm,PushPop,4239,4239,1,1,21088,21088.0,21088.0,21088,21088,0.0,"void at::native::vectorized_elementwise_kernel<(int)4, void at::native::<unnamed>::pow_tensor_scalar_kernel_impl<float, float>(at::TensorIteratorBase &, T2)::[lambda(float) (instance 1)], std::array<char *, (unsigned long)2>>(int, T2, T3)"
:model.layers.24.input_layernorm,PushPop,4239,4239,1,1,20321,20321.0,20321.0,20321,20321,0.0,"void at::native::elementwise_kernel<(int)128, (int)2, void at::native::gpu_kernel_impl_nocast<at::native::BinaryFunctor<float, float, float, at::native::binary_internal::MulFunctor<float>>>(at::TensorIteratorBase &, const T1 &)::[lambda(int) (instance 1)]>(int, T3)"
:model.layers.24.input_layernorm,PushPop,4239,4239,1,1,17184,17184.0,17184.0,17184,17184,0.0,"void at::native::unrolled_elementwise_kernel<at::native::direct_copy_kernel_cuda(at::TensorIteratorBase &)::[lambda() (instance 3)]::operator ()() const::[lambda() (instance 7)]::operator ()() const::[lambda(float) (instance 1)], std::array<char *, (unsigned long)2>, (int)4, TrivialOffsetCalculator<(int)1, unsigned int>, TrivialOffsetCalculator<(int)1, unsigned int>, at::native::memory::LoadWithCast<(int)1>, at::native::memory::StoreWithCast<(int)1>>(int, T1, T2, T4, T5, T6, T7)"
:model.layers.24.input_layernorm,PushPop,4239,4239,1,1,14336,14336.0,14336.0,14336,14336,0.0,"void at::native::vectorized_elementwise_kernel<(int)4, at::native::bfloat16_copy_kernel_cuda(at::TensorIteratorBase &)::[lambda(float) (instance 1)], std::array<char *, (unsigned long)2>>(int, T2, T3)"
:model.layers.24.input_layernorm,PushPop,4239,4239,1,1,13600,13600.0,13600.0,13600,13600,0.0,"void at::native::elementwise_kernel<(int)128, (int)4, void at::native::gpu_kernel_impl_nocast<at::native::BinaryFunctor<c10::BFloat16, c10::BFloat16, c10::BFloat16, at::native::binary_internal::MulFunctor<float>>>(at::TensorIteratorBase &, const T1 &)::[lambda(int) (instance 1)]>(int, T3)"
:model.layers.24.input_layernorm,PushPop,4239,4239,1,1,10912,10912.0,10912.0,10912,10912,0.0,"void at::native::reduce_kernel<(int)512, (int)1, at::native::ReduceOp<float, at::native::MeanOps<float, float, float, float>, unsigned int, float, (int)4, (int)4>>(T3)"
:model.layers.24.input_layernorm,PushPop,4239,4239,1,1,1600,1600.0,1600.0,1600,1600,0.0,"void at::native::vectorized_elementwise_kernel<(int)4, at::native::CUDAFunctorOnSelf_add<float>, std::array<char *, (unsigned long)2>>(int, T2, T3)"
:model.layers.24.input_layernorm,PushPop,4239,4239,1,1,1472,1472.0,1472.0,1472,1472,0.0,"void at::native::vectorized_elementwise_kernel<(int)4, at::native::rsqrt_kernel_cuda(at::TensorIteratorBase &)::[lambda() (instance 2)]::operator ()() const::[lambda() (instance 2)]::operator ()() const::[lambda(float) (instance 1)], std::array<char *, (unsigned long)2>>(int, T2, T3)"
:model.layers.24.mlp.act_fn,PushPop,4239,4239,1,1,31264,31264.0,31264.0,31264,31264,0.0,"void at::native::vectorized_elementwise_kernel<(int)4, at::native::<unnamed>::silu_kernel(at::TensorIteratorBase &)::[lambda() (instance 1)]::operator ()() const::[lambda() (instance 6)]::operator ()() const::[lambda(c10::BFloat16) (instance 1)], std::array<char *, (unsigned long)2>>(int, T2, T3)"
:model.layers.24.mlp.down_proj,PushPop,4239,4239,1,1,180161,180161.0,180161.0,180161,180161,0.0,ampere_bf16_s1688gemm_bf16_128x128_ldg8_f2f_stages_32x1_tn
:model.layers.24.mlp.gate_proj,PushPop,4239,4239,1,1,224257,224257.0,224257.0,224257,224257,0.0,void cutlass::Kernel2<cutlass_80_tensorop_bf16_s16816gemm_relu_bf16_256x128_32x3_tn_align8>(T1::Params)
:model.layers.24.mlp.up_proj,PushPop,4239,4239,1,1,221345,221345.0,221345.0,221345,221345,0.0,void cutlass::Kernel2<cutlass_80_tensorop_bf16_s16816gemm_relu_bf16_256x128_32x3_tn_align8>(T1::Params)
:model.layers.24.post_attention_layernorm,PushPop,4239,4239,1,1,20576,20576.0,20576.0,20576,20576,0.0,"void at::native::vectorized_elementwise_kernel<(int)4, void at::native::<unnamed>::pow_tensor_scalar_kernel_impl<float, float>(at::TensorIteratorBase &, T2)::[lambda(float) (instance 1)], std::array<char *, (unsigned long)2>>(int, T2, T3)"
:model.layers.24.post_attention_layernorm,PushPop,4239,4239,1,1,20512,20512.0,20512.0,20512,20512,0.0,"void at::native::elementwise_kernel<(int)128, (int)2, void at::native::gpu_kernel_impl_nocast<at::native::BinaryFunctor<float, float, float, at::native::binary_internal::MulFunctor<float>>>(at::TensorIteratorBase &, const T1 &)::[lambda(int) (instance 1)]>(int, T3)"
:model.layers.24.post_attention_layernorm,PushPop,4239,4239,1,1,17408,17408.0,17408.0,17408,17408,0.0,"void at::native::unrolled_elementwise_kernel<at::native::direct_copy_kernel_cuda(at::TensorIteratorBase &)::[lambda() (instance 3)]::operator ()() const::[lambda() (instance 7)]::operator ()() const::[lambda(float) (instance 1)], std::array<char *, (unsigned long)2>, (int)4, TrivialOffsetCalculator<(int)1, unsigned int>, TrivialOffsetCalculator<(int)1, unsigned int>, at::native::memory::LoadWithCast<(int)1>, at::native::memory::StoreWithCast<(int)1>>(int, T1, T2, T4, T5, T6, T7)"
:model.layers.24.post_attention_layernorm,PushPop,4239,4239,1,1,15008,15008.0,15008.0,15008,15008,0.0,"void at::native::vectorized_elementwise_kernel<(int)4, at::native::bfloat16_copy_kernel_cuda(at::TensorIteratorBase &)::[lambda(float) (instance 1)], std::array<char *, (unsigned long)2>>(int, T2, T3)"
:model.layers.24.post_attention_layernorm,PushPop,4239,4239,1,1,12896,12896.0,12896.0,12896,12896,0.0,"void at::native::elementwise_kernel<(int)128, (int)4, void at::native::gpu_kernel_impl_nocast<at::native::BinaryFunctor<c10::BFloat16, c10::BFloat16, c10::BFloat16, at::native::binary_internal::MulFunctor<float>>>(at::TensorIteratorBase &, const T1 &)::[lambda(int) (instance 1)]>(int, T3)"
:model.layers.24.post_attention_layernorm,PushPop,4239,4239,1,1,11008,11008.0,11008.0,11008,11008,0.0,"void at::native::reduce_kernel<(int)512, (int)1, at::native::ReduceOp<float, at::native::MeanOps<float, float, float, float>, unsigned int, float, (int)4, (int)4>>(T3)"
:model.layers.24.post_attention_layernorm,PushPop,4239,4239,1,1,1600,1600.0,1600.0,1600,1600,0.0,"void at::native::vectorized_elementwise_kernel<(int)4, at::native::CUDAFunctorOnSelf_add<float>, std::array<char *, (unsigned long)2>>(int, T2, T3)"
:model.layers.24.post_attention_layernorm,PushPop,4239,4239,1,1,1472,1472.0,1472.0,1472,1472,0.0,"void at::native::vectorized_elementwise_kernel<(int)4, at::native::rsqrt_kernel_cuda(at::TensorIteratorBase &)::[lambda() (instance 2)]::operator ()() const::[lambda() (instance 2)]::operator ()() const::[lambda(float) (instance 1)], std::array<char *, (unsigned long)2>>(int, T2, T3)"
:model.layers.24.self_attn.k_norm,PushPop,4239,4239,1,1,20800,20800.0,20800.0,20800,20800,0.0,"void at::native::vectorized_elementwise_kernel<(int)4, void at::native::<unnamed>::pow_tensor_scalar_kernel_impl<float, float>(at::TensorIteratorBase &, T2)::[lambda(float) (instance 1)], std::array<char *, (unsigned long)2>>(int, T2, T3)"
:model.layers.24.self_attn.k_norm,PushPop,4239,4239,1,1,19713,19713.0,19713.0,19713,19713,0.0,"void at::native::elementwise_kernel<(int)128, (int)2, void at::native::gpu_kernel_impl_nocast<at::native::BinaryFunctor<float, float, float, at::native::binary_internal::MulFunctor<float>>>(at::TensorIteratorBase &, const T1 &)::[lambda(int) (instance 1)]>(int, T3)"
:model.layers.24.self_attn.k_norm,PushPop,4239,4239,1,1,16288,16288.0,16288.0,16288,16288,0.0,"void at::native::unrolled_elementwise_kernel<at::native::direct_copy_kernel_cuda(at::TensorIteratorBase &)::[lambda() (instance 3)]::operator ()() const::[lambda() (instance 7)]::operator ()() const::[lambda(float) (instance 1)], std::array<char *, (unsigned long)2>, (int)4, TrivialOffsetCalculator<(int)1, unsigned int>, TrivialOffsetCalculator<(int)1, unsigned int>, at::native::memory::LoadWithCast<(int)1>, at::native::memory::StoreWithCast<(int)1>>(int, T1, T2, T4, T5, T6, T7)"
:model.layers.24.self_attn.k_norm,PushPop,4239,4239,1,1,14752,14752.0,14752.0,14752,14752,0.0,"void at::native::vectorized_elementwise_kernel<(int)4, at::native::bfloat16_copy_kernel_cuda(at::TensorIteratorBase &)::[lambda(float) (instance 1)], std::array<char *, (unsigned long)2>>(int, T2, T3)"
:model.layers.24.self_attn.k_norm,PushPop,4239,4239,1,1,14144,14144.0,14144.0,14144,14144,0.0,"void at::native::reduce_kernel<(int)512, (int)1, at::native::ReduceOp<float, at::native::MeanOps<float, float, float, float>, unsigned int, float, (int)4, (int)4>>(T3)"
:model.layers.24.self_attn.k_norm,PushPop,4239,4239,1,1,12640,12640.0,12640.0,12640,12640,0.0,"void at::native::elementwise_kernel<(int)128, (int)4, void at::native::gpu_kernel_impl_nocast<at::native::BinaryFunctor<c10::BFloat16, c10::BFloat16, c10::BFloat16, at::native::binary_internal::MulFunctor<float>>>(at::TensorIteratorBase &, const T1 &)::[lambda(int) (instance 1)]>(int, T3)"
:model.layers.24.self_attn.k_norm,PushPop,4239,4239,1,1,1472,1472.0,1472.0,1472,1472,0.0,"void at::native::vectorized_elementwise_kernel<(int)4, at::native::rsqrt_kernel_cuda(at::TensorIteratorBase &)::[lambda() (instance 2)]::operator ()() const::[lambda() (instance 2)]::operator ()() const::[lambda(float) (instance 1)], std::array<char *, (unsigned long)2>>(int, T2, T3)"
:model.layers.24.self_attn.k_norm,PushPop,4239,4239,1,1,1440,1440.0,1440.0,1440,1440,0.0,"void at::native::vectorized_elementwise_kernel<(int)4, at::native::CUDAFunctorOnSelf_add<float>, std::array<char *, (unsigned long)2>>(int, T2, T3)"
:model.layers.24.self_attn.k_proj,PushPop,4239,4239,1,1,73984,73984.0,73984.0,73984,73984,0.0,ampere_bf16_s16816gemm_bf16_256x128_ldg8_f2f_stages_32x3_tn
:model.layers.24.self_attn.o_proj,PushPop,4239,4239,1,1,122784,122784.0,122784.0,122784,122784,0.0,ampere_bf16_s1688gemm_bf16_128x128_ldg8_f2f_stages_32x1_tn
:model.layers.24.self_attn.q_norm,PushPop,4239,4239,1,1,41632,41632.0,41632.0,41632,41632,0.0,"void at::native::vectorized_elementwise_kernel<(int)4, void at::native::<unnamed>::pow_tensor_scalar_kernel_impl<float, float>(at::TensorIteratorBase &, T2)::[lambda(float) (instance 1)], std::array<char *, (unsigned long)2>>(int, T2, T3)"
:model.layers.24.self_attn.q_norm,PushPop,4239,4239,1,1,39040,39040.0,39040.0,39040,39040,0.0,"void at::native::elementwise_kernel<(int)128, (int)2, void at::native::gpu_kernel_impl_nocast<at::native::BinaryFunctor<float, float, float, at::native::binary_internal::MulFunctor<float>>>(at::TensorIteratorBase &, const T1 &)::[lambda(int) (instance 1)]>(int, T3)"
:model.layers.24.self_attn.q_norm,PushPop,4239,4239,1,1,32864,32864.0,32864.0,32864,32864,0.0,"void at::native::unrolled_elementwise_kernel<at::native::direct_copy_kernel_cuda(at::TensorIteratorBase &)::[lambda() (instance 3)]::operator ()() const::[lambda() (instance 7)]::operator ()() const::[lambda(float) (instance 1)], std::array<char *, (unsigned long)2>, (int)4, TrivialOffsetCalculator<(int)1, unsigned int>, TrivialOffsetCalculator<(int)1, unsigned int>, at::native::memory::LoadWithCast<(int)1>, at::native::memory::StoreWithCast<(int)1>>(int, T1, T2, T4, T5, T6, T7)"
:model.layers.24.self_attn.q_norm,PushPop,4239,4239,1,1,31584,31584.0,31584.0,31584,31584,0.0,"void at::native::vectorized_elementwise_kernel<(int)4, at::native::bfloat16_copy_kernel_cuda(at::TensorIteratorBase &)::[lambda(float) (instance 1)], std::array<char *, (unsigned long)2>>(int, T2, T3)"
:model.layers.24.self_attn.q_norm,PushPop,4239,4239,1,1,26433,26433.0,26433.0,26433,26433,0.0,"void at::native::reduce_kernel<(int)512, (int)1, at::native::ReduceOp<float, at::native::MeanOps<float, float, float, float>, unsigned int, float, (int)4, (int)4>>(T3)"
:model.layers.24.self_attn.q_norm,PushPop,4239,4239,1,1,24000,24000.0,24000.0,24000,24000,0.0,"void at::native::elementwise_kernel<(int)128, (int)4, void at::native::gpu_kernel_impl_nocast<at::native::BinaryFunctor<c10::BFloat16, c10::BFloat16, c10::BFloat16, at::native::binary_internal::MulFunctor<float>>>(at::TensorIteratorBase &, const T1 &)::[lambda(int) (instance 1)]>(int, T3)"
:model.layers.24.self_attn.q_norm,PushPop,4239,4239,1,1,1920,1920.0,1920.0,1920,1920,0.0,"void at::native::vectorized_elementwise_kernel<(int)4, at::native::CUDAFunctorOnSelf_add<float>, std::array<char *, (unsigned long)2>>(int, T2, T3)"
:model.layers.24.self_attn.q_norm,PushPop,4239,4239,1,1,1504,1504.0,1504.0,1504,1504,0.0,"void at::native::vectorized_elementwise_kernel<(int)4, at::native::rsqrt_kernel_cuda(at::TensorIteratorBase &)::[lambda() (instance 2)]::operator ()() const::[lambda() (instance 2)]::operator ()() const::[lambda(float) (instance 1)], std::array<char *, (unsigned long)2>>(int, T2, T3)"
:model.layers.24.self_attn.q_proj,PushPop,4239,4239,1,1,150560,150560.0,150560.0,150560,150560,0.0,void cutlass::Kernel2<cutlass_80_tensorop_bf16_s16816gemm_relu_bf16_256x128_32x3_tn_align8>(T1::Params)
:model.layers.24.self_attn.v_proj,PushPop,4239,4239,1,1,74016,74016.0,74016.0,74016,74016,0.0,ampere_bf16_s16816gemm_bf16_256x128_ldg8_f2f_stages_32x3_tn
:model.layers.25,PushPop,4239,4239,1,3,596451,198817.0,221377.0,150785,224289,41622.4,void cutlass::Kernel2<cutlass_80_tensorop_bf16_s16816gemm_relu_bf16_256x128_32x3_tn_align8>(T1::Params)
:model.layers.25,PushPop,4239,4239,1,1,320353,320353.0,320353.0,320353,320353,0.0,"void pytorch_flash::flash_fwd_kernel<Flash_fwd_kernel_traits<(int)128, (int)64, (int)64, (int)4, (bool)0, (bool)0, cutlass::bfloat16_t, Flash_kernel_traits<(int)128, (int)64, (int)64, (int)4, cutlass::bfloat16_t>>, (bool)0, (bool)1, (bool)0, (bool)0, (bool)1, (bool)1, (bool)0, (bool)0>(pytorch_flash::Flash_fwd_params)"
:model.layers.25,PushPop,4239,4239,1,2,303170,151585.0,151585.0,123137,180033,40231.5,ampere_bf16_s1688gemm_bf16_128x128_ldg8_f2f_stages_32x1_tn
:model.layers.25,PushPop,4239,4239,1,2,148321,74160.5,74160.5,74145,74176,21.9,ampere_bf16_s16816gemm_bf16_256x128_ldg8_f2f_stages_32x3_tn
:model.layers.25,PushPop,4239,4239,1,8,139649,17456.1,13680.0,12832,25376,5861.3,"void at::native::elementwise_kernel<(int)128, (int)4, void at::native::gpu_kernel_impl_nocast<at::native::BinaryFunctor<c10::BFloat16, c10::BFloat16, c10::BFloat16, at::native::binary_internal::MulFunctor<float>>>(at::TensorIteratorBase &, const T1 &)::[lambda(int) (instance 1)]>(int, T3)"
:model.layers.25,PushPop,4239,4239,1,4,104512,26128.0,25152.0,18272,35936,7299.0,"void at::native::<unnamed>::CatArrayBatchedCopy<at::native::<unnamed>::OpaqueType<(unsigned int)2>, unsigned int, (int)4, (int)64, (int)64>(T1 *, at::native::<unnamed>::CatArrInputTensorMetadata<T1, T2, T4, T5>, at::native::<unnamed>::TensorSizeStride<T2, (unsigned int)4>, int, T2)"
:model.layers.25,PushPop,4239,4239,1,4,103424,25856.0,20784.0,20672,41184,10218.8,"void at::native::vectorized_elementwise_kernel<(int)4, void at::native::<unnamed>::pow_tensor_scalar_kernel_impl<float, float>(at::TensorIteratorBase &, T2)::[lambda(float) (instance 1)], std::array<char *, (unsigned long)2>>(int, T2, T3)"
:model.layers.25,PushPop,4239,4239,1,4,99296,24824.0,20416.0,19616,38848,9357.1,"void at::native::elementwise_kernel<(int)128, (int)2, void at::native::gpu_kernel_impl_nocast<at::native::BinaryFunctor<float, float, float, at::native::binary_internal::MulFunctor<float>>>(at::TensorIteratorBase &, const T1 &)::[lambda(int) (instance 1)]>(int, T3)"
:model.layers.25,PushPop,4239,4239,1,4,83968,20992.0,17184.0,16448,33152,8116.1,"void at::native::unrolled_elementwise_kernel<at::native::direct_copy_kernel_cuda(at::TensorIteratorBase &)::[lambda() (instance 3)]::operator ()() const::[lambda() (instance 7)]::operator ()() const::[lambda(float) (instance 1)], std::array<char *, (unsigned long)2>, (int)4, TrivialOffsetCalculator<(int)1, unsigned int>, TrivialOffsetCalculator<(int)1, unsigned int>, at::native::memory::LoadWithCast<(int)1>, at::native::memory::StoreWithCast<(int)1>>(int, T1, T2, T4, T5, T6, T7)"
:model.layers.25,PushPop,4239,4239,1,4,75712,18928.0,14784.0,14624,31520,8395.2,"void at::native::vectorized_elementwise_kernel<(int)4, at::native::bfloat16_copy_kernel_cuda(at::TensorIteratorBase &)::[lambda(float) (instance 1)], std::array<char *, (unsigned long)2>>(int, T2, T3)"
:model.layers.25,PushPop,4239,4239,1,4,61920,15480.0,12464.0,10528,26464,7474.5,"void at::native::reduce_kernel<(int)512, (int)1, at::native::ReduceOp<float, at::native::MeanOps<float, float, float, float>, unsigned int, float, (int)4, (int)4>>(T3)"
:model.layers.25,PushPop,4239,4239,1,2,49824,24912.0,24912.0,17312,32512,10748.0,"void at::native::elementwise_kernel<(int)128, (int)4, void at::native::gpu_kernel_impl_nocast<at::native::CUDAFunctor_add<c10::BFloat16>>(at::TensorIteratorBase &, const T1 &)::[lambda(int) (instance 1)]>(int, T3)"
:model.layers.25,PushPop,4239,4239,1,1,45536,45536.0,45536.0,45536,45536,0.0,"void at::native::vectorized_elementwise_kernel<(int)4, at::native::BinaryFunctor<c10::BFloat16, c10::BFloat16, c10::BFloat16, at::native::binary_internal::MulFunctor<float>>, std::array<char *, (unsigned long)3>>(int, T2, T3)"
:model.layers.25,PushPop,4239,4239,1,1,31776,31776.0,31776.0,31776,31776,0.0,"void at::native::vectorized_elementwise_kernel<(int)4, at::native::<unnamed>::silu_kernel(at::TensorIteratorBase &)::[lambda() (instance 1)]::operator ()() const::[lambda() (instance 6)]::operator ()() const::[lambda(c10::BFloat16) (instance 1)], std::array<char *, (unsigned long)2>>(int, T2, T3)"
:model.layers.25,PushPop,4239,4239,1,2,28160,14080.0,14080.0,13856,14304,316.8,"void at::native::vectorized_elementwise_kernel<(int)4, at::native::CUDAFunctor_add<c10::BFloat16>, std::array<char *, (unsigned long)3>>(int, T2, T3)"
:model.layers.25,PushPop,4239,4239,1,2,20704,10352.0,10352.0,7104,13600,4593.4,"void at::native::elementwise_kernel<(int)128, (int)4, void at::native::gpu_kernel_impl_nocast<at::native::neg_kernel_cuda(at::TensorIteratorBase &)::[lambda() (instance 2)]::operator ()() const::[lambda() (instance 9)]::operator ()() const::[lambda(c10::BFloat16) (instance 1)]>(at::TensorIteratorBase &, const T1 &)::[lambda(int) (instance 1)]>(int, T3)"
:model.layers.25,PushPop,4239,4239,1,4,6336,1584.0,1568.0,1440,1760,131.9,"void at::native::vectorized_elementwise_kernel<(int)4, at::native::CUDAFunctorOnSelf_add<float>, std::array<char *, (unsigned long)2>>(int, T2, T3)"
:model.layers.25,PushPop,4239,4239,1,4,5920,1480.0,1472.0,1472,1504,16.0,"void at::native::vectorized_elementwise_kernel<(int)4, at::native::rsqrt_kernel_cuda(at::TensorIteratorBase &)::[lambda() (instance 2)]::operator ()() const::[lambda() (instance 2)]::operator ()() const::[lambda(float) (instance 1)], std::array<char *, (unsigned long)2>>(int, T2, T3)"
:model.layers.25.input_layernorm,PushPop,4239,4239,1,1,20800,20800.0,20800.0,20800,20800,0.0,"void at::native::vectorized_elementwise_kernel<(int)4, void at::native::<unnamed>::pow_tensor_scalar_kernel_impl<float, float>(at::TensorIteratorBase &, T2)::[lambda(float) (instance 1)], std::array<char *, (unsigned long)2>>(int, T2, T3)"
:model.layers.25.input_layernorm,PushPop,4239,4239,1,1,20352,20352.0,20352.0,20352,20352,0.0,"void at::native::elementwise_kernel<(int)128, (int)2, void at::native::gpu_kernel_impl_nocast<at::native::BinaryFunctor<float, float, float, at::native::binary_internal::MulFunctor<float>>>(at::TensorIteratorBase &, const T1 &)::[lambda(int) (instance 1)]>(int, T3)"
:model.layers.25.input_layernorm,PushPop,4239,4239,1,1,16960,16960.0,16960.0,16960,16960,0.0,"void at::native::unrolled_elementwise_kernel<at::native::direct_copy_kernel_cuda(at::TensorIteratorBase &)::[lambda() (instance 3)]::operator ()() const::[lambda() (instance 7)]::operator ()() const::[lambda(float) (instance 1)], std::array<char *, (unsigned long)2>, (int)4, TrivialOffsetCalculator<(int)1, unsigned int>, TrivialOffsetCalculator<(int)1, unsigned int>, at::native::memory::LoadWithCast<(int)1>, at::native::memory::StoreWithCast<(int)1>>(int, T1, T2, T4, T5, T6, T7)"
:model.layers.25.input_layernorm,PushPop,4239,4239,1,1,14720,14720.0,14720.0,14720,14720,0.0,"void at::native::vectorized_elementwise_kernel<(int)4, at::native::bfloat16_copy_kernel_cuda(at::TensorIteratorBase &)::[lambda(float) (instance 1)], std::array<char *, (unsigned long)2>>(int, T2, T3)"
:model.layers.25.input_layernorm,PushPop,4239,4239,1,1,13088,13088.0,13088.0,13088,13088,0.0,"void at::native::elementwise_kernel<(int)128, (int)4, void at::native::gpu_kernel_impl_nocast<at::native::BinaryFunctor<c10::BFloat16, c10::BFloat16, c10::BFloat16, at::native::binary_internal::MulFunctor<float>>>(at::TensorIteratorBase &, const T1 &)::[lambda(int) (instance 1)]>(int, T3)"
:model.layers.25.input_layernorm,PushPop,4239,4239,1,1,11008,11008.0,11008.0,11008,11008,0.0,"void at::native::reduce_kernel<(int)512, (int)1, at::native::ReduceOp<float, at::native::MeanOps<float, float, float, float>, unsigned int, float, (int)4, (int)4>>(T3)"
:model.layers.25.input_layernorm,PushPop,4239,4239,1,1,1568,1568.0,1568.0,1568,1568,0.0,"void at::native::vectorized_elementwise_kernel<(int)4, at::native::CUDAFunctorOnSelf_add<float>, std::array<char *, (unsigned long)2>>(int, T2, T3)"
:model.layers.25.input_layernorm,PushPop,4239,4239,1,1,1472,1472.0,1472.0,1472,1472,0.0,"void at::native::vectorized_elementwise_kernel<(int)4, at::native::rsqrt_kernel_cuda(at::TensorIteratorBase &)::[lambda() (instance 2)]::operator ()() const::[lambda() (instance 2)]::operator ()() const::[lambda(float) (instance 1)], std::array<char *, (unsigned long)2>>(int, T2, T3)"
:model.layers.25.mlp.act_fn,PushPop,4239,4239,1,1,31776,31776.0,31776.0,31776,31776,0.0,"void at::native::vectorized_elementwise_kernel<(int)4, at::native::<unnamed>::silu_kernel(at::TensorIteratorBase &)::[lambda() (instance 1)]::operator ()() const::[lambda() (instance 6)]::operator ()() const::[lambda(c10::BFloat16) (instance 1)], std::array<char *, (unsigned long)2>>(int, T2, T3)"
:model.layers.25.mlp.down_proj,PushPop,4239,4239,1,1,180033,180033.0,180033.0,180033,180033,0.0,ampere_bf16_s1688gemm_bf16_128x128_ldg8_f2f_stages_32x1_tn
:model.layers.25.mlp.gate_proj,PushPop,4239,4239,1,1,224289,224289.0,224289.0,224289,224289,0.0,void cutlass::Kernel2<cutlass_80_tensorop_bf16_s16816gemm_relu_bf16_256x128_32x3_tn_align8>(T1::Params)
:model.layers.25.mlp.up_proj,PushPop,4239,4239,1,1,221377,221377.0,221377.0,221377,221377,0.0,void cutlass::Kernel2<cutlass_80_tensorop_bf16_s16816gemm_relu_bf16_256x128_32x3_tn_align8>(T1::Params)
:model.layers.25.post_attention_layernorm,PushPop,4239,4239,1,1,20768,20768.0,20768.0,20768,20768,0.0,"void at::native::vectorized_elementwise_kernel<(int)4, void at::native::<unnamed>::pow_tensor_scalar_kernel_impl<float, float>(at::TensorIteratorBase &, T2)::[lambda(float) (instance 1)], std::array<char *, (unsigned long)2>>(int, T2, T3)"
:model.layers.25.post_attention_layernorm,PushPop,4239,4239,1,1,20480,20480.0,20480.0,20480,20480,0.0,"void at::native::elementwise_kernel<(int)128, (int)2, void at::native::gpu_kernel_impl_nocast<at::native::BinaryFunctor<float, float, float, at::native::binary_internal::MulFunctor<float>>>(at::TensorIteratorBase &, const T1 &)::[lambda(int) (instance 1)]>(int, T3)"
:model.layers.25.post_attention_layernorm,PushPop,4239,4239,1,1,17408,17408.0,17408.0,17408,17408,0.0,"void at::native::unrolled_elementwise_kernel<at::native::direct_copy_kernel_cuda(at::TensorIteratorBase &)::[lambda() (instance 3)]::operator ()() const::[lambda() (instance 7)]::operator ()() const::[lambda(float) (instance 1)], std::array<char *, (unsigned long)2>, (int)4, TrivialOffsetCalculator<(int)1, unsigned int>, TrivialOffsetCalculator<(int)1, unsigned int>, at::native::memory::LoadWithCast<(int)1>, at::native::memory::StoreWithCast<(int)1>>(int, T1, T2, T4, T5, T6, T7)"
:model.layers.25.post_attention_layernorm,PushPop,4239,4239,1,1,14848,14848.0,14848.0,14848,14848,0.0,"void at::native::vectorized_elementwise_kernel<(int)4, at::native::bfloat16_copy_kernel_cuda(at::TensorIteratorBase &)::[lambda(float) (instance 1)], std::array<char *, (unsigned long)2>>(int, T2, T3)"
:model.layers.25.post_attention_layernorm,PushPop,4239,4239,1,1,12832,12832.0,12832.0,12832,12832,0.0,"void at::native::elementwise_kernel<(int)128, (int)4, void at::native::gpu_kernel_impl_nocast<at::native::BinaryFunctor<c10::BFloat16, c10::BFloat16, c10::BFloat16, at::native::binary_internal::MulFunctor<float>>>(at::TensorIteratorBase &, const T1 &)::[lambda(int) (instance 1)]>(int, T3)"
:model.layers.25.post_attention_layernorm,PushPop,4239,4239,1,1,10528,10528.0,10528.0,10528,10528,0.0,"void at::native::reduce_kernel<(int)512, (int)1, at::native::ReduceOp<float, at::native::MeanOps<float, float, float, float>, unsigned int, float, (int)4, (int)4>>(T3)"
:model.layers.25.post_attention_layernorm,PushPop,4239,4239,1,1,1568,1568.0,1568.0,1568,1568,0.0,"void at::native::vectorized_elementwise_kernel<(int)4, at::native::CUDAFunctorOnSelf_add<float>, std::array<char *, (unsigned long)2>>(int, T2, T3)"
:model.layers.25.post_attention_layernorm,PushPop,4239,4239,1,1,1472,1472.0,1472.0,1472,1472,0.0,"void at::native::vectorized_elementwise_kernel<(int)4, at::native::rsqrt_kernel_cuda(at::TensorIteratorBase &)::[lambda() (instance 2)]::operator ()() const::[lambda() (instance 2)]::operator ()() const::[lambda(float) (instance 1)], std::array<char *, (unsigned long)2>>(int, T2, T3)"
:model.layers.25.self_attn.k_norm,PushPop,4239,4239,1,1,20672,20672.0,20672.0,20672,20672,0.0,"void at::native::vectorized_elementwise_kernel<(int)4, void at::native::<unnamed>::pow_tensor_scalar_kernel_impl<float, float>(at::TensorIteratorBase &, T2)::[lambda(float) (instance 1)], std::array<char *, (unsigned long)2>>(int, T2, T3)"
:model.layers.25.self_attn.k_norm,PushPop,4239,4239,1,1,19616,19616.0,19616.0,19616,19616,0.0,"void at::native::elementwise_kernel<(int)128, (int)2, void at::native::gpu_kernel_impl_nocast<at::native::BinaryFunctor<float, float, float, at::native::binary_internal::MulFunctor<float>>>(at::TensorIteratorBase &, const T1 &)::[lambda(int) (instance 1)]>(int, T3)"
:model.layers.25.self_attn.k_norm,PushPop,4239,4239,1,1,16448,16448.0,16448.0,16448,16448,0.0,"void at::native::unrolled_elementwise_kernel<at::native::direct_copy_kernel_cuda(at::TensorIteratorBase &)::[lambda() (instance 3)]::operator ()() const::[lambda() (instance 7)]::operator ()() const::[lambda(float) (instance 1)], std::array<char *, (unsigned long)2>, (int)4, TrivialOffsetCalculator<(int)1, unsigned int>, TrivialOffsetCalculator<(int)1, unsigned int>, at::native::memory::LoadWithCast<(int)1>, at::native::memory::StoreWithCast<(int)1>>(int, T1, T2, T4, T5, T6, T7)"
:model.layers.25.self_attn.k_norm,PushPop,4239,4239,1,1,14624,14624.0,14624.0,14624,14624,0.0,"void at::native::vectorized_elementwise_kernel<(int)4, at::native::bfloat16_copy_kernel_cuda(at::TensorIteratorBase &)::[lambda(float) (instance 1)], std::array<char *, (unsigned long)2>>(int, T2, T3)"
:model.layers.25.self_attn.k_norm,PushPop,4239,4239,1,1,13920,13920.0,13920.0,13920,13920,0.0,"void at::native::reduce_kernel<(int)512, (int)1, at::native::ReduceOp<float, at::native::MeanOps<float, float, float, float>, unsigned int, float, (int)4, (int)4>>(T3)"
:model.layers.25.self_attn.k_norm,PushPop,4239,4239,1,1,12864,12864.0,12864.0,12864,12864,0.0,"void at::native::elementwise_kernel<(int)128, (int)4, void at::native::gpu_kernel_impl_nocast<at::native::BinaryFunctor<c10::BFloat16, c10::BFloat16, c10::BFloat16, at::native::binary_internal::MulFunctor<float>>>(at::TensorIteratorBase &, const T1 &)::[lambda(int) (instance 1)]>(int, T3)"
:model.layers.25.self_attn.k_norm,PushPop,4239,4239,1,1,1472,1472.0,1472.0,1472,1472,0.0,"void at::native::vectorized_elementwise_kernel<(int)4, at::native::rsqrt_kernel_cuda(at::TensorIteratorBase &)::[lambda() (instance 2)]::operator ()() const::[lambda() (instance 2)]::operator ()() const::[lambda(float) (instance 1)], std::array<char *, (unsigned long)2>>(int, T2, T3)"
:model.layers.25.self_attn.k_norm,PushPop,4239,4239,1,1,1440,1440.0,1440.0,1440,1440,0.0,"void at::native::vectorized_elementwise_kernel<(int)4, at::native::CUDAFunctorOnSelf_add<float>, std::array<char *, (unsigned long)2>>(int, T2, T3)"
:model.layers.25.self_attn.k_proj,PushPop,4239,4239,1,1,74145,74145.0,74145.0,74145,74145,0.0,ampere_bf16_s16816gemm_bf16_256x128_ldg8_f2f_stages_32x3_tn
:model.layers.25.self_attn.o_proj,PushPop,4239,4239,1,1,123137,123137.0,123137.0,123137,123137,0.0,ampere_bf16_s1688gemm_bf16_128x128_ldg8_f2f_stages_32x1_tn
:model.layers.25.self_attn.q_norm,PushPop,4239,4239,1,1,41184,41184.0,41184.0,41184,41184,0.0,"void at::native::vectorized_elementwise_kernel<(int)4, void at::native::<unnamed>::pow_tensor_scalar_kernel_impl<float, float>(at::TensorIteratorBase &, T2)::[lambda(float) (instance 1)], std::array<char *, (unsigned long)2>>(int, T2, T3)"
:model.layers.25.self_attn.q_norm,PushPop,4239,4239,1,1,38848,38848.0,38848.0,38848,38848,0.0,"void at::native::elementwise_kernel<(int)128, (int)2, void at::native::gpu_kernel_impl_nocast<at::native::BinaryFunctor<float, float, float, at::native::binary_internal::MulFunctor<float>>>(at::TensorIteratorBase &, const T1 &)::[lambda(int) (instance 1)]>(int, T3)"
:model.layers.25.self_attn.q_norm,PushPop,4239,4239,1,1,33152,33152.0,33152.0,33152,33152,0.0,"void at::native::unrolled_elementwise_kernel<at::native::direct_copy_kernel_cuda(at::TensorIteratorBase &)::[lambda() (instance 3)]::operator ()() const::[lambda() (instance 7)]::operator ()() const::[lambda(float) (instance 1)], std::array<char *, (unsigned long)2>, (int)4, TrivialOffsetCalculator<(int)1, unsigned int>, TrivialOffsetCalculator<(int)1, unsigned int>, at::native::memory::LoadWithCast<(int)1>, at::native::memory::StoreWithCast<(int)1>>(int, T1, T2, T4, T5, T6, T7)"
:model.layers.25.self_attn.q_norm,PushPop,4239,4239,1,1,31520,31520.0,31520.0,31520,31520,0.0,"void at::native::vectorized_elementwise_kernel<(int)4, at::native::bfloat16_copy_kernel_cuda(at::TensorIteratorBase &)::[lambda(float) (instance 1)], std::array<char *, (unsigned long)2>>(int, T2, T3)"
:model.layers.25.self_attn.q_norm,PushPop,4239,4239,1,1,26464,26464.0,26464.0,26464,26464,0.0,"void at::native::reduce_kernel<(int)512, (int)1, at::native::ReduceOp<float, at::native::MeanOps<float, float, float, float>, unsigned int, float, (int)4, (int)4>>(T3)"
:model.layers.25.self_attn.q_norm,PushPop,4239,4239,1,1,23936,23936.0,23936.0,23936,23936,0.0,"void at::native::elementwise_kernel<(int)128, (int)4, void at::native::gpu_kernel_impl_nocast<at::native::BinaryFunctor<c10::BFloat16, c10::BFloat16, c10::BFloat16, at::native::binary_internal::MulFunctor<float>>>(at::TensorIteratorBase &, const T1 &)::[lambda(int) (instance 1)]>(int, T3)"
:model.layers.25.self_attn.q_norm,PushPop,4239,4239,1,1,1760,1760.0,1760.0,1760,1760,0.0,"void at::native::vectorized_elementwise_kernel<(int)4, at::native::CUDAFunctorOnSelf_add<float>, std::array<char *, (unsigned long)2>>(int, T2, T3)"
:model.layers.25.self_attn.q_norm,PushPop,4239,4239,1,1,1504,1504.0,1504.0,1504,1504,0.0,"void at::native::vectorized_elementwise_kernel<(int)4, at::native::rsqrt_kernel_cuda(at::TensorIteratorBase &)::[lambda() (instance 2)]::operator ()() const::[lambda() (instance 2)]::operator ()() const::[lambda(float) (instance 1)], std::array<char *, (unsigned long)2>>(int, T2, T3)"
:model.layers.25.self_attn.q_proj,PushPop,4239,4239,1,1,150785,150785.0,150785.0,150785,150785,0.0,void cutlass::Kernel2<cutlass_80_tensorop_bf16_s16816gemm_relu_bf16_256x128_32x3_tn_align8>(T1::Params)
:model.layers.25.self_attn.v_proj,PushPop,4239,4239,1,1,74176,74176.0,74176.0,74176,74176,0.0,ampere_bf16_s16816gemm_bf16_256x128_ldg8_f2f_stages_32x3_tn
:model.layers.26,PushPop,4239,4239,1,3,596163,198721.0,221537.0,150433,224193,41839.7,void cutlass::Kernel2<cutlass_80_tensorop_bf16_s16816gemm_relu_bf16_256x128_32x3_tn_align8>(T1::Params)
:model.layers.26,PushPop,4239,4239,1,2,302753,151376.5,151376.5,123040,179713,40073.9,ampere_bf16_s1688gemm_bf16_128x128_ldg8_f2f_stages_32x1_tn
:model.layers.26,PushPop,4239,4239,1,1,299490,299490.0,299490.0,299490,299490,0.0,"void pytorch_flash::flash_fwd_kernel<Flash_fwd_kernel_traits<(int)128, (int)64, (int)64, (int)4, (bool)0, (bool)0, cutlass::bfloat16_t, Flash_kernel_traits<(int)128, (int)64, (int)64, (int)4, cutlass::bfloat16_t>>, (bool)0, (bool)1, (bool)0, (bool)0, (bool)1, (bool)1, (bool)0, (bool)0>(pytorch_flash::Flash_fwd_params)"
:model.layers.26,PushPop,4239,4239,1,2,148065,74032.5,74032.5,73985,74080,67.2,ampere_bf16_s16816gemm_bf16_256x128_ldg8_f2f_stages_32x3_tn
:model.layers.26,PushPop,4239,4239,1,8,140641,17580.1,13840.0,13024,25184,5688.9,"void at::native::elementwise_kernel<(int)128, (int)4, void at::native::gpu_kernel_impl_nocast<at::native::BinaryFunctor<c10::BFloat16, c10::BFloat16, c10::BFloat16, at::native::binary_internal::MulFunctor<float>>>(at::TensorIteratorBase &, const T1 &)::[lambda(int) (instance 1)]>(int, T3)"
:model.layers.26,PushPop,4239,4239,1,4,103744,25936.0,25008.0,18208,35520,7148.5,"void at::native::<unnamed>::CatArrayBatchedCopy<at::native::<unnamed>::OpaqueType<(unsigned int)2>, unsigned int, (int)4, (int)64, (int)64>(T1 *, at::native::<unnamed>::CatArrInputTensorMetadata<T1, T2, T4, T5>, at::native::<unnamed>::TensorSizeStride<T2, (unsigned int)4>, int, T2)"
:model.layers.26,PushPop,4239,4239,1,4,103264,25816.0,20848.0,20608,40960,10097.0,"void at::native::vectorized_elementwise_kernel<(int)4, void at::native::<unnamed>::pow_tensor_scalar_kernel_impl<float, float>(at::TensorIteratorBase &, T2)::[lambda(float) (instance 1)], std::array<char *, (unsigned long)2>>(int, T2, T3)"
:model.layers.26,PushPop,4239,4239,1,4,99648,24912.0,20464.0,19680,39040,9425.9,"void at::native::elementwise_kernel<(int)128, (int)2, void at::native::gpu_kernel_impl_nocast<at::native::BinaryFunctor<float, float, float, at::native::binary_internal::MulFunctor<float>>>(at::TensorIteratorBase &, const T1 &)::[lambda(int) (instance 1)]>(int, T3)"
:model.layers.26,PushPop,4239,4239,1,4,84416,21104.0,17312.0,16640,33152,8038.3,"void at::native::unrolled_elementwise_kernel<at::native::direct_copy_kernel_cuda(at::TensorIteratorBase &)::[lambda() (instance 3)]::operator ()() const::[lambda() (instance 7)]::operator ()() const::[lambda(float) (instance 1)], std::array<char *, (unsigned long)2>, (int)4, TrivialOffsetCalculator<(int)1, unsigned int>, TrivialOffsetCalculator<(int)1, unsigned int>, at::native::memory::LoadWithCast<(int)1>, at::native::memory::StoreWithCast<(int)1>>(int, T1, T2, T4, T5, T6, T7)"
:model.layers.26,PushPop,4239,4239,1,4,75200,18800.0,14768.0,14528,31136,8225.3,"void at::native::vectorized_elementwise_kernel<(int)4, at::native::bfloat16_copy_kernel_cuda(at::TensorIteratorBase &)::[lambda(float) (instance 1)], std::array<char *, (unsigned long)2>>(int, T2, T3)"
:model.layers.26,PushPop,4239,4239,1,4,62432,15608.0,12448.0,10816,26720,7561.5,"void at::native::reduce_kernel<(int)512, (int)1, at::native::ReduceOp<float, at::native::MeanOps<float, float, float, float>, unsigned int, float, (int)4, (int)4>>(T3)"
:model.layers.26,PushPop,4239,4239,1,2,49856,24928.0,24928.0,17376,32480,10680.1,"void at::native::elementwise_kernel<(int)128, (int)4, void at::native::gpu_kernel_impl_nocast<at::native::CUDAFunctor_add<c10::BFloat16>>(at::TensorIteratorBase &, const T1 &)::[lambda(int) (instance 1)]>(int, T3)"
:model.layers.26,PushPop,4239,4239,1,1,45824,45824.0,45824.0,45824,45824,0.0,"void at::native::vectorized_elementwise_kernel<(int)4, at::native::BinaryFunctor<c10::BFloat16, c10::BFloat16, c10::BFloat16, at::native::binary_internal::MulFunctor<float>>, std::array<char *, (unsigned long)3>>(int, T2, T3)"
:model.layers.26,PushPop,4239,4239,1,1,31264,31264.0,31264.0,31264,31264,0.0,"void at::native::vectorized_elementwise_kernel<(int)4, at::native::<unnamed>::silu_kernel(at::TensorIteratorBase &)::[lambda() (instance 1)]::operator ()() const::[lambda() (instance 6)]::operator ()() const::[lambda(c10::BFloat16) (instance 1)], std::array<char *, (unsigned long)2>>(int, T2, T3)"
:model.layers.26,PushPop,4239,4239,1,2,28384,14192.0,14192.0,14176,14208,22.6,"void at::native::vectorized_elementwise_kernel<(int)4, at::native::CUDAFunctor_add<c10::BFloat16>, std::array<char *, (unsigned long)3>>(int, T2, T3)"
:model.layers.26,PushPop,4239,4239,1,2,20352,10176.0,10176.0,6848,13504,4706.5,"void at::native::elementwise_kernel<(int)128, (int)4, void at::native::gpu_kernel_impl_nocast<at::native::neg_kernel_cuda(at::TensorIteratorBase &)::[lambda() (instance 2)]::operator ()() const::[lambda() (instance 9)]::operator ()() const::[lambda(c10::BFloat16) (instance 1)]>(at::TensorIteratorBase &, const T1 &)::[lambda(int) (instance 1)]>(int, T3)"
:model.layers.26,PushPop,4239,4239,1,4,6336,1584.0,1584.0,1440,1728,118.3,"void at::native::vectorized_elementwise_kernel<(int)4, at::native::CUDAFunctorOnSelf_add<float>, std::array<char *, (unsigned long)2>>(int, T2, T3)"
:model.layers.26,PushPop,4239,4239,1,4,5952,1488.0,1472.0,1472,1536,32.0,"void at::native::vectorized_elementwise_kernel<(int)4, at::native::rsqrt_kernel_cuda(at::TensorIteratorBase &)::[lambda() (instance 2)]::operator ()() const::[lambda() (instance 2)]::operator ()() const::[lambda(float) (instance 1)], std::array<char *, (unsigned long)2>>(int, T2, T3)"
:model.layers.26.input_layernorm,PushPop,4239,4239,1,1,20736,20736.0,20736.0,20736,20736,0.0,"void at::native::vectorized_elementwise_kernel<(int)4, void at::native::<unnamed>::pow_tensor_scalar_kernel_impl<float, float>(at::TensorIteratorBase &, T2)::[lambda(float) (instance 1)], std::array<char *, (unsigned long)2>>(int, T2, T3)"
:model.layers.26.input_layernorm,PushPop,4239,4239,1,1,20448,20448.0,20448.0,20448,20448,0.0,"void at::native::elementwise_kernel<(int)128, (int)2, void at::native::gpu_kernel_impl_nocast<at::native::BinaryFunctor<float, float, float, at::native::binary_internal::MulFunctor<float>>>(at::TensorIteratorBase &, const T1 &)::[lambda(int) (instance 1)]>(int, T3)"
:model.layers.26.input_layernorm,PushPop,4239,4239,1,1,17344,17344.0,17344.0,17344,17344,0.0,"void at::native::unrolled_elementwise_kernel<at::native::direct_copy_kernel_cuda(at::TensorIteratorBase &)::[lambda() (instance 3)]::operator ()() const::[lambda() (instance 7)]::operator ()() const::[lambda(float) (instance 1)], std::array<char *, (unsigned long)2>, (int)4, TrivialOffsetCalculator<(int)1, unsigned int>, TrivialOffsetCalculator<(int)1, unsigned int>, at::native::memory::LoadWithCast<(int)1>, at::native::memory::StoreWithCast<(int)1>>(int, T1, T2, T4, T5, T6, T7)"
:model.layers.26.input_layernorm,PushPop,4239,4239,1,1,14528,14528.0,14528.0,14528,14528,0.0,"void at::native::vectorized_elementwise_kernel<(int)4, at::native::bfloat16_copy_kernel_cuda(at::TensorIteratorBase &)::[lambda(float) (instance 1)], std::array<char *, (unsigned long)2>>(int, T2, T3)"
:model.layers.26.input_layernorm,PushPop,4239,4239,1,1,13216,13216.0,13216.0,13216,13216,0.0,"void at::native::elementwise_kernel<(int)128, (int)4, void at::native::gpu_kernel_impl_nocast<at::native::BinaryFunctor<c10::BFloat16, c10::BFloat16, c10::BFloat16, at::native::binary_internal::MulFunctor<float>>>(at::TensorIteratorBase &, const T1 &)::[lambda(int) (instance 1)]>(int, T3)"
:model.layers.26.input_layernorm,PushPop,4239,4239,1,1,10816,10816.0,10816.0,10816,10816,0.0,"void at::native::reduce_kernel<(int)512, (int)1, at::native::ReduceOp<float, at::native::MeanOps<float, float, float, float>, unsigned int, float, (int)4, (int)4>>(T3)"
:model.layers.26.input_layernorm,PushPop,4239,4239,1,1,1600,1600.0,1600.0,1600,1600,0.0,"void at::native::vectorized_elementwise_kernel<(int)4, at::native::CUDAFunctorOnSelf_add<float>, std::array<char *, (unsigned long)2>>(int, T2, T3)"
:model.layers.26.input_layernorm,PushPop,4239,4239,1,1,1472,1472.0,1472.0,1472,1472,0.0,"void at::native::vectorized_elementwise_kernel<(int)4, at::native::rsqrt_kernel_cuda(at::TensorIteratorBase &)::[lambda() (instance 2)]::operator ()() const::[lambda() (instance 2)]::operator ()() const::[lambda(float) (instance 1)], std::array<char *, (unsigned long)2>>(int, T2, T3)"
:model.layers.26.mlp.act_fn,PushPop,4239,4239,1,1,31264,31264.0,31264.0,31264,31264,0.0,"void at::native::vectorized_elementwise_kernel<(int)4, at::native::<unnamed>::silu_kernel(at::TensorIteratorBase &)::[lambda() (instance 1)]::operator ()() const::[lambda() (instance 6)]::operator ()() const::[lambda(c10::BFloat16) (instance 1)], std::array<char *, (unsigned long)2>>(int, T2, T3)"
:model.layers.26.mlp.down_proj,PushPop,4239,4239,1,1,179713,179713.0,179713.0,179713,179713,0.0,ampere_bf16_s1688gemm_bf16_128x128_ldg8_f2f_stages_32x1_tn
:model.layers.26.mlp.gate_proj,PushPop,4239,4239,1,1,224193,224193.0,224193.0,224193,224193,0.0,void cutlass::Kernel2<cutlass_80_tensorop_bf16_s16816gemm_relu_bf16_256x128_32x3_tn_align8>(T1::Params)
:model.layers.26.mlp.up_proj,PushPop,4239,4239,1,1,221537,221537.0,221537.0,221537,221537,0.0,void cutlass::Kernel2<cutlass_80_tensorop_bf16_s16816gemm_relu_bf16_256x128_32x3_tn_align8>(T1::Params)
:model.layers.26.post_attention_layernorm,PushPop,4239,4239,1,1,20608,20608.0,20608.0,20608,20608,0.0,"void at::native::vectorized_elementwise_kernel<(int)4, void at::native::<unnamed>::pow_tensor_scalar_kernel_impl<float, float>(at::TensorIteratorBase &, T2)::[lambda(float) (instance 1)], std::array<char *, (unsigned long)2>>(int, T2, T3)"
:model.layers.26.post_attention_layernorm,PushPop,4239,4239,1,1,20480,20480.0,20480.0,20480,20480,0.0,"void at::native::elementwise_kernel<(int)128, (int)2, void at::native::gpu_kernel_impl_nocast<at::native::BinaryFunctor<float, float, float, at::native::binary_internal::MulFunctor<float>>>(at::TensorIteratorBase &, const T1 &)::[lambda(int) (instance 1)]>(int, T3)"
:model.layers.26.post_attention_layernorm,PushPop,4239,4239,1,1,17280,17280.0,17280.0,17280,17280,0.0,"void at::native::unrolled_elementwise_kernel<at::native::direct_copy_kernel_cuda(at::TensorIteratorBase &)::[lambda() (instance 3)]::operator ()() const::[lambda() (instance 7)]::operator ()() const::[lambda(float) (instance 1)], std::array<char *, (unsigned long)2>, (int)4, TrivialOffsetCalculator<(int)1, unsigned int>, TrivialOffsetCalculator<(int)1, unsigned int>, at::native::memory::LoadWithCast<(int)1>, at::native::memory::StoreWithCast<(int)1>>(int, T1, T2, T4, T5, T6, T7)"
:model.layers.26.post_attention_layernorm,PushPop,4239,4239,1,1,14656,14656.0,14656.0,14656,14656,0.0,"void at::native::vectorized_elementwise_kernel<(int)4, at::native::bfloat16_copy_kernel_cuda(at::TensorIteratorBase &)::[lambda(float) (instance 1)], std::array<char *, (unsigned long)2>>(int, T2, T3)"
:model.layers.26.post_attention_layernorm,PushPop,4239,4239,1,1,13440,13440.0,13440.0,13440,13440,0.0,"void at::native::elementwise_kernel<(int)128, (int)4, void at::native::gpu_kernel_impl_nocast<at::native::BinaryFunctor<c10::BFloat16, c10::BFloat16, c10::BFloat16, at::native::binary_internal::MulFunctor<float>>>(at::TensorIteratorBase &, const T1 &)::[lambda(int) (instance 1)]>(int, T3)"
:model.layers.26.post_attention_layernorm,PushPop,4239,4239,1,1,10848,10848.0,10848.0,10848,10848,0.0,"void at::native::reduce_kernel<(int)512, (int)1, at::native::ReduceOp<float, at::native::MeanOps<float, float, float, float>, unsigned int, float, (int)4, (int)4>>(T3)"
:model.layers.26.post_attention_layernorm,PushPop,4239,4239,1,1,1568,1568.0,1568.0,1568,1568,0.0,"void at::native::vectorized_elementwise_kernel<(int)4, at::native::CUDAFunctorOnSelf_add<float>, std::array<char *, (unsigned long)2>>(int, T2, T3)"
:model.layers.26.post_attention_layernorm,PushPop,4239,4239,1,1,1472,1472.0,1472.0,1472,1472,0.0,"void at::native::vectorized_elementwise_kernel<(int)4, at::native::rsqrt_kernel_cuda(at::TensorIteratorBase &)::[lambda() (instance 2)]::operator ()() const::[lambda() (instance 2)]::operator ()() const::[lambda(float) (instance 1)], std::array<char *, (unsigned long)2>>(int, T2, T3)"
:model.layers.26.self_attn.k_norm,PushPop,4239,4239,1,1,20960,20960.0,20960.0,20960,20960,0.0,"void at::native::vectorized_elementwise_kernel<(int)4, void at::native::<unnamed>::pow_tensor_scalar_kernel_impl<float, float>(at::TensorIteratorBase &, T2)::[lambda(float) (instance 1)], std::array<char *, (unsigned long)2>>(int, T2, T3)"
:model.layers.26.self_attn.k_norm,PushPop,4239,4239,1,1,19680,19680.0,19680.0,19680,19680,0.0,"void at::native::elementwise_kernel<(int)128, (int)2, void at::native::gpu_kernel_impl_nocast<at::native::BinaryFunctor<float, float, float, at::native::binary_internal::MulFunctor<float>>>(at::TensorIteratorBase &, const T1 &)::[lambda(int) (instance 1)]>(int, T3)"
:model.layers.26.self_attn.k_norm,PushPop,4239,4239,1,1,16640,16640.0,16640.0,16640,16640,0.0,"void at::native::unrolled_elementwise_kernel<at::native::direct_copy_kernel_cuda(at::TensorIteratorBase &)::[lambda() (instance 3)]::operator ()() const::[lambda() (instance 7)]::operator ()() const::[lambda(float) (instance 1)], std::array<char *, (unsigned long)2>, (int)4, TrivialOffsetCalculator<(int)1, unsigned int>, TrivialOffsetCalculator<(int)1, unsigned int>, at::native::memory::LoadWithCast<(int)1>, at::native::memory::StoreWithCast<(int)1>>(int, T1, T2, T4, T5, T6, T7)"
:model.layers.26.self_attn.k_norm,PushPop,4239,4239,1,1,14880,14880.0,14880.0,14880,14880,0.0,"void at::native::vectorized_elementwise_kernel<(int)4, at::native::bfloat16_copy_kernel_cuda(at::TensorIteratorBase &)::[lambda(float) (instance 1)], std::array<char *, (unsigned long)2>>(int, T2, T3)"
:model.layers.26.self_attn.k_norm,PushPop,4239,4239,1,1,14048,14048.0,14048.0,14048,14048,0.0,"void at::native::reduce_kernel<(int)512, (int)1, at::native::ReduceOp<float, at::native::MeanOps<float, float, float, float>, unsigned int, float, (int)4, (int)4>>(T3)"
:model.layers.26.self_attn.k_norm,PushPop,4239,4239,1,1,13024,13024.0,13024.0,13024,13024,0.0,"void at::native::elementwise_kernel<(int)128, (int)4, void at::native::gpu_kernel_impl_nocast<at::native::BinaryFunctor<c10::BFloat16, c10::BFloat16, c10::BFloat16, at::native::binary_internal::MulFunctor<float>>>(at::TensorIteratorBase &, const T1 &)::[lambda(int) (instance 1)]>(int, T3)"
:model.layers.26.self_attn.k_norm,PushPop,4239,4239,1,1,1472,1472.0,1472.0,1472,1472,0.0,"void at::native::vectorized_elementwise_kernel<(int)4, at::native::rsqrt_kernel_cuda(at::TensorIteratorBase &)::[lambda() (instance 2)]::operator ()() const::[lambda() (instance 2)]::operator ()() const::[lambda(float) (instance 1)], std::array<char *, (unsigned long)2>>(int, T2, T3)"
:model.layers.26.self_attn.k_norm,PushPop,4239,4239,1,1,1440,1440.0,1440.0,1440,1440,0.0,"void at::native::vectorized_elementwise_kernel<(int)4, at::native::CUDAFunctorOnSelf_add<float>, std::array<char *, (unsigned long)2>>(int, T2, T3)"
:model.layers.26.self_attn.k_proj,PushPop,4239,4239,1,1,74080,74080.0,74080.0,74080,74080,0.0,ampere_bf16_s16816gemm_bf16_256x128_ldg8_f2f_stages_32x3_tn
:model.layers.26.self_attn.o_proj,PushPop,4239,4239,1,1,123040,123040.0,123040.0,123040,123040,0.0,ampere_bf16_s1688gemm_bf16_128x128_ldg8_f2f_stages_32x1_tn
:model.layers.26.self_attn.q_norm,PushPop,4239,4239,1,1,40960,40960.0,40960.0,40960,40960,0.0,"void at::native::vectorized_elementwise_kernel<(int)4, void at::native::<unnamed>::pow_tensor_scalar_kernel_impl<float, float>(at::TensorIteratorBase &, T2)::[lambda(float) (instance 1)], std::array<char *, (unsigned long)2>>(int, T2, T3)"
:model.layers.26.self_attn.q_norm,PushPop,4239,4239,1,1,39040,39040.0,39040.0,39040,39040,0.0,"void at::native::elementwise_kernel<(int)128, (int)2, void at::native::gpu_kernel_impl_nocast<at::native::BinaryFunctor<float, float, float, at::native::binary_internal::MulFunctor<float>>>(at::TensorIteratorBase &, const T1 &)::[lambda(int) (instance 1)]>(int, T3)"
:model.layers.26.self_attn.q_norm,PushPop,4239,4239,1,1,33152,33152.0,33152.0,33152,33152,0.0,"void at::native::unrolled_elementwise_kernel<at::native::direct_copy_kernel_cuda(at::TensorIteratorBase &)::[lambda() (instance 3)]::operator ()() const::[lambda() (instance 7)]::operator ()() const::[lambda(float) (instance 1)], std::array<char *, (unsigned long)2>, (int)4, TrivialOffsetCalculator<(int)1, unsigned int>, TrivialOffsetCalculator<(int)1, unsigned int>, at::native::memory::LoadWithCast<(int)1>, at::native::memory::StoreWithCast<(int)1>>(int, T1, T2, T4, T5, T6, T7)"
:model.layers.26.self_attn.q_norm,PushPop,4239,4239,1,1,31136,31136.0,31136.0,31136,31136,0.0,"void at::native::vectorized_elementwise_kernel<(int)4, at::native::bfloat16_copy_kernel_cuda(at::TensorIteratorBase &)::[lambda(float) (instance 1)], std::array<char *, (unsigned long)2>>(int, T2, T3)"
:model.layers.26.self_attn.q_norm,PushPop,4239,4239,1,1,26720,26720.0,26720.0,26720,26720,0.0,"void at::native::reduce_kernel<(int)512, (int)1, at::native::ReduceOp<float, at::native::MeanOps<float, float, float, float>, unsigned int, float, (int)4, (int)4>>(T3)"
:model.layers.26.self_attn.q_norm,PushPop,4239,4239,1,1,23841,23841.0,23841.0,23841,23841,0.0,"void at::native::elementwise_kernel<(int)128, (int)4, void at::native::gpu_kernel_impl_nocast<at::native::BinaryFunctor<c10::BFloat16, c10::BFloat16, c10::BFloat16, at::native::binary_internal::MulFunctor<float>>>(at::TensorIteratorBase &, const T1 &)::[lambda(int) (instance 1)]>(int, T3)"
:model.layers.26.self_attn.q_norm,PushPop,4239,4239,1,1,1728,1728.0,1728.0,1728,1728,0.0,"void at::native::vectorized_elementwise_kernel<(int)4, at::native::CUDAFunctorOnSelf_add<float>, std::array<char *, (unsigned long)2>>(int, T2, T3)"
:model.layers.26.self_attn.q_norm,PushPop,4239,4239,1,1,1536,1536.0,1536.0,1536,1536,0.0,"void at::native::vectorized_elementwise_kernel<(int)4, at::native::rsqrt_kernel_cuda(at::TensorIteratorBase &)::[lambda() (instance 2)]::operator ()() const::[lambda() (instance 2)]::operator ()() const::[lambda(float) (instance 1)], std::array<char *, (unsigned long)2>>(int, T2, T3)"
:model.layers.26.self_attn.q_proj,PushPop,4239,4239,1,1,150433,150433.0,150433.0,150433,150433,0.0,void cutlass::Kernel2<cutlass_80_tensorop_bf16_s16816gemm_relu_bf16_256x128_32x3_tn_align8>(T1::Params)
:model.layers.26.self_attn.v_proj,PushPop,4239,4239,1,1,73985,73985.0,73985.0,73985,73985,0.0,ampere_bf16_s16816gemm_bf16_256x128_ldg8_f2f_stages_32x3_tn
:model.layers.27,PushPop,4239,4239,1,3,595938,198646.0,221121.0,150592,224225,41644.9,void cutlass::Kernel2<cutlass_80_tensorop_bf16_s16816gemm_relu_bf16_256x128_32x3_tn_align8>(T1::Params)
:model.layers.27,PushPop,4239,4239,1,1,311873,311873.0,311873.0,311873,311873,0.0,"void pytorch_flash::flash_fwd_kernel<Flash_fwd_kernel_traits<(int)128, (int)64, (int)64, (int)4, (bool)0, (bool)0, cutlass::bfloat16_t, Flash_kernel_traits<(int)128, (int)64, (int)64, (int)4, cutlass::bfloat16_t>>, (bool)0, (bool)1, (bool)0, (bool)0, (bool)1, (bool)1, (bool)0, (bool)0>(pytorch_flash::Flash_fwd_params)"
:model.layers.27,PushPop,4239,4239,1,2,303264,151632.0,151632.0,123456,179808,39846.9,ampere_bf16_s1688gemm_bf16_128x128_ldg8_f2f_stages_32x1_tn
:model.layers.27,PushPop,4239,4239,1,2,148065,74032.5,74032.5,73985,74080,67.2,ampere_bf16_s16816gemm_bf16_256x128_ldg8_f2f_stages_32x3_tn
:model.layers.27,PushPop,4239,4239,1,8,139905,17488.1,13744.0,12608,25216,5860.5,"void at::native::elementwise_kernel<(int)128, (int)4, void at::native::gpu_kernel_impl_nocast<at::native::BinaryFunctor<c10::BFloat16, c10::BFloat16, c10::BFloat16, at::native::binary_internal::MulFunctor<float>>>(at::TensorIteratorBase &, const T1 &)::[lambda(int) (instance 1)]>(int, T3)"
:model.layers.27,PushPop,4239,4239,1,4,103841,25960.3,21024.5,20704,41088,10086.8,"void at::native::vectorized_elementwise_kernel<(int)4, void at::native::<unnamed>::pow_tensor_scalar_kernel_impl<float, float>(at::TensorIteratorBase &, T2)::[lambda(float) (instance 1)], std::array<char *, (unsigned long)2>>(int, T2, T3)"
:model.layers.27,PushPop,4239,4239,1,4,103776,25944.0,24816.0,18208,35936,7353.8,"void at::native::<unnamed>::CatArrayBatchedCopy<at::native::<unnamed>::OpaqueType<(unsigned int)2>, unsigned int, (int)4, (int)64, (int)64>(T1 *, at::native::<unnamed>::CatArrInputTensorMetadata<T1, T2, T4, T5>, at::native::<unnamed>::TensorSizeStride<T2, (unsigned int)4>, int, T2)"
:model.layers.27,PushPop,4239,4239,1,4,99297,24824.3,20416.0,19968,38497,9118.2,"void at::native::elementwise_kernel<(int)128, (int)2, void at::native::gpu_kernel_impl_nocast<at::native::BinaryFunctor<float, float, float, at::native::binary_internal::MulFunctor<float>>>(at::TensorIteratorBase &, const T1 &)::[lambda(int) (instance 1)]>(int, T3)"
:model.layers.27,PushPop,4239,4239,1,4,84448,21112.0,17520.0,16288,33120,8026.9,"void at::native::unrolled_elementwise_kernel<at::native::direct_copy_kernel_cuda(at::TensorIteratorBase &)::[lambda() (instance 3)]::operator ()() const::[lambda() (instance 7)]::operator ()() const::[lambda(float) (instance 1)], std::array<char *, (unsigned long)2>, (int)4, TrivialOffsetCalculator<(int)1, unsigned int>, TrivialOffsetCalculator<(int)1, unsigned int>, at::native::memory::LoadWithCast<(int)1>, at::native::memory::StoreWithCast<(int)1>>(int, T1, T2, T4, T5, T6, T7)"
:model.layers.27,PushPop,4239,4239,1,4,75456,18864.0,14704.0,14432,31616,8503.5,"void at::native::vectorized_elementwise_kernel<(int)4, at::native::bfloat16_copy_kernel_cuda(at::TensorIteratorBase &)::[lambda(float) (instance 1)], std::array<char *, (unsigned long)2>>(int, T2, T3)"
:model.layers.27,PushPop,4239,4239,1,4,62720,15680.0,12512.0,10944,26752,7510.8,"void at::native::reduce_kernel<(int)512, (int)1, at::native::ReduceOp<float, at::native::MeanOps<float, float, float, float>, unsigned int, float, (int)4, (int)4>>(T3)"
:model.layers.27,PushPop,4239,4239,1,2,50049,25024.5,25024.5,17633,32416,10453.2,"void at::native::elementwise_kernel<(int)128, (int)4, void at::native::gpu_kernel_impl_nocast<at::native::CUDAFunctor_add<c10::BFloat16>>(at::TensorIteratorBase &, const T1 &)::[lambda(int) (instance 1)]>(int, T3)"
:model.layers.27,PushPop,4239,4239,1,1,45888,45888.0,45888.0,45888,45888,0.0,"void at::native::vectorized_elementwise_kernel<(int)4, at::native::BinaryFunctor<c10::BFloat16, c10::BFloat16, c10::BFloat16, at::native::binary_internal::MulFunctor<float>>, std::array<char *, (unsigned long)3>>(int, T2, T3)"
:model.layers.27,PushPop,4239,4239,1,1,31456,31456.0,31456.0,31456,31456,0.0,"void at::native::vectorized_elementwise_kernel<(int)4, at::native::<unnamed>::silu_kernel(at::TensorIteratorBase &)::[lambda() (instance 1)]::operator ()() const::[lambda() (instance 6)]::operator ()() const::[lambda(c10::BFloat16) (instance 1)], std::array<char *, (unsigned long)2>>(int, T2, T3)"
:model.layers.27,PushPop,4239,4239,1,2,27520,13760.0,13760.0,13504,14016,362.0,"void at::native::vectorized_elementwise_kernel<(int)4, at::native::CUDAFunctor_add<c10::BFloat16>, std::array<char *, (unsigned long)3>>(int, T2, T3)"
:model.layers.27,PushPop,4239,4239,1,2,20320,10160.0,10160.0,6752,13568,4819.6,"void at::native::elementwise_kernel<(int)128, (int)4, void at::native::gpu_kernel_impl_nocast<at::native::neg_kernel_cuda(at::TensorIteratorBase &)::[lambda() (instance 2)]::operator ()() const::[lambda() (instance 9)]::operator ()() const::[lambda(c10::BFloat16) (instance 1)]>(at::TensorIteratorBase &, const T1 &)::[lambda(int) (instance 1)]>(int, T3)"
:model.layers.27,PushPop,4239,4239,1,4,6304,1576.0,1584.0,1440,1696,105.7,"void at::native::vectorized_elementwise_kernel<(int)4, at::native::CUDAFunctorOnSelf_add<float>, std::array<char *, (unsigned long)2>>(int, T2, T3)"
:model.layers.27,PushPop,4239,4239,1,4,5920,1480.0,1472.0,1472,1504,16.0,"void at::native::vectorized_elementwise_kernel<(int)4, at::native::rsqrt_kernel_cuda(at::TensorIteratorBase &)::[lambda() (instance 2)]::operator ()() const::[lambda() (instance 2)]::operator ()() const::[lambda(float) (instance 1)], std::array<char *, (unsigned long)2>>(int, T2, T3)"
:model.layers.27.input_layernorm,PushPop,4239,4239,1,1,20896,20896.0,20896.0,20896,20896,0.0,"void at::native::vectorized_elementwise_kernel<(int)4, void at::native::<unnamed>::pow_tensor_scalar_kernel_impl<float, float>(at::TensorIteratorBase &, T2)::[lambda(float) (instance 1)], std::array<char *, (unsigned long)2>>(int, T2, T3)"
:model.layers.27.input_layernorm,PushPop,4239,4239,1,1,20288,20288.0,20288.0,20288,20288,0.0,"void at::native::elementwise_kernel<(int)128, (int)2, void at::native::gpu_kernel_impl_nocast<at::native::BinaryFunctor<float, float, float, at::native::binary_internal::MulFunctor<float>>>(at::TensorIteratorBase &, const T1 &)::[lambda(int) (instance 1)]>(int, T3)"
:model.layers.27.input_layernorm,PushPop,4239,4239,1,1,17408,17408.0,17408.0,17408,17408,0.0,"void at::native::unrolled_elementwise_kernel<at::native::direct_copy_kernel_cuda(at::TensorIteratorBase &)::[lambda() (instance 3)]::operator ()() const::[lambda() (instance 7)]::operator ()() const::[lambda(float) (instance 1)], std::array<char *, (unsigned long)2>, (int)4, TrivialOffsetCalculator<(int)1, unsigned int>, TrivialOffsetCalculator<(int)1, unsigned int>, at::native::memory::LoadWithCast<(int)1>, at::native::memory::StoreWithCast<(int)1>>(int, T1, T2, T4, T5, T6, T7)"
:model.layers.27.input_layernorm,PushPop,4239,4239,1,1,14528,14528.0,14528.0,14528,14528,0.0,"void at::native::vectorized_elementwise_kernel<(int)4, at::native::bfloat16_copy_kernel_cuda(at::TensorIteratorBase &)::[lambda(float) (instance 1)], std::array<char *, (unsigned long)2>>(int, T2, T3)"
:model.layers.27.input_layernorm,PushPop,4239,4239,1,1,13057,13057.0,13057.0,13057,13057,0.0,"void at::native::elementwise_kernel<(int)128, (int)4, void at::native::gpu_kernel_impl_nocast<at::native::BinaryFunctor<c10::BFloat16, c10::BFloat16, c10::BFloat16, at::native::binary_internal::MulFunctor<float>>>(at::TensorIteratorBase &, const T1 &)::[lambda(int) (instance 1)]>(int, T3)"
:model.layers.27.input_layernorm,PushPop,4239,4239,1,1,11072,11072.0,11072.0,11072,11072,0.0,"void at::native::reduce_kernel<(int)512, (int)1, at::native::ReduceOp<float, at::native::MeanOps<float, float, float, float>, unsigned int, float, (int)4, (int)4>>(T3)"
:model.layers.27.input_layernorm,PushPop,4239,4239,1,1,1568,1568.0,1568.0,1568,1568,0.0,"void at::native::vectorized_elementwise_kernel<(int)4, at::native::CUDAFunctorOnSelf_add<float>, std::array<char *, (unsigned long)2>>(int, T2, T3)"
:model.layers.27.input_layernorm,PushPop,4239,4239,1,1,1472,1472.0,1472.0,1472,1472,0.0,"void at::native::vectorized_elementwise_kernel<(int)4, at::native::rsqrt_kernel_cuda(at::TensorIteratorBase &)::[lambda() (instance 2)]::operator ()() const::[lambda() (instance 2)]::operator ()() const::[lambda(float) (instance 1)], std::array<char *, (unsigned long)2>>(int, T2, T3)"
:model.layers.27.mlp.act_fn,PushPop,4239,4239,1,1,31456,31456.0,31456.0,31456,31456,0.0,"void at::native::vectorized_elementwise_kernel<(int)4, at::native::<unnamed>::silu_kernel(at::TensorIteratorBase &)::[lambda() (instance 1)]::operator ()() const::[lambda() (instance 6)]::operator ()() const::[lambda(c10::BFloat16) (instance 1)], std::array<char *, (unsigned long)2>>(int, T2, T3)"
:model.layers.27.mlp.down_proj,PushPop,4239,4239,1,1,179808,179808.0,179808.0,179808,179808,0.0,ampere_bf16_s1688gemm_bf16_128x128_ldg8_f2f_stages_32x1_tn
:model.layers.27.mlp.gate_proj,PushPop,4239,4239,1,1,224225,224225.0,224225.0,224225,224225,0.0,void cutlass::Kernel2<cutlass_80_tensorop_bf16_s16816gemm_relu_bf16_256x128_32x3_tn_align8>(T1::Params)
:model.layers.27.mlp.up_proj,PushPop,4239,4239,1,1,221121,221121.0,221121.0,221121,221121,0.0,void cutlass::Kernel2<cutlass_80_tensorop_bf16_s16816gemm_relu_bf16_256x128_32x3_tn_align8>(T1::Params)
:model.layers.27.post_attention_layernorm,PushPop,4239,4239,1,1,21153,21153.0,21153.0,21153,21153,0.0,"void at::native::vectorized_elementwise_kernel<(int)4, void at::native::<unnamed>::pow_tensor_scalar_kernel_impl<float, float>(at::TensorIteratorBase &, T2)::[lambda(float) (instance 1)], std::array<char *, (unsigned long)2>>(int, T2, T3)"
:model.layers.27.post_attention_layernorm,PushPop,4239,4239,1,1,20544,20544.0,20544.0,20544,20544,0.0,"void at::native::elementwise_kernel<(int)128, (int)2, void at::native::gpu_kernel_impl_nocast<at::native::BinaryFunctor<float, float, float, at::native::binary_internal::MulFunctor<float>>>(at::TensorIteratorBase &, const T1 &)::[lambda(int) (instance 1)]>(int, T3)"
:model.layers.27.post_attention_layernorm,PushPop,4239,4239,1,1,17632,17632.0,17632.0,17632,17632,0.0,"void at::native::unrolled_elementwise_kernel<at::native::direct_copy_kernel_cuda(at::TensorIteratorBase &)::[lambda() (instance 3)]::operator ()() const::[lambda() (instance 7)]::operator ()() const::[lambda(float) (instance 1)], std::array<char *, (unsigned long)2>, (int)4, TrivialOffsetCalculator<(int)1, unsigned int>, TrivialOffsetCalculator<(int)1, unsigned int>, at::native::memory::LoadWithCast<(int)1>, at::native::memory::StoreWithCast<(int)1>>(int, T1, T2, T4, T5, T6, T7)"
:model.layers.27.post_attention_layernorm,PushPop,4239,4239,1,1,14880,14880.0,14880.0,14880,14880,0.0,"void at::native::vectorized_elementwise_kernel<(int)4, at::native::bfloat16_copy_kernel_cuda(at::TensorIteratorBase &)::[lambda(float) (instance 1)], std::array<char *, (unsigned long)2>>(int, T2, T3)"
:model.layers.27.post_attention_layernorm,PushPop,4239,4239,1,1,13152,13152.0,13152.0,13152,13152,0.0,"void at::native::elementwise_kernel<(int)128, (int)4, void at::native::gpu_kernel_impl_nocast<at::native::BinaryFunctor<c10::BFloat16, c10::BFloat16, c10::BFloat16, at::native::binary_internal::MulFunctor<float>>>(at::TensorIteratorBase &, const T1 &)::[lambda(int) (instance 1)]>(int, T3)"
:model.layers.27.post_attention_layernorm,PushPop,4239,4239,1,1,10944,10944.0,10944.0,10944,10944,0.0,"void at::native::reduce_kernel<(int)512, (int)1, at::native::ReduceOp<float, at::native::MeanOps<float, float, float, float>, unsigned int, float, (int)4, (int)4>>(T3)"
:model.layers.27.post_attention_layernorm,PushPop,4239,4239,1,1,1600,1600.0,1600.0,1600,1600,0.0,"void at::native::vectorized_elementwise_kernel<(int)4, at::native::CUDAFunctorOnSelf_add<float>, std::array<char *, (unsigned long)2>>(int, T2, T3)"
:model.layers.27.post_attention_layernorm,PushPop,4239,4239,1,1,1472,1472.0,1472.0,1472,1472,0.0,"void at::native::vectorized_elementwise_kernel<(int)4, at::native::rsqrt_kernel_cuda(at::TensorIteratorBase &)::[lambda() (instance 2)]::operator ()() const::[lambda() (instance 2)]::operator ()() const::[lambda(float) (instance 1)], std::array<char *, (unsigned long)2>>(int, T2, T3)"
:model.layers.27.self_attn.k_norm,PushPop,4239,4239,1,1,20704,20704.0,20704.0,20704,20704,0.0,"void at::native::vectorized_elementwise_kernel<(int)4, void at::native::<unnamed>::pow_tensor_scalar_kernel_impl<float, float>(at::TensorIteratorBase &, T2)::[lambda(float) (instance 1)], std::array<char *, (unsigned long)2>>(int, T2, T3)"
:model.layers.27.self_attn.k_norm,PushPop,4239,4239,1,1,19968,19968.0,19968.0,19968,19968,0.0,"void at::native::elementwise_kernel<(int)128, (int)2, void at::native::gpu_kernel_impl_nocast<at::native::BinaryFunctor<float, float, float, at::native::binary_internal::MulFunctor<float>>>(at::TensorIteratorBase &, const T1 &)::[lambda(int) (instance 1)]>(int, T3)"
:model.layers.27.self_attn.k_norm,PushPop,4239,4239,1,1,16288,16288.0,16288.0,16288,16288,0.0,"void at::native::unrolled_elementwise_kernel<at::native::direct_copy_kernel_cuda(at::TensorIteratorBase &)::[lambda() (instance 3)]::operator ()() const::[lambda() (instance 7)]::operator ()() const::[lambda(float) (instance 1)], std::array<char *, (unsigned long)2>, (int)4, TrivialOffsetCalculator<(int)1, unsigned int>, TrivialOffsetCalculator<(int)1, unsigned int>, at::native::memory::LoadWithCast<(int)1>, at::native::memory::StoreWithCast<(int)1>>(int, T1, T2, T4, T5, T6, T7)"
:model.layers.27.self_attn.k_norm,PushPop,4239,4239,1,1,14432,14432.0,14432.0,14432,14432,0.0,"void at::native::vectorized_elementwise_kernel<(int)4, at::native::bfloat16_copy_kernel_cuda(at::TensorIteratorBase &)::[lambda(float) (instance 1)], std::array<char *, (unsigned long)2>>(int, T2, T3)"
:model.layers.27.self_attn.k_norm,PushPop,4239,4239,1,1,13952,13952.0,13952.0,13952,13952,0.0,"void at::native::reduce_kernel<(int)512, (int)1, at::native::ReduceOp<float, at::native::MeanOps<float, float, float, float>, unsigned int, float, (int)4, (int)4>>(T3)"
:model.layers.27.self_attn.k_norm,PushPop,4239,4239,1,1,12608,12608.0,12608.0,12608,12608,0.0,"void at::native::elementwise_kernel<(int)128, (int)4, void at::native::gpu_kernel_impl_nocast<at::native::BinaryFunctor<c10::BFloat16, c10::BFloat16, c10::BFloat16, at::native::binary_internal::MulFunctor<float>>>(at::TensorIteratorBase &, const T1 &)::[lambda(int) (instance 1)]>(int, T3)"
:model.layers.27.self_attn.k_norm,PushPop,4239,4239,1,1,1472,1472.0,1472.0,1472,1472,0.0,"void at::native::vectorized_elementwise_kernel<(int)4, at::native::rsqrt_kernel_cuda(at::TensorIteratorBase &)::[lambda() (instance 2)]::operator ()() const::[lambda() (instance 2)]::operator ()() const::[lambda(float) (instance 1)], std::array<char *, (unsigned long)2>>(int, T2, T3)"
:model.layers.27.self_attn.k_norm,PushPop,4239,4239,1,1,1440,1440.0,1440.0,1440,1440,0.0,"void at::native::vectorized_elementwise_kernel<(int)4, at::native::CUDAFunctorOnSelf_add<float>, std::array<char *, (unsigned long)2>>(int, T2, T3)"
:model.layers.27.self_attn.k_proj,PushPop,4239,4239,1,1,74080,74080.0,74080.0,74080,74080,0.0,ampere_bf16_s16816gemm_bf16_256x128_ldg8_f2f_stages_32x3_tn
:model.layers.27.self_attn.o_proj,PushPop,4239,4239,1,1,123456,123456.0,123456.0,123456,123456,0.0,ampere_bf16_s1688gemm_bf16_128x128_ldg8_f2f_stages_32x1_tn
:model.layers.27.self_attn.q_norm,PushPop,4239,4239,1,1,41088,41088.0,41088.0,41088,41088,0.0,"void at::native::vectorized_elementwise_kernel<(int)4, void at::native::<unnamed>::pow_tensor_scalar_kernel_impl<float, float>(at::TensorIteratorBase &, T2)::[lambda(float) (instance 1)], std::array<char *, (unsigned long)2>>(int, T2, T3)"
:model.layers.27.self_attn.q_norm,PushPop,4239,4239,1,1,38497,38497.0,38497.0,38497,38497,0.0,"void at::native::elementwise_kernel<(int)128, (int)2, void at::native::gpu_kernel_impl_nocast<at::native::BinaryFunctor<float, float, float, at::native::binary_internal::MulFunctor<float>>>(at::TensorIteratorBase &, const T1 &)::[lambda(int) (instance 1)]>(int, T3)"
:model.layers.27.self_attn.q_norm,PushPop,4239,4239,1,1,33120,33120.0,33120.0,33120,33120,0.0,"void at::native::unrolled_elementwise_kernel<at::native::direct_copy_kernel_cuda(at::TensorIteratorBase &)::[lambda() (instance 3)]::operator ()() const::[lambda() (instance 7)]::operator ()() const::[lambda(float) (instance 1)], std::array<char *, (unsigned long)2>, (int)4, TrivialOffsetCalculator<(int)1, unsigned int>, TrivialOffsetCalculator<(int)1, unsigned int>, at::native::memory::LoadWithCast<(int)1>, at::native::memory::StoreWithCast<(int)1>>(int, T1, T2, T4, T5, T6, T7)"
:model.layers.27.self_attn.q_norm,PushPop,4239,4239,1,1,31616,31616.0,31616.0,31616,31616,0.0,"void at::native::vectorized_elementwise_kernel<(int)4, at::native::bfloat16_copy_kernel_cuda(at::TensorIteratorBase &)::[lambda(float) (instance 1)], std::array<char *, (unsigned long)2>>(int, T2, T3)"
:model.layers.27.self_attn.q_norm,PushPop,4239,4239,1,1,26752,26752.0,26752.0,26752,26752,0.0,"void at::native::reduce_kernel<(int)512, (int)1, at::native::ReduceOp<float, at::native::MeanOps<float, float, float, float>, unsigned int, float, (int)4, (int)4>>(T3)"
:model.layers.27.self_attn.q_norm,PushPop,4239,4239,1,1,23872,23872.0,23872.0,23872,23872,0.0,"void at::native::elementwise_kernel<(int)128, (int)4, void at::native::gpu_kernel_impl_nocast<at::native::BinaryFunctor<c10::BFloat16, c10::BFloat16, c10::BFloat16, at::native::binary_internal::MulFunctor<float>>>(at::TensorIteratorBase &, const T1 &)::[lambda(int) (instance 1)]>(int, T3)"
:model.layers.27.self_attn.q_norm,PushPop,4239,4239,1,1,1696,1696.0,1696.0,1696,1696,0.0,"void at::native::vectorized_elementwise_kernel<(int)4, at::native::CUDAFunctorOnSelf_add<float>, std::array<char *, (unsigned long)2>>(int, T2, T3)"
:model.layers.27.self_attn.q_norm,PushPop,4239,4239,1,1,1504,1504.0,1504.0,1504,1504,0.0,"void at::native::vectorized_elementwise_kernel<(int)4, at::native::rsqrt_kernel_cuda(at::TensorIteratorBase &)::[lambda() (instance 2)]::operator ()() const::[lambda() (instance 2)]::operator ()() const::[lambda(float) (instance 1)], std::array<char *, (unsigned long)2>>(int, T2, T3)"
:model.layers.27.self_attn.q_proj,PushPop,4239,4239,1,1,150592,150592.0,150592.0,150592,150592,0.0,void cutlass::Kernel2<cutlass_80_tensorop_bf16_s16816gemm_relu_bf16_256x128_32x3_tn_align8>(T1::Params)
:model.layers.27.self_attn.v_proj,PushPop,4239,4239,1,1,73985,73985.0,73985.0,73985,73985,0.0,ampere_bf16_s16816gemm_bf16_256x128_ldg8_f2f_stages_32x3_tn
:model.layers.3,PushPop,4239,4239,1,3,595395,198465.0,221089.0,150369,223937,41676.7,void cutlass::Kernel2<cutlass_80_tensorop_bf16_s16816gemm_relu_bf16_256x128_32x3_tn_align8>(T1::Params)
:model.layers.3,PushPop,4239,4239,1,1,315937,315937.0,315937.0,315937,315937,0.0,"void pytorch_flash::flash_fwd_kernel<Flash_fwd_kernel_traits<(int)128, (int)64, (int)64, (int)4, (bool)0, (bool)0, cutlass::bfloat16_t, Flash_kernel_traits<(int)128, (int)64, (int)64, (int)4, cutlass::bfloat16_t>>, (bool)0, (bool)1, (bool)0, (bool)0, (bool)1, (bool)1, (bool)0, (bool)0>(pytorch_flash::Flash_fwd_params)"
:model.layers.3,PushPop,4239,4239,1,2,302946,151473.0,151473.0,123041,179905,40208.9,ampere_bf16_s1688gemm_bf16_128x128_ldg8_f2f_stages_32x1_tn
:model.layers.3,PushPop,4239,4239,1,2,148065,74032.5,74032.5,74017,74048,21.9,ampere_bf16_s16816gemm_bf16_256x128_ldg8_f2f_stages_32x3_tn
:model.layers.3,PushPop,4239,4239,1,8,139616,17452.0,13696.0,12704,25120,5755.7,"void at::native::elementwise_kernel<(int)128, (int)4, void at::native::gpu_kernel_impl_nocast<at::native::BinaryFunctor<c10::BFloat16, c10::BFloat16, c10::BFloat16, at::native::binary_internal::MulFunctor<float>>>(at::TensorIteratorBase &, const T1 &)::[lambda(int) (instance 1)]>(int, T3)"
:model.layers.3,PushPop,4239,4239,1,4,103873,25968.3,25024.0,18144,35681,7243.7,"void at::native::<unnamed>::CatArrayBatchedCopy<at::native::<unnamed>::OpaqueType<(unsigned int)2>, unsigned int, (int)4, (int)64, (int)64>(T1 *, at::native::<unnamed>::CatArrInputTensorMetadata<T1, T2, T4, T5>, at::native::<unnamed>::TensorSizeStride<T2, (unsigned int)4>, int, T2)"
:model.layers.3,PushPop,4239,4239,1,4,103712,25928.0,20960.0,20672,41120,10129.0,"void at::native::vectorized_elementwise_kernel<(int)4, void at::native::<unnamed>::pow_tensor_scalar_kernel_impl<float, float>(at::TensorIteratorBase &, T2)::[lambda(float) (instance 1)], std::array<char *, (unsigned long)2>>(int, T2, T3)"
:model.layers.3,PushPop,4239,4239,1,4,99520,24880.0,20384.0,20128,38624,9164.4,"void at::native::elementwise_kernel<(int)128, (int)2, void at::native::gpu_kernel_impl_nocast<at::native::BinaryFunctor<float, float, float, at::native::binary_internal::MulFunctor<float>>>(at::TensorIteratorBase &, const T1 &)::[lambda(int) (instance 1)]>(int, T3)"
:model.layers.3,PushPop,4239,4239,1,4,83808,20952.0,17264.0,16288,32992,8041.6,"void at::native::unrolled_elementwise_kernel<at::native::direct_copy_kernel_cuda(at::TensorIteratorBase &)::[lambda() (instance 3)]::operator ()() const::[lambda() (instance 7)]::operator ()() const::[lambda(float) (instance 1)], std::array<char *, (unsigned long)2>, (int)4, TrivialOffsetCalculator<(int)1, unsigned int>, TrivialOffsetCalculator<(int)1, unsigned int>, at::native::memory::LoadWithCast<(int)1>, at::native::memory::StoreWithCast<(int)1>>(int, T1, T2, T4, T5, T6, T7)"
:model.layers.3,PushPop,4239,4239,1,4,76288,19072.0,14912.0,14560,31904,8558.2,"void at::native::vectorized_elementwise_kernel<(int)4, at::native::bfloat16_copy_kernel_cuda(at::TensorIteratorBase &)::[lambda(float) (instance 1)], std::array<char *, (unsigned long)2>>(int, T2, T3)"
:model.layers.3,PushPop,4239,4239,1,4,62272,15568.0,12400.0,10816,26656,7524.1,"void at::native::reduce_kernel<(int)512, (int)1, at::native::ReduceOp<float, at::native::MeanOps<float, float, float, float>, unsigned int, float, (int)4, (int)4>>(T3)"
:model.layers.3,PushPop,4239,4239,1,2,50016,25008.0,25008.0,17600,32416,10476.5,"void at::native::elementwise_kernel<(int)128, (int)4, void at::native::gpu_kernel_impl_nocast<at::native::CUDAFunctor_add<c10::BFloat16>>(at::TensorIteratorBase &, const T1 &)::[lambda(int) (instance 1)]>(int, T3)"
:model.layers.3,PushPop,4239,4239,1,1,45728,45728.0,45728.0,45728,45728,0.0,"void at::native::vectorized_elementwise_kernel<(int)4, at::native::BinaryFunctor<c10::BFloat16, c10::BFloat16, c10::BFloat16, at::native::binary_internal::MulFunctor<float>>, std::array<char *, (unsigned long)3>>(int, T2, T3)"
:model.layers.3,PushPop,4239,4239,1,1,31392,31392.0,31392.0,31392,31392,0.0,"void at::native::vectorized_elementwise_kernel<(int)4, at::native::<unnamed>::silu_kernel(at::TensorIteratorBase &)::[lambda() (instance 1)]::operator ()() const::[lambda() (instance 6)]::operator ()() const::[lambda(c10::BFloat16) (instance 1)], std::array<char *, (unsigned long)2>>(int, T2, T3)"
:model.layers.3,PushPop,4239,4239,1,2,28384,14192.0,14192.0,14112,14272,113.1,"void at::native::vectorized_elementwise_kernel<(int)4, at::native::CUDAFunctor_add<c10::BFloat16>, std::array<char *, (unsigned long)3>>(int, T2, T3)"
:model.layers.3,PushPop,4239,4239,1,2,20480,10240.0,10240.0,6912,13568,4706.5,"void at::native::elementwise_kernel<(int)128, (int)4, void at::native::gpu_kernel_impl_nocast<at::native::neg_kernel_cuda(at::TensorIteratorBase &)::[lambda() (instance 2)]::operator ()() const::[lambda() (instance 9)]::operator ()() const::[lambda(c10::BFloat16) (instance 1)]>(at::TensorIteratorBase &, const T1 &)::[lambda(int) (instance 1)]>(int, T3)"
:model.layers.3,PushPop,4239,4239,1,4,6368,1592.0,1568.0,1440,1792,146.4,"void at::native::vectorized_elementwise_kernel<(int)4, at::native::CUDAFunctorOnSelf_add<float>, std::array<char *, (unsigned long)2>>(int, T2, T3)"
:model.layers.3,PushPop,4239,4239,1,4,5952,1488.0,1472.0,1472,1536,32.0,"void at::native::vectorized_elementwise_kernel<(int)4, at::native::rsqrt_kernel_cuda(at::TensorIteratorBase &)::[lambda() (instance 2)]::operator ()() const::[lambda() (instance 2)]::operator ()() const::[lambda(float) (instance 1)], std::array<char *, (unsigned long)2>>(int, T2, T3)"
:model.layers.3.input_layernorm,PushPop,4239,4239,1,1,20896,20896.0,20896.0,20896,20896,0.0,"void at::native::vectorized_elementwise_kernel<(int)4, void at::native::<unnamed>::pow_tensor_scalar_kernel_impl<float, float>(at::TensorIteratorBase &, T2)::[lambda(float) (instance 1)], std::array<char *, (unsigned long)2>>(int, T2, T3)"
:model.layers.3.input_layernorm,PushPop,4239,4239,1,1,20544,20544.0,20544.0,20544,20544,0.0,"void at::native::elementwise_kernel<(int)128, (int)2, void at::native::gpu_kernel_impl_nocast<at::native::BinaryFunctor<float, float, float, at::native::binary_internal::MulFunctor<float>>>(at::TensorIteratorBase &, const T1 &)::[lambda(int) (instance 1)]>(int, T3)"
:model.layers.3.input_layernorm,PushPop,4239,4239,1,1,17056,17056.0,17056.0,17056,17056,0.0,"void at::native::unrolled_elementwise_kernel<at::native::direct_copy_kernel_cuda(at::TensorIteratorBase &)::[lambda() (instance 3)]::operator ()() const::[lambda() (instance 7)]::operator ()() const::[lambda(float) (instance 1)], std::array<char *, (unsigned long)2>, (int)4, TrivialOffsetCalculator<(int)1, unsigned int>, TrivialOffsetCalculator<(int)1, unsigned int>, at::native::memory::LoadWithCast<(int)1>, at::native::memory::StoreWithCast<(int)1>>(int, T1, T2, T4, T5, T6, T7)"
:model.layers.3.input_layernorm,PushPop,4239,4239,1,1,14560,14560.0,14560.0,14560,14560,0.0,"void at::native::vectorized_elementwise_kernel<(int)4, at::native::bfloat16_copy_kernel_cuda(at::TensorIteratorBase &)::[lambda(float) (instance 1)], std::array<char *, (unsigned long)2>>(int, T2, T3)"
:model.layers.3.input_layernorm,PushPop,4239,4239,1,1,13248,13248.0,13248.0,13248,13248,0.0,"void at::native::elementwise_kernel<(int)128, (int)4, void at::native::gpu_kernel_impl_nocast<at::native::BinaryFunctor<c10::BFloat16, c10::BFloat16, c10::BFloat16, at::native::binary_internal::MulFunctor<float>>>(at::TensorIteratorBase &, const T1 &)::[lambda(int) (instance 1)]>(int, T3)"
:model.layers.3.input_layernorm,PushPop,4239,4239,1,1,10816,10816.0,10816.0,10816,10816,0.0,"void at::native::reduce_kernel<(int)512, (int)1, at::native::ReduceOp<float, at::native::MeanOps<float, float, float, float>, unsigned int, float, (int)4, (int)4>>(T3)"
:model.layers.3.input_layernorm,PushPop,4239,4239,1,1,1568,1568.0,1568.0,1568,1568,0.0,"void at::native::vectorized_elementwise_kernel<(int)4, at::native::CUDAFunctorOnSelf_add<float>, std::array<char *, (unsigned long)2>>(int, T2, T3)"
:model.layers.3.input_layernorm,PushPop,4239,4239,1,1,1472,1472.0,1472.0,1472,1472,0.0,"void at::native::vectorized_elementwise_kernel<(int)4, at::native::rsqrt_kernel_cuda(at::TensorIteratorBase &)::[lambda() (instance 2)]::operator ()() const::[lambda() (instance 2)]::operator ()() const::[lambda(float) (instance 1)], std::array<char *, (unsigned long)2>>(int, T2, T3)"
:model.layers.3.mlp.act_fn,PushPop,4239,4239,1,1,31392,31392.0,31392.0,31392,31392,0.0,"void at::native::vectorized_elementwise_kernel<(int)4, at::native::<unnamed>::silu_kernel(at::TensorIteratorBase &)::[lambda() (instance 1)]::operator ()() const::[lambda() (instance 6)]::operator ()() const::[lambda(c10::BFloat16) (instance 1)], std::array<char *, (unsigned long)2>>(int, T2, T3)"
:model.layers.3.mlp.down_proj,PushPop,4239,4239,1,1,179905,179905.0,179905.0,179905,179905,0.0,ampere_bf16_s1688gemm_bf16_128x128_ldg8_f2f_stages_32x1_tn
:model.layers.3.mlp.gate_proj,PushPop,4239,4239,1,1,223937,223937.0,223937.0,223937,223937,0.0,void cutlass::Kernel2<cutlass_80_tensorop_bf16_s16816gemm_relu_bf16_256x128_32x3_tn_align8>(T1::Params)
:model.layers.3.mlp.up_proj,PushPop,4239,4239,1,1,221089,221089.0,221089.0,221089,221089,0.0,void cutlass::Kernel2<cutlass_80_tensorop_bf16_s16816gemm_relu_bf16_256x128_32x3_tn_align8>(T1::Params)
:model.layers.3.post_attention_layernorm,PushPop,4239,4239,1,1,20672,20672.0,20672.0,20672,20672,0.0,"void at::native::vectorized_elementwise_kernel<(int)4, void at::native::<unnamed>::pow_tensor_scalar_kernel_impl<float, float>(at::TensorIteratorBase &, T2)::[lambda(float) (instance 1)], std::array<char *, (unsigned long)2>>(int, T2, T3)"
:model.layers.3.post_attention_layernorm,PushPop,4239,4239,1,1,20224,20224.0,20224.0,20224,20224,0.0,"void at::native::elementwise_kernel<(int)128, (int)2, void at::native::gpu_kernel_impl_nocast<at::native::BinaryFunctor<float, float, float, at::native::binary_internal::MulFunctor<float>>>(at::TensorIteratorBase &, const T1 &)::[lambda(int) (instance 1)]>(int, T3)"
:model.layers.3.post_attention_layernorm,PushPop,4239,4239,1,1,17472,17472.0,17472.0,17472,17472,0.0,"void at::native::unrolled_elementwise_kernel<at::native::direct_copy_kernel_cuda(at::TensorIteratorBase &)::[lambda() (instance 3)]::operator ()() const::[lambda() (instance 7)]::operator ()() const::[lambda(float) (instance 1)], std::array<char *, (unsigned long)2>, (int)4, TrivialOffsetCalculator<(int)1, unsigned int>, TrivialOffsetCalculator<(int)1, unsigned int>, at::native::memory::LoadWithCast<(int)1>, at::native::memory::StoreWithCast<(int)1>>(int, T1, T2, T4, T5, T6, T7)"
:model.layers.3.post_attention_layernorm,PushPop,4239,4239,1,1,14688,14688.0,14688.0,14688,14688,0.0,"void at::native::vectorized_elementwise_kernel<(int)4, at::native::bfloat16_copy_kernel_cuda(at::TensorIteratorBase &)::[lambda(float) (instance 1)], std::array<char *, (unsigned long)2>>(int, T2, T3)"
:model.layers.3.post_attention_layernorm,PushPop,4239,4239,1,1,13152,13152.0,13152.0,13152,13152,0.0,"void at::native::elementwise_kernel<(int)128, (int)4, void at::native::gpu_kernel_impl_nocast<at::native::BinaryFunctor<c10::BFloat16, c10::BFloat16, c10::BFloat16, at::native::binary_internal::MulFunctor<float>>>(at::TensorIteratorBase &, const T1 &)::[lambda(int) (instance 1)]>(int, T3)"
:model.layers.3.post_attention_layernorm,PushPop,4239,4239,1,1,10944,10944.0,10944.0,10944,10944,0.0,"void at::native::reduce_kernel<(int)512, (int)1, at::native::ReduceOp<float, at::native::MeanOps<float, float, float, float>, unsigned int, float, (int)4, (int)4>>(T3)"
:model.layers.3.post_attention_layernorm,PushPop,4239,4239,1,1,1568,1568.0,1568.0,1568,1568,0.0,"void at::native::vectorized_elementwise_kernel<(int)4, at::native::CUDAFunctorOnSelf_add<float>, std::array<char *, (unsigned long)2>>(int, T2, T3)"
:model.layers.3.post_attention_layernorm,PushPop,4239,4239,1,1,1472,1472.0,1472.0,1472,1472,0.0,"void at::native::vectorized_elementwise_kernel<(int)4, at::native::rsqrt_kernel_cuda(at::TensorIteratorBase &)::[lambda() (instance 2)]::operator ()() const::[lambda() (instance 2)]::operator ()() const::[lambda(float) (instance 1)], std::array<char *, (unsigned long)2>>(int, T2, T3)"
:model.layers.3.self_attn.k_norm,PushPop,4239,4239,1,1,21024,21024.0,21024.0,21024,21024,0.0,"void at::native::vectorized_elementwise_kernel<(int)4, void at::native::<unnamed>::pow_tensor_scalar_kernel_impl<float, float>(at::TensorIteratorBase &, T2)::[lambda(float) (instance 1)], std::array<char *, (unsigned long)2>>(int, T2, T3)"
:model.layers.3.self_attn.k_norm,PushPop,4239,4239,1,1,20128,20128.0,20128.0,20128,20128,0.0,"void at::native::elementwise_kernel<(int)128, (int)2, void at::native::gpu_kernel_impl_nocast<at::native::BinaryFunctor<float, float, float, at::native::binary_internal::MulFunctor<float>>>(at::TensorIteratorBase &, const T1 &)::[lambda(int) (instance 1)]>(int, T3)"
:model.layers.3.self_attn.k_norm,PushPop,4239,4239,1,1,16288,16288.0,16288.0,16288,16288,0.0,"void at::native::unrolled_elementwise_kernel<at::native::direct_copy_kernel_cuda(at::TensorIteratorBase &)::[lambda() (instance 3)]::operator ()() const::[lambda() (instance 7)]::operator ()() const::[lambda(float) (instance 1)], std::array<char *, (unsigned long)2>, (int)4, TrivialOffsetCalculator<(int)1, unsigned int>, TrivialOffsetCalculator<(int)1, unsigned int>, at::native::memory::LoadWithCast<(int)1>, at::native::memory::StoreWithCast<(int)1>>(int, T1, T2, T4, T5, T6, T7)"
:model.layers.3.self_attn.k_norm,PushPop,4239,4239,1,1,15136,15136.0,15136.0,15136,15136,0.0,"void at::native::vectorized_elementwise_kernel<(int)4, at::native::bfloat16_copy_kernel_cuda(at::TensorIteratorBase &)::[lambda(float) (instance 1)], std::array<char *, (unsigned long)2>>(int, T2, T3)"
:model.layers.3.self_attn.k_norm,PushPop,4239,4239,1,1,13856,13856.0,13856.0,13856,13856,0.0,"void at::native::reduce_kernel<(int)512, (int)1, at::native::ReduceOp<float, at::native::MeanOps<float, float, float, float>, unsigned int, float, (int)4, (int)4>>(T3)"
:model.layers.3.self_attn.k_norm,PushPop,4239,4239,1,1,12704,12704.0,12704.0,12704,12704,0.0,"void at::native::elementwise_kernel<(int)128, (int)4, void at::native::gpu_kernel_impl_nocast<at::native::BinaryFunctor<c10::BFloat16, c10::BFloat16, c10::BFloat16, at::native::binary_internal::MulFunctor<float>>>(at::TensorIteratorBase &, const T1 &)::[lambda(int) (instance 1)]>(int, T3)"
:model.layers.3.self_attn.k_norm,PushPop,4239,4239,1,1,1472,1472.0,1472.0,1472,1472,0.0,"void at::native::vectorized_elementwise_kernel<(int)4, at::native::rsqrt_kernel_cuda(at::TensorIteratorBase &)::[lambda() (instance 2)]::operator ()() const::[lambda() (instance 2)]::operator ()() const::[lambda(float) (instance 1)], std::array<char *, (unsigned long)2>>(int, T2, T3)"
:model.layers.3.self_attn.k_norm,PushPop,4239,4239,1,1,1440,1440.0,1440.0,1440,1440,0.0,"void at::native::vectorized_elementwise_kernel<(int)4, at::native::CUDAFunctorOnSelf_add<float>, std::array<char *, (unsigned long)2>>(int, T2, T3)"
:model.layers.3.self_attn.k_proj,PushPop,4239,4239,1,1,74017,74017.0,74017.0,74017,74017,0.0,ampere_bf16_s16816gemm_bf16_256x128_ldg8_f2f_stages_32x3_tn
:model.layers.3.self_attn.o_proj,PushPop,4239,4239,1,1,123041,123041.0,123041.0,123041,123041,0.0,ampere_bf16_s1688gemm_bf16_128x128_ldg8_f2f_stages_32x1_tn
:model.layers.3.self_attn.q_norm,PushPop,4239,4239,1,1,41120,41120.0,41120.0,41120,41120,0.0,"void at::native::vectorized_elementwise_kernel<(int)4, void at::native::<unnamed>::pow_tensor_scalar_kernel_impl<float, float>(at::TensorIteratorBase &, T2)::[lambda(float) (instance 1)], std::array<char *, (unsigned long)2>>(int, T2, T3)"
:model.layers.3.self_attn.q_norm,PushPop,4239,4239,1,1,38624,38624.0,38624.0,38624,38624,0.0,"void at::native::elementwise_kernel<(int)128, (int)2, void at::native::gpu_kernel_impl_nocast<at::native::BinaryFunctor<float, float, float, at::native::binary_internal::MulFunctor<float>>>(at::TensorIteratorBase &, const T1 &)::[lambda(int) (instance 1)]>(int, T3)"
:model.layers.3.self_attn.q_norm,PushPop,4239,4239,1,1,32992,32992.0,32992.0,32992,32992,0.0,"void at::native::unrolled_elementwise_kernel<at::native::direct_copy_kernel_cuda(at::TensorIteratorBase &)::[lambda() (instance 3)]::operator ()() const::[lambda() (instance 7)]::operator ()() const::[lambda(float) (instance 1)], std::array<char *, (unsigned long)2>, (int)4, TrivialOffsetCalculator<(int)1, unsigned int>, TrivialOffsetCalculator<(int)1, unsigned int>, at::native::memory::LoadWithCast<(int)1>, at::native::memory::StoreWithCast<(int)1>>(int, T1, T2, T4, T5, T6, T7)"
:model.layers.3.self_attn.q_norm,PushPop,4239,4239,1,1,31904,31904.0,31904.0,31904,31904,0.0,"void at::native::vectorized_elementwise_kernel<(int)4, at::native::bfloat16_copy_kernel_cuda(at::TensorIteratorBase &)::[lambda(float) (instance 1)], std::array<char *, (unsigned long)2>>(int, T2, T3)"
:model.layers.3.self_attn.q_norm,PushPop,4239,4239,1,1,26656,26656.0,26656.0,26656,26656,0.0,"void at::native::reduce_kernel<(int)512, (int)1, at::native::ReduceOp<float, at::native::MeanOps<float, float, float, float>, unsigned int, float, (int)4, (int)4>>(T3)"
:model.layers.3.self_attn.q_norm,PushPop,4239,4239,1,1,23808,23808.0,23808.0,23808,23808,0.0,"void at::native::elementwise_kernel<(int)128, (int)4, void at::native::gpu_kernel_impl_nocast<at::native::BinaryFunctor<c10::BFloat16, c10::BFloat16, c10::BFloat16, at::native::binary_internal::MulFunctor<float>>>(at::TensorIteratorBase &, const T1 &)::[lambda(int) (instance 1)]>(int, T3)"
:model.layers.3.self_attn.q_norm,PushPop,4239,4239,1,1,1792,1792.0,1792.0,1792,1792,0.0,"void at::native::vectorized_elementwise_kernel<(int)4, at::native::CUDAFunctorOnSelf_add<float>, std::array<char *, (unsigned long)2>>(int, T2, T3)"
:model.layers.3.self_attn.q_norm,PushPop,4239,4239,1,1,1536,1536.0,1536.0,1536,1536,0.0,"void at::native::vectorized_elementwise_kernel<(int)4, at::native::rsqrt_kernel_cuda(at::TensorIteratorBase &)::[lambda() (instance 2)]::operator ()() const::[lambda() (instance 2)]::operator ()() const::[lambda(float) (instance 1)], std::array<char *, (unsigned long)2>>(int, T2, T3)"
:model.layers.3.self_attn.q_proj,PushPop,4239,4239,1,1,150369,150369.0,150369.0,150369,150369,0.0,void cutlass::Kernel2<cutlass_80_tensorop_bf16_s16816gemm_relu_bf16_256x128_32x3_tn_align8>(T1::Params)
:model.layers.3.self_attn.v_proj,PushPop,4239,4239,1,1,74048,74048.0,74048.0,74048,74048,0.0,ampere_bf16_s16816gemm_bf16_256x128_ldg8_f2f_stages_32x3_tn
:model.layers.4,PushPop,4239,4239,1,3,596833,198944.3,221312.0,151105,224416,41459.1,void cutlass::Kernel2<cutlass_80_tensorop_bf16_s16816gemm_relu_bf16_256x128_32x3_tn_align8>(T1::Params)
:model.layers.4,PushPop,4239,4239,1,1,310721,310721.0,310721.0,310721,310721,0.0,"void pytorch_flash::flash_fwd_kernel<Flash_fwd_kernel_traits<(int)128, (int)64, (int)64, (int)4, (bool)0, (bool)0, cutlass::bfloat16_t, Flash_kernel_traits<(int)128, (int)64, (int)64, (int)4, cutlass::bfloat16_t>>, (bool)0, (bool)1, (bool)0, (bool)0, (bool)1, (bool)1, (bool)0, (bool)0>(pytorch_flash::Flash_fwd_params)"
:model.layers.4,PushPop,4239,4239,1,2,303136,151568.0,151568.0,123264,179872,40027.9,ampere_bf16_s1688gemm_bf16_128x128_ldg8_f2f_stages_32x1_tn
:model.layers.4,PushPop,4239,4239,1,2,147905,73952.5,73952.5,73889,74016,89.8,ampere_bf16_s16816gemm_bf16_256x128_ldg8_f2f_stages_32x3_tn
:model.layers.4,PushPop,4239,4239,1,8,139840,17480.0,13744.0,12640,25344,5816.5,"void at::native::elementwise_kernel<(int)128, (int)4, void at::native::gpu_kernel_impl_nocast<at::native::BinaryFunctor<c10::BFloat16, c10::BFloat16, c10::BFloat16, at::native::binary_internal::MulFunctor<float>>>(at::TensorIteratorBase &, const T1 &)::[lambda(int) (instance 1)]>(int, T3)"
:model.layers.4,PushPop,4239,4239,1,4,104161,26040.3,25136.5,18240,35648,7185.7,"void at::native::<unnamed>::CatArrayBatchedCopy<at::native::<unnamed>::OpaqueType<(unsigned int)2>, unsigned int, (int)4, (int)64, (int)64>(T1 *, at::native::<unnamed>::CatArrInputTensorMetadata<T1, T2, T4, T5>, at::native::<unnamed>::TensorSizeStride<T2, (unsigned int)4>, int, T2)"
:model.layers.4,PushPop,4239,4239,1,4,103104,25776.0,20816.0,20736,40736,9973.4,"void at::native::vectorized_elementwise_kernel<(int)4, void at::native::<unnamed>::pow_tensor_scalar_kernel_impl<float, float>(at::TensorIteratorBase &, T2)::[lambda(float) (instance 1)], std::array<char *, (unsigned long)2>>(int, T2, T3)"
:model.layers.4,PushPop,4239,4239,1,4,100000,25000.0,20624.0,19680,39072,9392.1,"void at::native::elementwise_kernel<(int)128, (int)2, void at::native::gpu_kernel_impl_nocast<at::native::BinaryFunctor<float, float, float, at::native::binary_internal::MulFunctor<float>>>(at::TensorIteratorBase &, const T1 &)::[lambda(int) (instance 1)]>(int, T3)"
:model.layers.4,PushPop,4239,4239,1,4,83872,20968.0,17152.0,16512,33056,8065.4,"void at::native::unrolled_elementwise_kernel<at::native::direct_copy_kernel_cuda(at::TensorIteratorBase &)::[lambda() (instance 3)]::operator ()() const::[lambda() (instance 7)]::operator ()() const::[lambda(float) (instance 1)], std::array<char *, (unsigned long)2>, (int)4, TrivialOffsetCalculator<(int)1, unsigned int>, TrivialOffsetCalculator<(int)1, unsigned int>, at::native::memory::LoadWithCast<(int)1>, at::native::memory::StoreWithCast<(int)1>>(int, T1, T2, T4, T5, T6, T7)"
:model.layers.4,PushPop,4239,4239,1,4,76226,19056.5,14912.5,14560,31841,8525.6,"void at::native::vectorized_elementwise_kernel<(int)4, at::native::bfloat16_copy_kernel_cuda(at::TensorIteratorBase &)::[lambda(float) (instance 1)], std::array<char *, (unsigned long)2>>(int, T2, T3)"
:model.layers.4,PushPop,4239,4239,1,4,62240,15560.0,12464.0,10688,26624,7526.4,"void at::native::reduce_kernel<(int)512, (int)1, at::native::ReduceOp<float, at::native::MeanOps<float, float, float, float>, unsigned int, float, (int)4, (int)4>>(T3)"
:model.layers.4,PushPop,4239,4239,1,2,49760,24880.0,24880.0,17536,32224,10386.0,"void at::native::elementwise_kernel<(int)128, (int)4, void at::native::gpu_kernel_impl_nocast<at::native::CUDAFunctor_add<c10::BFloat16>>(at::TensorIteratorBase &, const T1 &)::[lambda(int) (instance 1)]>(int, T3)"
:model.layers.4,PushPop,4239,4239,1,1,46113,46113.0,46113.0,46113,46113,0.0,"void at::native::vectorized_elementwise_kernel<(int)4, at::native::BinaryFunctor<c10::BFloat16, c10::BFloat16, c10::BFloat16, at::native::binary_internal::MulFunctor<float>>, std::array<char *, (unsigned long)3>>(int, T2, T3)"
:model.layers.4,PushPop,4239,4239,1,1,31489,31489.0,31489.0,31489,31489,0.0,"void at::native::vectorized_elementwise_kernel<(int)4, at::native::<unnamed>::silu_kernel(at::TensorIteratorBase &)::[lambda() (instance 1)]::operator ()() const::[lambda() (instance 6)]::operator ()() const::[lambda(c10::BFloat16) (instance 1)], std::array<char *, (unsigned long)2>>(int, T2, T3)"
:model.layers.4,PushPop,4239,4239,1,2,28160,14080.0,14080.0,13888,14272,271.5,"void at::native::vectorized_elementwise_kernel<(int)4, at::native::CUDAFunctor_add<c10::BFloat16>, std::array<char *, (unsigned long)3>>(int, T2, T3)"
:model.layers.4,PushPop,4239,4239,1,2,20544,10272.0,10272.0,6816,13728,4887.5,"void at::native::elementwise_kernel<(int)128, (int)4, void at::native::gpu_kernel_impl_nocast<at::native::neg_kernel_cuda(at::TensorIteratorBase &)::[lambda() (instance 2)]::operator ()() const::[lambda() (instance 9)]::operator ()() const::[lambda(c10::BFloat16) (instance 1)]>(at::TensorIteratorBase &, const T1 &)::[lambda(int) (instance 1)]>(int, T3)"
:model.layers.4,PushPop,4239,4239,1,4,6624,1656.0,1632.0,1536,1824,131.6,"void at::native::vectorized_elementwise_kernel<(int)4, at::native::CUDAFunctorOnSelf_add<float>, std::array<char *, (unsigned long)2>>(int, T2, T3)"
:model.layers.4,PushPop,4239,4239,1,4,5952,1488.0,1472.0,1472,1536,32.0,"void at::native::vectorized_elementwise_kernel<(int)4, at::native::rsqrt_kernel_cuda(at::TensorIteratorBase &)::[lambda() (instance 2)]::operator ()() const::[lambda() (instance 2)]::operator ()() const::[lambda(float) (instance 1)], std::array<char *, (unsigned long)2>>(int, T2, T3)"
:model.layers.4.input_layernorm,PushPop,4239,4239,1,1,20800,20800.0,20800.0,20800,20800,0.0,"void at::native::vectorized_elementwise_kernel<(int)4, void at::native::<unnamed>::pow_tensor_scalar_kernel_impl<float, float>(at::TensorIteratorBase &, T2)::[lambda(float) (instance 1)], std::array<char *, (unsigned long)2>>(int, T2, T3)"
:model.layers.4.input_layernorm,PushPop,4239,4239,1,1,20544,20544.0,20544.0,20544,20544,0.0,"void at::native::elementwise_kernel<(int)128, (int)2, void at::native::gpu_kernel_impl_nocast<at::native::BinaryFunctor<float, float, float, at::native::binary_internal::MulFunctor<float>>>(at::TensorIteratorBase &, const T1 &)::[lambda(int) (instance 1)]>(int, T3)"
:model.layers.4.input_layernorm,PushPop,4239,4239,1,1,16992,16992.0,16992.0,16992,16992,0.0,"void at::native::unrolled_elementwise_kernel<at::native::direct_copy_kernel_cuda(at::TensorIteratorBase &)::[lambda() (instance 3)]::operator ()() const::[lambda() (instance 7)]::operator ()() const::[lambda(float) (instance 1)], std::array<char *, (unsigned long)2>, (int)4, TrivialOffsetCalculator<(int)1, unsigned int>, TrivialOffsetCalculator<(int)1, unsigned int>, at::native::memory::LoadWithCast<(int)1>, at::native::memory::StoreWithCast<(int)1>>(int, T1, T2, T4, T5, T6, T7)"
:model.layers.4.input_layernorm,PushPop,4239,4239,1,1,14560,14560.0,14560.0,14560,14560,0.0,"void at::native::vectorized_elementwise_kernel<(int)4, at::native::bfloat16_copy_kernel_cuda(at::TensorIteratorBase &)::[lambda(float) (instance 1)], std::array<char *, (unsigned long)2>>(int, T2, T3)"
:model.layers.4.input_layernorm,PushPop,4239,4239,1,1,13152,13152.0,13152.0,13152,13152,0.0,"void at::native::elementwise_kernel<(int)128, (int)4, void at::native::gpu_kernel_impl_nocast<at::native::BinaryFunctor<c10::BFloat16, c10::BFloat16, c10::BFloat16, at::native::binary_internal::MulFunctor<float>>>(at::TensorIteratorBase &, const T1 &)::[lambda(int) (instance 1)]>(int, T3)"
:model.layers.4.input_layernorm,PushPop,4239,4239,1,1,10944,10944.0,10944.0,10944,10944,0.0,"void at::native::reduce_kernel<(int)512, (int)1, at::native::ReduceOp<float, at::native::MeanOps<float, float, float, float>, unsigned int, float, (int)4, (int)4>>(T3)"
:model.layers.4.input_layernorm,PushPop,4239,4239,1,1,1536,1536.0,1536.0,1536,1536,0.0,"void at::native::vectorized_elementwise_kernel<(int)4, at::native::CUDAFunctorOnSelf_add<float>, std::array<char *, (unsigned long)2>>(int, T2, T3)"
:model.layers.4.input_layernorm,PushPop,4239,4239,1,1,1472,1472.0,1472.0,1472,1472,0.0,"void at::native::vectorized_elementwise_kernel<(int)4, at::native::rsqrt_kernel_cuda(at::TensorIteratorBase &)::[lambda() (instance 2)]::operator ()() const::[lambda() (instance 2)]::operator ()() const::[lambda(float) (instance 1)], std::array<char *, (unsigned long)2>>(int, T2, T3)"
:model.layers.4.mlp.act_fn,PushPop,4239,4239,1,1,31489,31489.0,31489.0,31489,31489,0.0,"void at::native::vectorized_elementwise_kernel<(int)4, at::native::<unnamed>::silu_kernel(at::TensorIteratorBase &)::[lambda() (instance 1)]::operator ()() const::[lambda() (instance 6)]::operator ()() const::[lambda(c10::BFloat16) (instance 1)], std::array<char *, (unsigned long)2>>(int, T2, T3)"
:model.layers.4.mlp.down_proj,PushPop,4239,4239,1,1,179872,179872.0,179872.0,179872,179872,0.0,ampere_bf16_s1688gemm_bf16_128x128_ldg8_f2f_stages_32x1_tn
:model.layers.4.mlp.gate_proj,PushPop,4239,4239,1,1,224416,224416.0,224416.0,224416,224416,0.0,void cutlass::Kernel2<cutlass_80_tensorop_bf16_s16816gemm_relu_bf16_256x128_32x3_tn_align8>(T1::Params)
:model.layers.4.mlp.up_proj,PushPop,4239,4239,1,1,221312,221312.0,221312.0,221312,221312,0.0,void cutlass::Kernel2<cutlass_80_tensorop_bf16_s16816gemm_relu_bf16_256x128_32x3_tn_align8>(T1::Params)
:model.layers.4.post_attention_layernorm,PushPop,4239,4239,1,1,20736,20736.0,20736.0,20736,20736,0.0,"void at::native::vectorized_elementwise_kernel<(int)4, void at::native::<unnamed>::pow_tensor_scalar_kernel_impl<float, float>(at::TensorIteratorBase &, T2)::[lambda(float) (instance 1)], std::array<char *, (unsigned long)2>>(int, T2, T3)"
:model.layers.4.post_attention_layernorm,PushPop,4239,4239,1,1,20704,20704.0,20704.0,20704,20704,0.0,"void at::native::elementwise_kernel<(int)128, (int)2, void at::native::gpu_kernel_impl_nocast<at::native::BinaryFunctor<float, float, float, at::native::binary_internal::MulFunctor<float>>>(at::TensorIteratorBase &, const T1 &)::[lambda(int) (instance 1)]>(int, T3)"
:model.layers.4.post_attention_layernorm,PushPop,4239,4239,1,1,17312,17312.0,17312.0,17312,17312,0.0,"void at::native::unrolled_elementwise_kernel<at::native::direct_copy_kernel_cuda(at::TensorIteratorBase &)::[lambda() (instance 3)]::operator ()() const::[lambda() (instance 7)]::operator ()() const::[lambda(float) (instance 1)], std::array<char *, (unsigned long)2>, (int)4, TrivialOffsetCalculator<(int)1, unsigned int>, TrivialOffsetCalculator<(int)1, unsigned int>, at::native::memory::LoadWithCast<(int)1>, at::native::memory::StoreWithCast<(int)1>>(int, T1, T2, T4, T5, T6, T7)"
:model.layers.4.post_attention_layernorm,PushPop,4239,4239,1,1,15073,15073.0,15073.0,15073,15073,0.0,"void at::native::vectorized_elementwise_kernel<(int)4, at::native::bfloat16_copy_kernel_cuda(at::TensorIteratorBase &)::[lambda(float) (instance 1)], std::array<char *, (unsigned long)2>>(int, T2, T3)"
:model.layers.4.post_attention_layernorm,PushPop,4239,4239,1,1,13152,13152.0,13152.0,13152,13152,0.0,"void at::native::elementwise_kernel<(int)128, (int)4, void at::native::gpu_kernel_impl_nocast<at::native::BinaryFunctor<c10::BFloat16, c10::BFloat16, c10::BFloat16, at::native::binary_internal::MulFunctor<float>>>(at::TensorIteratorBase &, const T1 &)::[lambda(int) (instance 1)]>(int, T3)"
:model.layers.4.post_attention_layernorm,PushPop,4239,4239,1,1,10688,10688.0,10688.0,10688,10688,0.0,"void at::native::reduce_kernel<(int)512, (int)1, at::native::ReduceOp<float, at::native::MeanOps<float, float, float, float>, unsigned int, float, (int)4, (int)4>>(T3)"
:model.layers.4.post_attention_layernorm,PushPop,4239,4239,1,1,1568,1568.0,1568.0,1568,1568,0.0,"void at::native::vectorized_elementwise_kernel<(int)4, at::native::CUDAFunctorOnSelf_add<float>, std::array<char *, (unsigned long)2>>(int, T2, T3)"
:model.layers.4.post_attention_layernorm,PushPop,4239,4239,1,1,1472,1472.0,1472.0,1472,1472,0.0,"void at::native::vectorized_elementwise_kernel<(int)4, at::native::rsqrt_kernel_cuda(at::TensorIteratorBase &)::[lambda() (instance 2)]::operator ()() const::[lambda() (instance 2)]::operator ()() const::[lambda(float) (instance 1)], std::array<char *, (unsigned long)2>>(int, T2, T3)"
:model.layers.4.self_attn.k_norm,PushPop,4239,4239,1,1,20832,20832.0,20832.0,20832,20832,0.0,"void at::native::vectorized_elementwise_kernel<(int)4, void at::native::<unnamed>::pow_tensor_scalar_kernel_impl<float, float>(at::TensorIteratorBase &, T2)::[lambda(float) (instance 1)], std::array<char *, (unsigned long)2>>(int, T2, T3)"
:model.layers.4.self_attn.k_norm,PushPop,4239,4239,1,1,19680,19680.0,19680.0,19680,19680,0.0,"void at::native::elementwise_kernel<(int)128, (int)2, void at::native::gpu_kernel_impl_nocast<at::native::BinaryFunctor<float, float, float, at::native::binary_internal::MulFunctor<float>>>(at::TensorIteratorBase &, const T1 &)::[lambda(int) (instance 1)]>(int, T3)"
:model.layers.4.self_attn.k_norm,PushPop,4239,4239,1,1,16512,16512.0,16512.0,16512,16512,0.0,"void at::native::unrolled_elementwise_kernel<at::native::direct_copy_kernel_cuda(at::TensorIteratorBase &)::[lambda() (instance 3)]::operator ()() const::[lambda() (instance 7)]::operator ()() const::[lambda(float) (instance 1)], std::array<char *, (unsigned long)2>, (int)4, TrivialOffsetCalculator<(int)1, unsigned int>, TrivialOffsetCalculator<(int)1, unsigned int>, at::native::memory::LoadWithCast<(int)1>, at::native::memory::StoreWithCast<(int)1>>(int, T1, T2, T4, T5, T6, T7)"
:model.layers.4.self_attn.k_norm,PushPop,4239,4239,1,1,14752,14752.0,14752.0,14752,14752,0.0,"void at::native::vectorized_elementwise_kernel<(int)4, at::native::bfloat16_copy_kernel_cuda(at::TensorIteratorBase &)::[lambda(float) (instance 1)], std::array<char *, (unsigned long)2>>(int, T2, T3)"
:model.layers.4.self_attn.k_norm,PushPop,4239,4239,1,1,13984,13984.0,13984.0,13984,13984,0.0,"void at::native::reduce_kernel<(int)512, (int)1, at::native::ReduceOp<float, at::native::MeanOps<float, float, float, float>, unsigned int, float, (int)4, (int)4>>(T3)"
:model.layers.4.self_attn.k_norm,PushPop,4239,4239,1,1,12640,12640.0,12640.0,12640,12640,0.0,"void at::native::elementwise_kernel<(int)128, (int)4, void at::native::gpu_kernel_impl_nocast<at::native::BinaryFunctor<c10::BFloat16, c10::BFloat16, c10::BFloat16, at::native::binary_internal::MulFunctor<float>>>(at::TensorIteratorBase &, const T1 &)::[lambda(int) (instance 1)]>(int, T3)"
:model.layers.4.self_attn.k_norm,PushPop,4239,4239,1,1,1696,1696.0,1696.0,1696,1696,0.0,"void at::native::vectorized_elementwise_kernel<(int)4, at::native::CUDAFunctorOnSelf_add<float>, std::array<char *, (unsigned long)2>>(int, T2, T3)"
:model.layers.4.self_attn.k_norm,PushPop,4239,4239,1,1,1472,1472.0,1472.0,1472,1472,0.0,"void at::native::vectorized_elementwise_kernel<(int)4, at::native::rsqrt_kernel_cuda(at::TensorIteratorBase &)::[lambda() (instance 2)]::operator ()() const::[lambda() (instance 2)]::operator ()() const::[lambda(float) (instance 1)], std::array<char *, (unsigned long)2>>(int, T2, T3)"
:model.layers.4.self_attn.k_proj,PushPop,4239,4239,1,1,74016,74016.0,74016.0,74016,74016,0.0,ampere_bf16_s16816gemm_bf16_256x128_ldg8_f2f_stages_32x3_tn
:model.layers.4.self_attn.o_proj,PushPop,4239,4239,1,1,123264,123264.0,123264.0,123264,123264,0.0,ampere_bf16_s1688gemm_bf16_128x128_ldg8_f2f_stages_32x1_tn
:model.layers.4.self_attn.q_norm,PushPop,4239,4239,1,1,40736,40736.0,40736.0,40736,40736,0.0,"void at::native::vectorized_elementwise_kernel<(int)4, void at::native::<unnamed>::pow_tensor_scalar_kernel_impl<float, float>(at::TensorIteratorBase &, T2)::[lambda(float) (instance 1)], std::array<char *, (unsigned long)2>>(int, T2, T3)"
:model.layers.4.self_attn.q_norm,PushPop,4239,4239,1,1,39072,39072.0,39072.0,39072,39072,0.0,"void at::native::elementwise_kernel<(int)128, (int)2, void at::native::gpu_kernel_impl_nocast<at::native::BinaryFunctor<float, float, float, at::native::binary_internal::MulFunctor<float>>>(at::TensorIteratorBase &, const T1 &)::[lambda(int) (instance 1)]>(int, T3)"
:model.layers.4.self_attn.q_norm,PushPop,4239,4239,1,1,33056,33056.0,33056.0,33056,33056,0.0,"void at::native::unrolled_elementwise_kernel<at::native::direct_copy_kernel_cuda(at::TensorIteratorBase &)::[lambda() (instance 3)]::operator ()() const::[lambda() (instance 7)]::operator ()() const::[lambda(float) (instance 1)], std::array<char *, (unsigned long)2>, (int)4, TrivialOffsetCalculator<(int)1, unsigned int>, TrivialOffsetCalculator<(int)1, unsigned int>, at::native::memory::LoadWithCast<(int)1>, at::native::memory::StoreWithCast<(int)1>>(int, T1, T2, T4, T5, T6, T7)"
:model.layers.4.self_attn.q_norm,PushPop,4239,4239,1,1,31841,31841.0,31841.0,31841,31841,0.0,"void at::native::vectorized_elementwise_kernel<(int)4, at::native::bfloat16_copy_kernel_cuda(at::TensorIteratorBase &)::[lambda(float) (instance 1)], std::array<char *, (unsigned long)2>>(int, T2, T3)"
:model.layers.4.self_attn.q_norm,PushPop,4239,4239,1,1,26624,26624.0,26624.0,26624,26624,0.0,"void at::native::reduce_kernel<(int)512, (int)1, at::native::ReduceOp<float, at::native::MeanOps<float, float, float, float>, unsigned int, float, (int)4, (int)4>>(T3)"
:model.layers.4.self_attn.q_norm,PushPop,4239,4239,1,1,23776,23776.0,23776.0,23776,23776,0.0,"void at::native::elementwise_kernel<(int)128, (int)4, void at::native::gpu_kernel_impl_nocast<at::native::BinaryFunctor<c10::BFloat16, c10::BFloat16, c10::BFloat16, at::native::binary_internal::MulFunctor<float>>>(at::TensorIteratorBase &, const T1 &)::[lambda(int) (instance 1)]>(int, T3)"
:model.layers.4.self_attn.q_norm,PushPop,4239,4239,1,1,1824,1824.0,1824.0,1824,1824,0.0,"void at::native::vectorized_elementwise_kernel<(int)4, at::native::CUDAFunctorOnSelf_add<float>, std::array<char *, (unsigned long)2>>(int, T2, T3)"
:model.layers.4.self_attn.q_norm,PushPop,4239,4239,1,1,1536,1536.0,1536.0,1536,1536,0.0,"void at::native::vectorized_elementwise_kernel<(int)4, at::native::rsqrt_kernel_cuda(at::TensorIteratorBase &)::[lambda() (instance 2)]::operator ()() const::[lambda() (instance 2)]::operator ()() const::[lambda(float) (instance 1)], std::array<char *, (unsigned long)2>>(int, T2, T3)"
:model.layers.4.self_attn.q_proj,PushPop,4239,4239,1,1,151105,151105.0,151105.0,151105,151105,0.0,void cutlass::Kernel2<cutlass_80_tensorop_bf16_s16816gemm_relu_bf16_256x128_32x3_tn_align8>(T1::Params)
:model.layers.4.self_attn.v_proj,PushPop,4239,4239,1,1,73889,73889.0,73889.0,73889,73889,0.0,ampere_bf16_s16816gemm_bf16_256x128_ldg8_f2f_stages_32x3_tn
:model.layers.5,PushPop,4239,4239,1,3,596482,198827.3,221377.0,150816,224289,41604.5,void cutlass::Kernel2<cutlass_80_tensorop_bf16_s16816gemm_relu_bf16_256x128_32x3_tn_align8>(T1::Params)
:model.layers.5,PushPop,4239,4239,1,1,316033,316033.0,316033.0,316033,316033,0.0,"void pytorch_flash::flash_fwd_kernel<Flash_fwd_kernel_traits<(int)128, (int)64, (int)64, (int)4, (bool)0, (bool)0, cutlass::bfloat16_t, Flash_kernel_traits<(int)128, (int)64, (int)64, (int)4, cutlass::bfloat16_t>>, (bool)0, (bool)1, (bool)0, (bool)0, (bool)1, (bool)1, (bool)0, (bool)0>(pytorch_flash::Flash_fwd_params)"
:model.layers.5,PushPop,4239,4239,1,2,303136,151568.0,151568.0,123232,179904,40073.2,ampere_bf16_s1688gemm_bf16_128x128_ldg8_f2f_stages_32x1_tn
:model.layers.5,PushPop,4239,4239,1,2,147968,73984.0,73984.0,73952,74016,45.3,ampere_bf16_s16816gemm_bf16_256x128_ldg8_f2f_stages_32x3_tn
:model.layers.5,PushPop,4239,4239,1,8,140000,17500.0,13744.0,12768,25280,5799.6,"void at::native::elementwise_kernel<(int)128, (int)4, void at::native::gpu_kernel_impl_nocast<at::native::BinaryFunctor<c10::BFloat16, c10::BFloat16, c10::BFloat16, at::native::binary_internal::MulFunctor<float>>>(at::TensorIteratorBase &, const T1 &)::[lambda(int) (instance 1)]>(int, T3)"
:model.layers.5,PushPop,4239,4239,1,4,104256,26064.0,21024.0,20448,41760,10470.8,"void at::native::vectorized_elementwise_kernel<(int)4, void at::native::<unnamed>::pow_tensor_scalar_kernel_impl<float, float>(at::TensorIteratorBase &, T2)::[lambda(float) (instance 1)], std::array<char *, (unsigned long)2>>(int, T2, T3)"
:model.layers.5,PushPop,4239,4239,1,4,104033,26008.3,24848.0,18241,36096,7411.7,"void at::native::<unnamed>::CatArrayBatchedCopy<at::native::<unnamed>::OpaqueType<(unsigned int)2>, unsigned int, (int)4, (int)64, (int)64>(T1 *, at::native::<unnamed>::CatArrInputTensorMetadata<T1, T2, T4, T5>, at::native::<unnamed>::TensorSizeStride<T2, (unsigned int)4>, int, T2)"
:model.layers.5,PushPop,4239,4239,1,4,99521,24880.3,20416.5,20064,38624,9164.6,"void at::native::elementwise_kernel<(int)128, (int)2, void at::native::gpu_kernel_impl_nocast<at::native::BinaryFunctor<float, float, float, at::native::binary_internal::MulFunctor<float>>>(at::TensorIteratorBase &, const T1 &)::[lambda(int) (instance 1)]>(int, T3)"
:model.layers.5,PushPop,4239,4239,1,4,84673,21168.3,17440.5,16640,33152,7998.2,"void at::native::unrolled_elementwise_kernel<at::native::direct_copy_kernel_cuda(at::TensorIteratorBase &)::[lambda() (instance 3)]::operator ()() const::[lambda() (instance 7)]::operator ()() const::[lambda(float) (instance 1)], std::array<char *, (unsigned long)2>, (int)4, TrivialOffsetCalculator<(int)1, unsigned int>, TrivialOffsetCalculator<(int)1, unsigned int>, at::native::memory::LoadWithCast<(int)1>, at::native::memory::StoreWithCast<(int)1>>(int, T1, T2, T4, T5, T6, T7)"
:model.layers.5,PushPop,4239,4239,1,4,75585,18896.3,14640.5,14624,31680,8522.5,"void at::native::vectorized_elementwise_kernel<(int)4, at::native::bfloat16_copy_kernel_cuda(at::TensorIteratorBase &)::[lambda(float) (instance 1)], std::array<char *, (unsigned long)2>>(int, T2, T3)"
:model.layers.5,PushPop,4239,4239,1,4,62145,15536.3,12448.0,10688,26561,7520.3,"void at::native::reduce_kernel<(int)512, (int)1, at::native::ReduceOp<float, at::native::MeanOps<float, float, float, float>, unsigned int, float, (int)4, (int)4>>(T3)"
:model.layers.5,PushPop,4239,4239,1,2,49440,24720.0,24720.0,17184,32256,10657.5,"void at::native::elementwise_kernel<(int)128, (int)4, void at::native::gpu_kernel_impl_nocast<at::native::CUDAFunctor_add<c10::BFloat16>>(at::TensorIteratorBase &, const T1 &)::[lambda(int) (instance 1)]>(int, T3)"
:model.layers.5,PushPop,4239,4239,1,1,46176,46176.0,46176.0,46176,46176,0.0,"void at::native::vectorized_elementwise_kernel<(int)4, at::native::BinaryFunctor<c10::BFloat16, c10::BFloat16, c10::BFloat16, at::native::binary_internal::MulFunctor<float>>, std::array<char *, (unsigned long)3>>(int, T2, T3)"
:model.layers.5,PushPop,4239,4239,1,1,31392,31392.0,31392.0,31392,31392,0.0,"void at::native::vectorized_elementwise_kernel<(int)4, at::native::<unnamed>::silu_kernel(at::TensorIteratorBase &)::[lambda() (instance 1)]::operator ()() const::[lambda() (instance 6)]::operator ()() const::[lambda(c10::BFloat16) (instance 1)], std::array<char *, (unsigned long)2>>(int, T2, T3)"
:model.layers.5,PushPop,4239,4239,1,2,27777,13888.5,13888.5,13856,13921,46.0,"void at::native::vectorized_elementwise_kernel<(int)4, at::native::CUDAFunctor_add<c10::BFloat16>, std::array<char *, (unsigned long)3>>(int, T2, T3)"
:model.layers.5,PushPop,4239,4239,1,2,20544,10272.0,10272.0,7008,13536,4616.0,"void at::native::elementwise_kernel<(int)128, (int)4, void at::native::gpu_kernel_impl_nocast<at::native::neg_kernel_cuda(at::TensorIteratorBase &)::[lambda() (instance 2)]::operator ()() const::[lambda() (instance 9)]::operator ()() const::[lambda(c10::BFloat16) (instance 1)]>(at::TensorIteratorBase &, const T1 &)::[lambda(int) (instance 1)]>(int, T3)"
:model.layers.5,PushPop,4239,4239,1,4,6592,1648.0,1568.0,1440,2016,252.6,"void at::native::vectorized_elementwise_kernel<(int)4, at::native::CUDAFunctorOnSelf_add<float>, std::array<char *, (unsigned long)2>>(int, T2, T3)"
:model.layers.5,PushPop,4239,4239,1,4,5920,1480.0,1472.0,1472,1504,16.0,"void at::native::vectorized_elementwise_kernel<(int)4, at::native::rsqrt_kernel_cuda(at::TensorIteratorBase &)::[lambda() (instance 2)]::operator ()() const::[lambda() (instance 2)]::operator ()() const::[lambda(float) (instance 1)], std::array<char *, (unsigned long)2>>(int, T2, T3)"
:model.layers.5.input_layernorm,PushPop,4239,4239,1,1,21344,21344.0,21344.0,21344,21344,0.0,"void at::native::vectorized_elementwise_kernel<(int)4, void at::native::<unnamed>::pow_tensor_scalar_kernel_impl<float, float>(at::TensorIteratorBase &, T2)::[lambda(float) (instance 1)], std::array<char *, (unsigned long)2>>(int, T2, T3)"
:model.layers.5.input_layernorm,PushPop,4239,4239,1,1,20545,20545.0,20545.0,20545,20545,0.0,"void at::native::elementwise_kernel<(int)128, (int)2, void at::native::gpu_kernel_impl_nocast<at::native::BinaryFunctor<float, float, float, at::native::binary_internal::MulFunctor<float>>>(at::TensorIteratorBase &, const T1 &)::[lambda(int) (instance 1)]>(int, T3)"
:model.layers.5.input_layernorm,PushPop,4239,4239,1,1,17504,17504.0,17504.0,17504,17504,0.0,"void at::native::unrolled_elementwise_kernel<at::native::direct_copy_kernel_cuda(at::TensorIteratorBase &)::[lambda() (instance 3)]::operator ()() const::[lambda() (instance 7)]::operator ()() const::[lambda(float) (instance 1)], std::array<char *, (unsigned long)2>, (int)4, TrivialOffsetCalculator<(int)1, unsigned int>, TrivialOffsetCalculator<(int)1, unsigned int>, at::native::memory::LoadWithCast<(int)1>, at::native::memory::StoreWithCast<(int)1>>(int, T1, T2, T4, T5, T6, T7)"
:model.layers.5.input_layernorm,PushPop,4239,4239,1,1,14656,14656.0,14656.0,14656,14656,0.0,"void at::native::vectorized_elementwise_kernel<(int)4, at::native::bfloat16_copy_kernel_cuda(at::TensorIteratorBase &)::[lambda(float) (instance 1)], std::array<char *, (unsigned long)2>>(int, T2, T3)"
:model.layers.5.input_layernorm,PushPop,4239,4239,1,1,13184,13184.0,13184.0,13184,13184,0.0,"void at::native::elementwise_kernel<(int)128, (int)4, void at::native::gpu_kernel_impl_nocast<at::native::BinaryFunctor<c10::BFloat16, c10::BFloat16, c10::BFloat16, at::native::binary_internal::MulFunctor<float>>>(at::TensorIteratorBase &, const T1 &)::[lambda(int) (instance 1)]>(int, T3)"
:model.layers.5.input_layernorm,PushPop,4239,4239,1,1,10784,10784.0,10784.0,10784,10784,0.0,"void at::native::reduce_kernel<(int)512, (int)1, at::native::ReduceOp<float, at::native::MeanOps<float, float, float, float>, unsigned int, float, (int)4, (int)4>>(T3)"
:model.layers.5.input_layernorm,PushPop,4239,4239,1,1,1568,1568.0,1568.0,1568,1568,0.0,"void at::native::vectorized_elementwise_kernel<(int)4, at::native::CUDAFunctorOnSelf_add<float>, std::array<char *, (unsigned long)2>>(int, T2, T3)"
:model.layers.5.input_layernorm,PushPop,4239,4239,1,1,1472,1472.0,1472.0,1472,1472,0.0,"void at::native::vectorized_elementwise_kernel<(int)4, at::native::rsqrt_kernel_cuda(at::TensorIteratorBase &)::[lambda() (instance 2)]::operator ()() const::[lambda() (instance 2)]::operator ()() const::[lambda(float) (instance 1)], std::array<char *, (unsigned long)2>>(int, T2, T3)"
:model.layers.5.mlp.act_fn,PushPop,4239,4239,1,1,31392,31392.0,31392.0,31392,31392,0.0,"void at::native::vectorized_elementwise_kernel<(int)4, at::native::<unnamed>::silu_kernel(at::TensorIteratorBase &)::[lambda() (instance 1)]::operator ()() const::[lambda() (instance 6)]::operator ()() const::[lambda(c10::BFloat16) (instance 1)], std::array<char *, (unsigned long)2>>(int, T2, T3)"
:model.layers.5.mlp.down_proj,PushPop,4239,4239,1,1,179904,179904.0,179904.0,179904,179904,0.0,ampere_bf16_s1688gemm_bf16_128x128_ldg8_f2f_stages_32x1_tn
:model.layers.5.mlp.gate_proj,PushPop,4239,4239,1,1,224289,224289.0,224289.0,224289,224289,0.0,void cutlass::Kernel2<cutlass_80_tensorop_bf16_s16816gemm_relu_bf16_256x128_32x3_tn_align8>(T1::Params)
:model.layers.5.mlp.up_proj,PushPop,4239,4239,1,1,221377,221377.0,221377.0,221377,221377,0.0,void cutlass::Kernel2<cutlass_80_tensorop_bf16_s16816gemm_relu_bf16_256x128_32x3_tn_align8>(T1::Params)
:model.layers.5.post_attention_layernorm,PushPop,4239,4239,1,1,20704,20704.0,20704.0,20704,20704,0.0,"void at::native::vectorized_elementwise_kernel<(int)4, void at::native::<unnamed>::pow_tensor_scalar_kernel_impl<float, float>(at::TensorIteratorBase &, T2)::[lambda(float) (instance 1)], std::array<char *, (unsigned long)2>>(int, T2, T3)"
:model.layers.5.post_attention_layernorm,PushPop,4239,4239,1,1,20288,20288.0,20288.0,20288,20288,0.0,"void at::native::elementwise_kernel<(int)128, (int)2, void at::native::gpu_kernel_impl_nocast<at::native::BinaryFunctor<float, float, float, at::native::binary_internal::MulFunctor<float>>>(at::TensorIteratorBase &, const T1 &)::[lambda(int) (instance 1)]>(int, T3)"
:model.layers.5.post_attention_layernorm,PushPop,4239,4239,1,1,17377,17377.0,17377.0,17377,17377,0.0,"void at::native::unrolled_elementwise_kernel<at::native::direct_copy_kernel_cuda(at::TensorIteratorBase &)::[lambda() (instance 3)]::operator ()() const::[lambda() (instance 7)]::operator ()() const::[lambda(float) (instance 1)], std::array<char *, (unsigned long)2>, (int)4, TrivialOffsetCalculator<(int)1, unsigned int>, TrivialOffsetCalculator<(int)1, unsigned int>, at::native::memory::LoadWithCast<(int)1>, at::native::memory::StoreWithCast<(int)1>>(int, T1, T2, T4, T5, T6, T7)"
:model.layers.5.post_attention_layernorm,PushPop,4239,4239,1,1,14624,14624.0,14624.0,14624,14624,0.0,"void at::native::vectorized_elementwise_kernel<(int)4, at::native::bfloat16_copy_kernel_cuda(at::TensorIteratorBase &)::[lambda(float) (instance 1)], std::array<char *, (unsigned long)2>>(int, T2, T3)"
:model.layers.5.post_attention_layernorm,PushPop,4239,4239,1,1,13152,13152.0,13152.0,13152,13152,0.0,"void at::native::elementwise_kernel<(int)128, (int)4, void at::native::gpu_kernel_impl_nocast<at::native::BinaryFunctor<c10::BFloat16, c10::BFloat16, c10::BFloat16, at::native::binary_internal::MulFunctor<float>>>(at::TensorIteratorBase &, const T1 &)::[lambda(int) (instance 1)]>(int, T3)"
:model.layers.5.post_attention_layernorm,PushPop,4239,4239,1,1,10688,10688.0,10688.0,10688,10688,0.0,"void at::native::reduce_kernel<(int)512, (int)1, at::native::ReduceOp<float, at::native::MeanOps<float, float, float, float>, unsigned int, float, (int)4, (int)4>>(T3)"
:model.layers.5.post_attention_layernorm,PushPop,4239,4239,1,1,1568,1568.0,1568.0,1568,1568,0.0,"void at::native::vectorized_elementwise_kernel<(int)4, at::native::CUDAFunctorOnSelf_add<float>, std::array<char *, (unsigned long)2>>(int, T2, T3)"
:model.layers.5.post_attention_layernorm,PushPop,4239,4239,1,1,1472,1472.0,1472.0,1472,1472,0.0,"void at::native::vectorized_elementwise_kernel<(int)4, at::native::rsqrt_kernel_cuda(at::TensorIteratorBase &)::[lambda() (instance 2)]::operator ()() const::[lambda() (instance 2)]::operator ()() const::[lambda(float) (instance 1)], std::array<char *, (unsigned long)2>>(int, T2, T3)"
:model.layers.5.self_attn.k_norm,PushPop,4239,4239,1,1,20448,20448.0,20448.0,20448,20448,0.0,"void at::native::vectorized_elementwise_kernel<(int)4, void at::native::<unnamed>::pow_tensor_scalar_kernel_impl<float, float>(at::TensorIteratorBase &, T2)::[lambda(float) (instance 1)], std::array<char *, (unsigned long)2>>(int, T2, T3)"
:model.layers.5.self_attn.k_norm,PushPop,4239,4239,1,1,20064,20064.0,20064.0,20064,20064,0.0,"void at::native::elementwise_kernel<(int)128, (int)2, void at::native::gpu_kernel_impl_nocast<at::native::BinaryFunctor<float, float, float, at::native::binary_internal::MulFunctor<float>>>(at::TensorIteratorBase &, const T1 &)::[lambda(int) (instance 1)]>(int, T3)"
:model.layers.5.self_attn.k_norm,PushPop,4239,4239,1,1,16640,16640.0,16640.0,16640,16640,0.0,"void at::native::unrolled_elementwise_kernel<at::native::direct_copy_kernel_cuda(at::TensorIteratorBase &)::[lambda() (instance 3)]::operator ()() const::[lambda() (instance 7)]::operator ()() const::[lambda(float) (instance 1)], std::array<char *, (unsigned long)2>, (int)4, TrivialOffsetCalculator<(int)1, unsigned int>, TrivialOffsetCalculator<(int)1, unsigned int>, at::native::memory::LoadWithCast<(int)1>, at::native::memory::StoreWithCast<(int)1>>(int, T1, T2, T4, T5, T6, T7)"
:model.layers.5.self_attn.k_norm,PushPop,4239,4239,1,1,14625,14625.0,14625.0,14625,14625,0.0,"void at::native::vectorized_elementwise_kernel<(int)4, at::native::bfloat16_copy_kernel_cuda(at::TensorIteratorBase &)::[lambda(float) (instance 1)], std::array<char *, (unsigned long)2>>(int, T2, T3)"
:model.layers.5.self_attn.k_norm,PushPop,4239,4239,1,1,14112,14112.0,14112.0,14112,14112,0.0,"void at::native::reduce_kernel<(int)512, (int)1, at::native::ReduceOp<float, at::native::MeanOps<float, float, float, float>, unsigned int, float, (int)4, (int)4>>(T3)"
:model.layers.5.self_attn.k_norm,PushPop,4239,4239,1,1,12768,12768.0,12768.0,12768,12768,0.0,"void at::native::elementwise_kernel<(int)128, (int)4, void at::native::gpu_kernel_impl_nocast<at::native::BinaryFunctor<c10::BFloat16, c10::BFloat16, c10::BFloat16, at::native::binary_internal::MulFunctor<float>>>(at::TensorIteratorBase &, const T1 &)::[lambda(int) (instance 1)]>(int, T3)"
:model.layers.5.self_attn.k_norm,PushPop,4239,4239,1,1,1472,1472.0,1472.0,1472,1472,0.0,"void at::native::vectorized_elementwise_kernel<(int)4, at::native::rsqrt_kernel_cuda(at::TensorIteratorBase &)::[lambda() (instance 2)]::operator ()() const::[lambda() (instance 2)]::operator ()() const::[lambda(float) (instance 1)], std::array<char *, (unsigned long)2>>(int, T2, T3)"
:model.layers.5.self_attn.k_norm,PushPop,4239,4239,1,1,1440,1440.0,1440.0,1440,1440,0.0,"void at::native::vectorized_elementwise_kernel<(int)4, at::native::CUDAFunctorOnSelf_add<float>, std::array<char *, (unsigned long)2>>(int, T2, T3)"
:model.layers.5.self_attn.k_proj,PushPop,4239,4239,1,1,74016,74016.0,74016.0,74016,74016,0.0,ampere_bf16_s16816gemm_bf16_256x128_ldg8_f2f_stages_32x3_tn
:model.layers.5.self_attn.o_proj,PushPop,4239,4239,1,1,123232,123232.0,123232.0,123232,123232,0.0,ampere_bf16_s1688gemm_bf16_128x128_ldg8_f2f_stages_32x1_tn
:model.layers.5.self_attn.q_norm,PushPop,4239,4239,1,1,41760,41760.0,41760.0,41760,41760,0.0,"void at::native::vectorized_elementwise_kernel<(int)4, void at::native::<unnamed>::pow_tensor_scalar_kernel_impl<float, float>(at::TensorIteratorBase &, T2)::[lambda(float) (instance 1)], std::array<char *, (unsigned long)2>>(int, T2, T3)"
:model.layers.5.self_attn.q_norm,PushPop,4239,4239,1,1,38624,38624.0,38624.0,38624,38624,0.0,"void at::native::elementwise_kernel<(int)128, (int)2, void at::native::gpu_kernel_impl_nocast<at::native::BinaryFunctor<float, float, float, at::native::binary_internal::MulFunctor<float>>>(at::TensorIteratorBase &, const T1 &)::[lambda(int) (instance 1)]>(int, T3)"
:model.layers.5.self_attn.q_norm,PushPop,4239,4239,1,1,33152,33152.0,33152.0,33152,33152,0.0,"void at::native::unrolled_elementwise_kernel<at::native::direct_copy_kernel_cuda(at::TensorIteratorBase &)::[lambda() (instance 3)]::operator ()() const::[lambda() (instance 7)]::operator ()() const::[lambda(float) (instance 1)], std::array<char *, (unsigned long)2>, (int)4, TrivialOffsetCalculator<(int)1, unsigned int>, TrivialOffsetCalculator<(int)1, unsigned int>, at::native::memory::LoadWithCast<(int)1>, at::native::memory::StoreWithCast<(int)1>>(int, T1, T2, T4, T5, T6, T7)"
:model.layers.5.self_attn.q_norm,PushPop,4239,4239,1,1,31680,31680.0,31680.0,31680,31680,0.0,"void at::native::vectorized_elementwise_kernel<(int)4, at::native::bfloat16_copy_kernel_cuda(at::TensorIteratorBase &)::[lambda(float) (instance 1)], std::array<char *, (unsigned long)2>>(int, T2, T3)"
:model.layers.5.self_attn.q_norm,PushPop,4239,4239,1,1,26561,26561.0,26561.0,26561,26561,0.0,"void at::native::reduce_kernel<(int)512, (int)1, at::native::ReduceOp<float, at::native::MeanOps<float, float, float, float>, unsigned int, float, (int)4, (int)4>>(T3)"
:model.layers.5.self_attn.q_norm,PushPop,4239,4239,1,1,23904,23904.0,23904.0,23904,23904,0.0,"void at::native::elementwise_kernel<(int)128, (int)4, void at::native::gpu_kernel_impl_nocast<at::native::BinaryFunctor<c10::BFloat16, c10::BFloat16, c10::BFloat16, at::native::binary_internal::MulFunctor<float>>>(at::TensorIteratorBase &, const T1 &)::[lambda(int) (instance 1)]>(int, T3)"
:model.layers.5.self_attn.q_norm,PushPop,4239,4239,1,1,2016,2016.0,2016.0,2016,2016,0.0,"void at::native::vectorized_elementwise_kernel<(int)4, at::native::CUDAFunctorOnSelf_add<float>, std::array<char *, (unsigned long)2>>(int, T2, T3)"
:model.layers.5.self_attn.q_norm,PushPop,4239,4239,1,1,1504,1504.0,1504.0,1504,1504,0.0,"void at::native::vectorized_elementwise_kernel<(int)4, at::native::rsqrt_kernel_cuda(at::TensorIteratorBase &)::[lambda() (instance 2)]::operator ()() const::[lambda() (instance 2)]::operator ()() const::[lambda(float) (instance 1)], std::array<char *, (unsigned long)2>>(int, T2, T3)"
:model.layers.5.self_attn.q_proj,PushPop,4239,4239,1,1,150816,150816.0,150816.0,150816,150816,0.0,void cutlass::Kernel2<cutlass_80_tensorop_bf16_s16816gemm_relu_bf16_256x128_32x3_tn_align8>(T1::Params)
:model.layers.5.self_attn.v_proj,PushPop,4239,4239,1,1,73952,73952.0,73952.0,73952,73952,0.0,ampere_bf16_s16816gemm_bf16_256x128_ldg8_f2f_stages_32x3_tn
:model.layers.6,PushPop,4239,4239,1,3,596418,198806.0,221504.0,150561,224353,41805.7,void cutlass::Kernel2<cutlass_80_tensorop_bf16_s16816gemm_relu_bf16_256x128_32x3_tn_align8>(T1::Params)
:model.layers.6,PushPop,4239,4239,1,1,321537,321537.0,321537.0,321537,321537,0.0,"void pytorch_flash::flash_fwd_kernel<Flash_fwd_kernel_traits<(int)128, (int)64, (int)64, (int)4, (bool)0, (bool)0, cutlass::bfloat16_t, Flash_kernel_traits<(int)128, (int)64, (int)64, (int)4, cutlass::bfloat16_t>>, (bool)0, (bool)1, (bool)0, (bool)0, (bool)1, (bool)1, (bool)0, (bool)0>(pytorch_flash::Flash_fwd_params)"
:model.layers.6,PushPop,4239,4239,1,2,302880,151440.0,151440.0,123104,179776,40073.2,ampere_bf16_s1688gemm_bf16_128x128_ldg8_f2f_stages_32x1_tn
:model.layers.6,PushPop,4239,4239,1,2,148225,74112.5,74112.5,74081,74144,44.5,ampere_bf16_s16816gemm_bf16_256x128_ldg8_f2f_stages_32x3_tn
:model.layers.6,PushPop,4239,4239,1,8,139904,17488.0,13728.0,12768,25344,5790.3,"void at::native::elementwise_kernel<(int)128, (int)4, void at::native::gpu_kernel_impl_nocast<at::native::BinaryFunctor<c10::BFloat16, c10::BFloat16, c10::BFloat16, at::native::binary_internal::MulFunctor<float>>>(at::TensorIteratorBase &, const T1 &)::[lambda(int) (instance 1)]>(int, T3)"
:model.layers.6,PushPop,4239,4239,1,4,104033,26008.3,25040.5,18176,35776,7271.6,"void at::native::<unnamed>::CatArrayBatchedCopy<at::native::<unnamed>::OpaqueType<(unsigned int)2>, unsigned int, (int)4, (int)64, (int)64>(T1 *, at::native::<unnamed>::CatArrInputTensorMetadata<T1, T2, T4, T5>, at::native::<unnamed>::TensorSizeStride<T2, (unsigned int)4>, int, T2)"
:model.layers.6,PushPop,4239,4239,1,4,103200,25800.0,20768.0,20576,41088,10192.9,"void at::native::vectorized_elementwise_kernel<(int)4, void at::native::<unnamed>::pow_tensor_scalar_kernel_impl<float, float>(at::TensorIteratorBase &, T2)::[lambda(float) (instance 1)], std::array<char *, (unsigned long)2>>(int, T2, T3)"
:model.layers.6,PushPop,4239,4239,1,4,99585,24896.3,20336.0,19680,39233,9562.9,"void at::native::elementwise_kernel<(int)128, (int)2, void at::native::gpu_kernel_impl_nocast<at::native::BinaryFunctor<float, float, float, at::native::binary_internal::MulFunctor<float>>>(at::TensorIteratorBase &, const T1 &)::[lambda(int) (instance 1)]>(int, T3)"
:model.layers.6,PushPop,4239,4239,1,4,83840,20960.0,17296.0,16320,32928,7992.4,"void at::native::unrolled_elementwise_kernel<at::native::direct_copy_kernel_cuda(at::TensorIteratorBase &)::[lambda() (instance 3)]::operator ()() const::[lambda() (instance 7)]::operator ()() const::[lambda(float) (instance 1)], std::array<char *, (unsigned long)2>, (int)4, TrivialOffsetCalculator<(int)1, unsigned int>, TrivialOffsetCalculator<(int)1, unsigned int>, at::native::memory::LoadWithCast<(int)1>, at::native::memory::StoreWithCast<(int)1>>(int, T1, T2, T4, T5, T6, T7)"
:model.layers.6,PushPop,4239,4239,1,4,74880,18720.0,14512.0,14272,31584,8577.6,"void at::native::vectorized_elementwise_kernel<(int)4, at::native::bfloat16_copy_kernel_cuda(at::TensorIteratorBase &)::[lambda(float) (instance 1)], std::array<char *, (unsigned long)2>>(int, T2, T3)"
:model.layers.6,PushPop,4239,4239,1,4,62144,15536.0,12432.0,10656,26624,7555.4,"void at::native::reduce_kernel<(int)512, (int)1, at::native::ReduceOp<float, at::native::MeanOps<float, float, float, float>, unsigned int, float, (int)4, (int)4>>(T3)"
:model.layers.6,PushPop,4239,4239,1,2,49728,24864.0,24864.0,17376,32352,10589.6,"void at::native::elementwise_kernel<(int)128, (int)4, void at::native::gpu_kernel_impl_nocast<at::native::CUDAFunctor_add<c10::BFloat16>>(at::TensorIteratorBase &, const T1 &)::[lambda(int) (instance 1)]>(int, T3)"
:model.layers.6,PushPop,4239,4239,1,1,46465,46465.0,46465.0,46465,46465,0.0,"void at::native::vectorized_elementwise_kernel<(int)4, at::native::BinaryFunctor<c10::BFloat16, c10::BFloat16, c10::BFloat16, at::native::binary_internal::MulFunctor<float>>, std::array<char *, (unsigned long)3>>(int, T2, T3)"
:model.layers.6,PushPop,4239,4239,1,1,31296,31296.0,31296.0,31296,31296,0.0,"void at::native::vectorized_elementwise_kernel<(int)4, at::native::<unnamed>::silu_kernel(at::TensorIteratorBase &)::[lambda() (instance 1)]::operator ()() const::[lambda() (instance 6)]::operator ()() const::[lambda(c10::BFloat16) (instance 1)], std::array<char *, (unsigned long)2>>(int, T2, T3)"
:model.layers.6,PushPop,4239,4239,1,2,27616,13808.0,13808.0,13696,13920,158.4,"void at::native::vectorized_elementwise_kernel<(int)4, at::native::CUDAFunctor_add<c10::BFloat16>, std::array<char *, (unsigned long)3>>(int, T2, T3)"
:model.layers.6,PushPop,4239,4239,1,2,20608,10304.0,10304.0,6976,13632,4706.5,"void at::native::elementwise_kernel<(int)128, (int)4, void at::native::gpu_kernel_impl_nocast<at::native::neg_kernel_cuda(at::TensorIteratorBase &)::[lambda() (instance 2)]::operator ()() const::[lambda() (instance 9)]::operator ()() const::[lambda(c10::BFloat16) (instance 1)]>(at::TensorIteratorBase &, const T1 &)::[lambda(int) (instance 1)]>(int, T3)"
:model.layers.6,PushPop,4239,4239,1,4,6336,1584.0,1568.0,1440,1760,134.5,"void at::native::vectorized_elementwise_kernel<(int)4, at::native::CUDAFunctorOnSelf_add<float>, std::array<char *, (unsigned long)2>>(int, T2, T3)"
:model.layers.6,PushPop,4239,4239,1,4,5920,1480.0,1488.0,1440,1504,30.6,"void at::native::vectorized_elementwise_kernel<(int)4, at::native::rsqrt_kernel_cuda(at::TensorIteratorBase &)::[lambda() (instance 2)]::operator ()() const::[lambda() (instance 2)]::operator ()() const::[lambda(float) (instance 1)], std::array<char *, (unsigned long)2>>(int, T2, T3)"
:model.layers.6.input_layernorm,PushPop,4239,4239,1,1,20640,20640.0,20640.0,20640,20640,0.0,"void at::native::vectorized_elementwise_kernel<(int)4, void at::native::<unnamed>::pow_tensor_scalar_kernel_impl<float, float>(at::TensorIteratorBase &, T2)::[lambda(float) (instance 1)], std::array<char *, (unsigned long)2>>(int, T2, T3)"
:model.layers.6.input_layernorm,PushPop,4239,4239,1,1,20288,20288.0,20288.0,20288,20288,0.0,"void at::native::elementwise_kernel<(int)128, (int)2, void at::native::gpu_kernel_impl_nocast<at::native::BinaryFunctor<float, float, float, at::native::binary_internal::MulFunctor<float>>>(at::TensorIteratorBase &, const T1 &)::[lambda(int) (instance 1)]>(int, T3)"
:model.layers.6.input_layernorm,PushPop,4239,4239,1,1,17184,17184.0,17184.0,17184,17184,0.0,"void at::native::unrolled_elementwise_kernel<at::native::direct_copy_kernel_cuda(at::TensorIteratorBase &)::[lambda() (instance 3)]::operator ()() const::[lambda() (instance 7)]::operator ()() const::[lambda(float) (instance 1)], std::array<char *, (unsigned long)2>, (int)4, TrivialOffsetCalculator<(int)1, unsigned int>, TrivialOffsetCalculator<(int)1, unsigned int>, at::native::memory::LoadWithCast<(int)1>, at::native::memory::StoreWithCast<(int)1>>(int, T1, T2, T4, T5, T6, T7)"
:model.layers.6.input_layernorm,PushPop,4239,4239,1,1,14656,14656.0,14656.0,14656,14656,0.0,"void at::native::vectorized_elementwise_kernel<(int)4, at::native::bfloat16_copy_kernel_cuda(at::TensorIteratorBase &)::[lambda(float) (instance 1)], std::array<char *, (unsigned long)2>>(int, T2, T3)"
:model.layers.6.input_layernorm,PushPop,4239,4239,1,1,13216,13216.0,13216.0,13216,13216,0.0,"void at::native::elementwise_kernel<(int)128, (int)4, void at::native::gpu_kernel_impl_nocast<at::native::BinaryFunctor<c10::BFloat16, c10::BFloat16, c10::BFloat16, at::native::binary_internal::MulFunctor<float>>>(at::TensorIteratorBase &, const T1 &)::[lambda(int) (instance 1)]>(int, T3)"
:model.layers.6.input_layernorm,PushPop,4239,4239,1,1,10816,10816.0,10816.0,10816,10816,0.0,"void at::native::reduce_kernel<(int)512, (int)1, at::native::ReduceOp<float, at::native::MeanOps<float, float, float, float>, unsigned int, float, (int)4, (int)4>>(T3)"
:model.layers.6.input_layernorm,PushPop,4239,4239,1,1,1536,1536.0,1536.0,1536,1536,0.0,"void at::native::vectorized_elementwise_kernel<(int)4, at::native::CUDAFunctorOnSelf_add<float>, std::array<char *, (unsigned long)2>>(int, T2, T3)"
:model.layers.6.input_layernorm,PushPop,4239,4239,1,1,1472,1472.0,1472.0,1472,1472,0.0,"void at::native::vectorized_elementwise_kernel<(int)4, at::native::rsqrt_kernel_cuda(at::TensorIteratorBase &)::[lambda() (instance 2)]::operator ()() const::[lambda() (instance 2)]::operator ()() const::[lambda(float) (instance 1)], std::array<char *, (unsigned long)2>>(int, T2, T3)"
:model.layers.6.mlp.act_fn,PushPop,4239,4239,1,1,31296,31296.0,31296.0,31296,31296,0.0,"void at::native::vectorized_elementwise_kernel<(int)4, at::native::<unnamed>::silu_kernel(at::TensorIteratorBase &)::[lambda() (instance 1)]::operator ()() const::[lambda() (instance 6)]::operator ()() const::[lambda(c10::BFloat16) (instance 1)], std::array<char *, (unsigned long)2>>(int, T2, T3)"
:model.layers.6.mlp.down_proj,PushPop,4239,4239,1,1,179776,179776.0,179776.0,179776,179776,0.0,ampere_bf16_s1688gemm_bf16_128x128_ldg8_f2f_stages_32x1_tn
:model.layers.6.mlp.gate_proj,PushPop,4239,4239,1,1,224353,224353.0,224353.0,224353,224353,0.0,void cutlass::Kernel2<cutlass_80_tensorop_bf16_s16816gemm_relu_bf16_256x128_32x3_tn_align8>(T1::Params)
:model.layers.6.mlp.up_proj,PushPop,4239,4239,1,1,221504,221504.0,221504.0,221504,221504,0.0,void cutlass::Kernel2<cutlass_80_tensorop_bf16_s16816gemm_relu_bf16_256x128_32x3_tn_align8>(T1::Params)
:model.layers.6.post_attention_layernorm,PushPop,4239,4239,1,1,20576,20576.0,20576.0,20576,20576,0.0,"void at::native::vectorized_elementwise_kernel<(int)4, void at::native::<unnamed>::pow_tensor_scalar_kernel_impl<float, float>(at::TensorIteratorBase &, T2)::[lambda(float) (instance 1)], std::array<char *, (unsigned long)2>>(int, T2, T3)"
:model.layers.6.post_attention_layernorm,PushPop,4239,4239,1,1,20384,20384.0,20384.0,20384,20384,0.0,"void at::native::elementwise_kernel<(int)128, (int)2, void at::native::gpu_kernel_impl_nocast<at::native::BinaryFunctor<float, float, float, at::native::binary_internal::MulFunctor<float>>>(at::TensorIteratorBase &, const T1 &)::[lambda(int) (instance 1)]>(int, T3)"
:model.layers.6.post_attention_layernorm,PushPop,4239,4239,1,1,17408,17408.0,17408.0,17408,17408,0.0,"void at::native::unrolled_elementwise_kernel<at::native::direct_copy_kernel_cuda(at::TensorIteratorBase &)::[lambda() (instance 3)]::operator ()() const::[lambda() (instance 7)]::operator ()() const::[lambda(float) (instance 1)], std::array<char *, (unsigned long)2>, (int)4, TrivialOffsetCalculator<(int)1, unsigned int>, TrivialOffsetCalculator<(int)1, unsigned int>, at::native::memory::LoadWithCast<(int)1>, at::native::memory::StoreWithCast<(int)1>>(int, T1, T2, T4, T5, T6, T7)"
:model.layers.6.post_attention_layernorm,PushPop,4239,4239,1,1,14368,14368.0,14368.0,14368,14368,0.0,"void at::native::vectorized_elementwise_kernel<(int)4, at::native::bfloat16_copy_kernel_cuda(at::TensorIteratorBase &)::[lambda(float) (instance 1)], std::array<char *, (unsigned long)2>>(int, T2, T3)"
:model.layers.6.post_attention_layernorm,PushPop,4239,4239,1,1,13120,13120.0,13120.0,13120,13120,0.0,"void at::native::elementwise_kernel<(int)128, (int)4, void at::native::gpu_kernel_impl_nocast<at::native::BinaryFunctor<c10::BFloat16, c10::BFloat16, c10::BFloat16, at::native::binary_internal::MulFunctor<float>>>(at::TensorIteratorBase &, const T1 &)::[lambda(int) (instance 1)]>(int, T3)"
:model.layers.6.post_attention_layernorm,PushPop,4239,4239,1,1,10656,10656.0,10656.0,10656,10656,0.0,"void at::native::reduce_kernel<(int)512, (int)1, at::native::ReduceOp<float, at::native::MeanOps<float, float, float, float>, unsigned int, float, (int)4, (int)4>>(T3)"
:model.layers.6.post_attention_layernorm,PushPop,4239,4239,1,1,1600,1600.0,1600.0,1600,1600,0.0,"void at::native::vectorized_elementwise_kernel<(int)4, at::native::CUDAFunctorOnSelf_add<float>, std::array<char *, (unsigned long)2>>(int, T2, T3)"
:model.layers.6.post_attention_layernorm,PushPop,4239,4239,1,1,1440,1440.0,1440.0,1440,1440,0.0,"void at::native::vectorized_elementwise_kernel<(int)4, at::native::rsqrt_kernel_cuda(at::TensorIteratorBase &)::[lambda() (instance 2)]::operator ()() const::[lambda() (instance 2)]::operator ()() const::[lambda(float) (instance 1)], std::array<char *, (unsigned long)2>>(int, T2, T3)"
:model.layers.6.self_attn.k_norm,PushPop,4239,4239,1,1,20896,20896.0,20896.0,20896,20896,0.0,"void at::native::vectorized_elementwise_kernel<(int)4, void at::native::<unnamed>::pow_tensor_scalar_kernel_impl<float, float>(at::TensorIteratorBase &, T2)::[lambda(float) (instance 1)], std::array<char *, (unsigned long)2>>(int, T2, T3)"
:model.layers.6.self_attn.k_norm,PushPop,4239,4239,1,1,19680,19680.0,19680.0,19680,19680,0.0,"void at::native::elementwise_kernel<(int)128, (int)2, void at::native::gpu_kernel_impl_nocast<at::native::BinaryFunctor<float, float, float, at::native::binary_internal::MulFunctor<float>>>(at::TensorIteratorBase &, const T1 &)::[lambda(int) (instance 1)]>(int, T3)"
:model.layers.6.self_attn.k_norm,PushPop,4239,4239,1,1,16320,16320.0,16320.0,16320,16320,0.0,"void at::native::unrolled_elementwise_kernel<at::native::direct_copy_kernel_cuda(at::TensorIteratorBase &)::[lambda() (instance 3)]::operator ()() const::[lambda() (instance 7)]::operator ()() const::[lambda(float) (instance 1)], std::array<char *, (unsigned long)2>, (int)4, TrivialOffsetCalculator<(int)1, unsigned int>, TrivialOffsetCalculator<(int)1, unsigned int>, at::native::memory::LoadWithCast<(int)1>, at::native::memory::StoreWithCast<(int)1>>(int, T1, T2, T4, T5, T6, T7)"
:model.layers.6.self_attn.k_norm,PushPop,4239,4239,1,1,14272,14272.0,14272.0,14272,14272,0.0,"void at::native::vectorized_elementwise_kernel<(int)4, at::native::bfloat16_copy_kernel_cuda(at::TensorIteratorBase &)::[lambda(float) (instance 1)], std::array<char *, (unsigned long)2>>(int, T2, T3)"
:model.layers.6.self_attn.k_norm,PushPop,4239,4239,1,1,14048,14048.0,14048.0,14048,14048,0.0,"void at::native::reduce_kernel<(int)512, (int)1, at::native::ReduceOp<float, at::native::MeanOps<float, float, float, float>, unsigned int, float, (int)4, (int)4>>(T3)"
:model.layers.6.self_attn.k_norm,PushPop,4239,4239,1,1,12768,12768.0,12768.0,12768,12768,0.0,"void at::native::elementwise_kernel<(int)128, (int)4, void at::native::gpu_kernel_impl_nocast<at::native::BinaryFunctor<c10::BFloat16, c10::BFloat16, c10::BFloat16, at::native::binary_internal::MulFunctor<float>>>(at::TensorIteratorBase &, const T1 &)::[lambda(int) (instance 1)]>(int, T3)"
:model.layers.6.self_attn.k_norm,PushPop,4239,4239,1,1,1504,1504.0,1504.0,1504,1504,0.0,"void at::native::vectorized_elementwise_kernel<(int)4, at::native::rsqrt_kernel_cuda(at::TensorIteratorBase &)::[lambda() (instance 2)]::operator ()() const::[lambda() (instance 2)]::operator ()() const::[lambda(float) (instance 1)], std::array<char *, (unsigned long)2>>(int, T2, T3)"
:model.layers.6.self_attn.k_norm,PushPop,4239,4239,1,1,1440,1440.0,1440.0,1440,1440,0.0,"void at::native::vectorized_elementwise_kernel<(int)4, at::native::CUDAFunctorOnSelf_add<float>, std::array<char *, (unsigned long)2>>(int, T2, T3)"
:model.layers.6.self_attn.k_proj,PushPop,4239,4239,1,1,74144,74144.0,74144.0,74144,74144,0.0,ampere_bf16_s16816gemm_bf16_256x128_ldg8_f2f_stages_32x3_tn
:model.layers.6.self_attn.o_proj,PushPop,4239,4239,1,1,123104,123104.0,123104.0,123104,123104,0.0,ampere_bf16_s1688gemm_bf16_128x128_ldg8_f2f_stages_32x1_tn
:model.layers.6.self_attn.q_norm,PushPop,4239,4239,1,1,41088,41088.0,41088.0,41088,41088,0.0,"void at::native::vectorized_elementwise_kernel<(int)4, void at::native::<unnamed>::pow_tensor_scalar_kernel_impl<float, float>(at::TensorIteratorBase &, T2)::[lambda(float) (instance 1)], std::array<char *, (unsigned long)2>>(int, T2, T3)"
:model.layers.6.self_attn.q_norm,PushPop,4239,4239,1,1,39233,39233.0,39233.0,39233,39233,0.0,"void at::native::elementwise_kernel<(int)128, (int)2, void at::native::gpu_kernel_impl_nocast<at::native::BinaryFunctor<float, float, float, at::native::binary_internal::MulFunctor<float>>>(at::TensorIteratorBase &, const T1 &)::[lambda(int) (instance 1)]>(int, T3)"
:model.layers.6.self_attn.q_norm,PushPop,4239,4239,1,1,32928,32928.0,32928.0,32928,32928,0.0,"void at::native::unrolled_elementwise_kernel<at::native::direct_copy_kernel_cuda(at::TensorIteratorBase &)::[lambda() (instance 3)]::operator ()() const::[lambda() (instance 7)]::operator ()() const::[lambda(float) (instance 1)], std::array<char *, (unsigned long)2>, (int)4, TrivialOffsetCalculator<(int)1, unsigned int>, TrivialOffsetCalculator<(int)1, unsigned int>, at::native::memory::LoadWithCast<(int)1>, at::native::memory::StoreWithCast<(int)1>>(int, T1, T2, T4, T5, T6, T7)"
:model.layers.6.self_attn.q_norm,PushPop,4239,4239,1,1,31584,31584.0,31584.0,31584,31584,0.0,"void at::native::vectorized_elementwise_kernel<(int)4, at::native::bfloat16_copy_kernel_cuda(at::TensorIteratorBase &)::[lambda(float) (instance 1)], std::array<char *, (unsigned long)2>>(int, T2, T3)"
:model.layers.6.self_attn.q_norm,PushPop,4239,4239,1,1,26624,26624.0,26624.0,26624,26624,0.0,"void at::native::reduce_kernel<(int)512, (int)1, at::native::ReduceOp<float, at::native::MeanOps<float, float, float, float>, unsigned int, float, (int)4, (int)4>>(T3)"
:model.layers.6.self_attn.q_norm,PushPop,4239,4239,1,1,23872,23872.0,23872.0,23872,23872,0.0,"void at::native::elementwise_kernel<(int)128, (int)4, void at::native::gpu_kernel_impl_nocast<at::native::BinaryFunctor<c10::BFloat16, c10::BFloat16, c10::BFloat16, at::native::binary_internal::MulFunctor<float>>>(at::TensorIteratorBase &, const T1 &)::[lambda(int) (instance 1)]>(int, T3)"
:model.layers.6.self_attn.q_norm,PushPop,4239,4239,1,1,1760,1760.0,1760.0,1760,1760,0.0,"void at::native::vectorized_elementwise_kernel<(int)4, at::native::CUDAFunctorOnSelf_add<float>, std::array<char *, (unsigned long)2>>(int, T2, T3)"
:model.layers.6.self_attn.q_norm,PushPop,4239,4239,1,1,1504,1504.0,1504.0,1504,1504,0.0,"void at::native::vectorized_elementwise_kernel<(int)4, at::native::rsqrt_kernel_cuda(at::TensorIteratorBase &)::[lambda() (instance 2)]::operator ()() const::[lambda() (instance 2)]::operator ()() const::[lambda(float) (instance 1)], std::array<char *, (unsigned long)2>>(int, T2, T3)"
:model.layers.6.self_attn.q_proj,PushPop,4239,4239,1,1,150561,150561.0,150561.0,150561,150561,0.0,void cutlass::Kernel2<cutlass_80_tensorop_bf16_s16816gemm_relu_bf16_256x128_32x3_tn_align8>(T1::Params)
:model.layers.6.self_attn.v_proj,PushPop,4239,4239,1,1,74081,74081.0,74081.0,74081,74081,0.0,ampere_bf16_s16816gemm_bf16_256x128_ldg8_f2f_stages_32x3_tn
:model.layers.7,PushPop,4239,4239,1,3,595650,198550.0,221249.0,150432,223969,41693.6,void cutlass::Kernel2<cutlass_80_tensorop_bf16_s16816gemm_relu_bf16_256x128_32x3_tn_align8>(T1::Params)
:model.layers.7,PushPop,4239,4239,1,1,317761,317761.0,317761.0,317761,317761,0.0,"void pytorch_flash::flash_fwd_kernel<Flash_fwd_kernel_traits<(int)128, (int)64, (int)64, (int)4, (bool)0, (bool)0, cutlass::bfloat16_t, Flash_kernel_traits<(int)128, (int)64, (int)64, (int)4, cutlass::bfloat16_t>>, (bool)0, (bool)1, (bool)0, (bool)0, (bool)1, (bool)1, (bool)0, (bool)0>(pytorch_flash::Flash_fwd_params)"
:model.layers.7,PushPop,4239,4239,1,2,302594,151297.0,151297.0,122849,179745,40231.5,ampere_bf16_s1688gemm_bf16_128x128_ldg8_f2f_stages_32x1_tn
:model.layers.7,PushPop,4239,4239,1,2,148096,74048.0,74048.0,73984,74112,90.5,ampere_bf16_s16816gemm_bf16_256x128_ldg8_f2f_stages_32x3_tn
:model.layers.7,PushPop,4239,4239,1,8,139520,17440.0,13680.0,12672,25280,5846.4,"void at::native::elementwise_kernel<(int)128, (int)4, void at::native::gpu_kernel_impl_nocast<at::native::BinaryFunctor<c10::BFloat16, c10::BFloat16, c10::BFloat16, at::native::binary_internal::MulFunctor<float>>>(at::TensorIteratorBase &, const T1 &)::[lambda(int) (instance 1)]>(int, T3)"
:model.layers.7,PushPop,4239,4239,1,4,103682,25920.5,20816.5,20640,41409,10326.7,"void at::native::vectorized_elementwise_kernel<(int)4, void at::native::<unnamed>::pow_tensor_scalar_kernel_impl<float, float>(at::TensorIteratorBase &, T2)::[lambda(float) (instance 1)], std::array<char *, (unsigned long)2>>(int, T2, T3)"
:model.layers.7,PushPop,4239,4239,1,4,103680,25920.0,24880.0,18144,35776,7298.3,"void at::native::<unnamed>::CatArrayBatchedCopy<at::native::<unnamed>::OpaqueType<(unsigned int)2>, unsigned int, (int)4, (int)64, (int)64>(T1 *, at::native::<unnamed>::CatArrInputTensorMetadata<T1, T2, T4, T5>, at::native::<unnamed>::TensorSizeStride<T2, (unsigned int)4>, int, T2)"
:model.layers.7,PushPop,4239,4239,1,4,98816,24704.0,20352.0,19648,38464,9179.3,"void at::native::elementwise_kernel<(int)128, (int)2, void at::native::gpu_kernel_impl_nocast<at::native::BinaryFunctor<float, float, float, at::native::binary_internal::MulFunctor<float>>>(at::TensorIteratorBase &, const T1 &)::[lambda(int) (instance 1)]>(int, T3)"
:model.layers.7,PushPop,4239,4239,1,4,84032,21008.0,17328.0,16448,32928,7957.8,"void at::native::unrolled_elementwise_kernel<at::native::direct_copy_kernel_cuda(at::TensorIteratorBase &)::[lambda() (instance 3)]::operator ()() const::[lambda() (instance 7)]::operator ()() const::[lambda(float) (instance 1)], std::array<char *, (unsigned long)2>, (int)4, TrivialOffsetCalculator<(int)1, unsigned int>, TrivialOffsetCalculator<(int)1, unsigned int>, at::native::memory::LoadWithCast<(int)1>, at::native::memory::StoreWithCast<(int)1>>(int, T1, T2, T4, T5, T6, T7)"
:model.layers.7,PushPop,4239,4239,1,4,74912,18728.0,14576.0,14432,31328,8400.4,"void at::native::vectorized_elementwise_kernel<(int)4, at::native::bfloat16_copy_kernel_cuda(at::TensorIteratorBase &)::[lambda(float) (instance 1)], std::array<char *, (unsigned long)2>>(int, T2, T3)"
:model.layers.7,PushPop,4239,4239,1,4,62433,15608.3,12496.5,10848,26592,7463.2,"void at::native::reduce_kernel<(int)512, (int)1, at::native::ReduceOp<float, at::native::MeanOps<float, float, float, float>, unsigned int, float, (int)4, (int)4>>(T3)"
:model.layers.7,PushPop,4239,4239,1,2,49857,24928.5,24928.5,17504,32353,10499.8,"void at::native::elementwise_kernel<(int)128, (int)4, void at::native::gpu_kernel_impl_nocast<at::native::CUDAFunctor_add<c10::BFloat16>>(at::TensorIteratorBase &, const T1 &)::[lambda(int) (instance 1)]>(int, T3)"
:model.layers.7,PushPop,4239,4239,1,1,45760,45760.0,45760.0,45760,45760,0.0,"void at::native::vectorized_elementwise_kernel<(int)4, at::native::BinaryFunctor<c10::BFloat16, c10::BFloat16, c10::BFloat16, at::native::binary_internal::MulFunctor<float>>, std::array<char *, (unsigned long)3>>(int, T2, T3)"
:model.layers.7,PushPop,4239,4239,1,1,31264,31264.0,31264.0,31264,31264,0.0,"void at::native::vectorized_elementwise_kernel<(int)4, at::native::<unnamed>::silu_kernel(at::TensorIteratorBase &)::[lambda() (instance 1)]::operator ()() const::[lambda() (instance 6)]::operator ()() const::[lambda(c10::BFloat16) (instance 1)], std::array<char *, (unsigned long)2>>(int, T2, T3)"
:model.layers.7,PushPop,4239,4239,1,2,28032,14016.0,14016.0,13888,14144,181.0,"void at::native::vectorized_elementwise_kernel<(int)4, at::native::CUDAFunctor_add<c10::BFloat16>, std::array<char *, (unsigned long)3>>(int, T2, T3)"
:model.layers.7,PushPop,4239,4239,1,2,20288,10144.0,10144.0,6752,13536,4797.0,"void at::native::elementwise_kernel<(int)128, (int)4, void at::native::gpu_kernel_impl_nocast<at::native::neg_kernel_cuda(at::TensorIteratorBase &)::[lambda() (instance 2)]::operator ()() const::[lambda() (instance 9)]::operator ()() const::[lambda(c10::BFloat16) (instance 1)]>(at::TensorIteratorBase &, const T1 &)::[lambda(int) (instance 1)]>(int, T3)"
:model.layers.7,PushPop,4239,4239,1,4,6368,1592.0,1536.0,1440,1856,183.6,"void at::native::vectorized_elementwise_kernel<(int)4, at::native::CUDAFunctorOnSelf_add<float>, std::array<char *, (unsigned long)2>>(int, T2, T3)"
:model.layers.7,PushPop,4239,4239,1,4,5952,1488.0,1472.0,1440,1568,55.4,"void at::native::vectorized_elementwise_kernel<(int)4, at::native::rsqrt_kernel_cuda(at::TensorIteratorBase &)::[lambda() (instance 2)]::operator ()() const::[lambda() (instance 2)]::operator ()() const::[lambda(float) (instance 1)], std::array<char *, (unsigned long)2>>(int, T2, T3)"
:model.layers.7.input_layernorm,PushPop,4239,4239,1,1,20673,20673.0,20673.0,20673,20673,0.0,"void at::native::vectorized_elementwise_kernel<(int)4, void at::native::<unnamed>::pow_tensor_scalar_kernel_impl<float, float>(at::TensorIteratorBase &, T2)::[lambda(float) (instance 1)], std::array<char *, (unsigned long)2>>(int, T2, T3)"
:model.layers.7.input_layernorm,PushPop,4239,4239,1,1,20352,20352.0,20352.0,20352,20352,0.0,"void at::native::elementwise_kernel<(int)128, (int)2, void at::native::gpu_kernel_impl_nocast<at::native::BinaryFunctor<float, float, float, at::native::binary_internal::MulFunctor<float>>>(at::TensorIteratorBase &, const T1 &)::[lambda(int) (instance 1)]>(int, T3)"
:model.layers.7.input_layernorm,PushPop,4239,4239,1,1,17248,17248.0,17248.0,17248,17248,0.0,"void at::native::unrolled_elementwise_kernel<at::native::direct_copy_kernel_cuda(at::TensorIteratorBase &)::[lambda() (instance 3)]::operator ()() const::[lambda() (instance 7)]::operator ()() const::[lambda(float) (instance 1)], std::array<char *, (unsigned long)2>, (int)4, TrivialOffsetCalculator<(int)1, unsigned int>, TrivialOffsetCalculator<(int)1, unsigned int>, at::native::memory::LoadWithCast<(int)1>, at::native::memory::StoreWithCast<(int)1>>(int, T1, T2, T4, T5, T6, T7)"
:model.layers.7.input_layernorm,PushPop,4239,4239,1,1,14624,14624.0,14624.0,14624,14624,0.0,"void at::native::vectorized_elementwise_kernel<(int)4, at::native::bfloat16_copy_kernel_cuda(at::TensorIteratorBase &)::[lambda(float) (instance 1)], std::array<char *, (unsigned long)2>>(int, T2, T3)"
:model.layers.7.input_layernorm,PushPop,4239,4239,1,1,12928,12928.0,12928.0,12928,12928,0.0,"void at::native::elementwise_kernel<(int)128, (int)4, void at::native::gpu_kernel_impl_nocast<at::native::BinaryFunctor<c10::BFloat16, c10::BFloat16, c10::BFloat16, at::native::binary_internal::MulFunctor<float>>>(at::TensorIteratorBase &, const T1 &)::[lambda(int) (instance 1)]>(int, T3)"
:model.layers.7.input_layernorm,PushPop,4239,4239,1,1,11008,11008.0,11008.0,11008,11008,0.0,"void at::native::reduce_kernel<(int)512, (int)1, at::native::ReduceOp<float, at::native::MeanOps<float, float, float, float>, unsigned int, float, (int)4, (int)4>>(T3)"
:model.layers.7.input_layernorm,PushPop,4239,4239,1,1,1568,1568.0,1568.0,1568,1568,0.0,"void at::native::vectorized_elementwise_kernel<(int)4, at::native::CUDAFunctorOnSelf_add<float>, std::array<char *, (unsigned long)2>>(int, T2, T3)"
:model.layers.7.input_layernorm,PushPop,4239,4239,1,1,1440,1440.0,1440.0,1440,1440,0.0,"void at::native::vectorized_elementwise_kernel<(int)4, at::native::rsqrt_kernel_cuda(at::TensorIteratorBase &)::[lambda() (instance 2)]::operator ()() const::[lambda() (instance 2)]::operator ()() const::[lambda(float) (instance 1)], std::array<char *, (unsigned long)2>>(int, T2, T3)"
:model.layers.7.mlp.act_fn,PushPop,4239,4239,1,1,31264,31264.0,31264.0,31264,31264,0.0,"void at::native::vectorized_elementwise_kernel<(int)4, at::native::<unnamed>::silu_kernel(at::TensorIteratorBase &)::[lambda() (instance 1)]::operator ()() const::[lambda() (instance 6)]::operator ()() const::[lambda(c10::BFloat16) (instance 1)], std::array<char *, (unsigned long)2>>(int, T2, T3)"
:model.layers.7.mlp.down_proj,PushPop,4239,4239,1,1,179745,179745.0,179745.0,179745,179745,0.0,ampere_bf16_s1688gemm_bf16_128x128_ldg8_f2f_stages_32x1_tn
:model.layers.7.mlp.gate_proj,PushPop,4239,4239,1,1,223969,223969.0,223969.0,223969,223969,0.0,void cutlass::Kernel2<cutlass_80_tensorop_bf16_s16816gemm_relu_bf16_256x128_32x3_tn_align8>(T1::Params)
:model.layers.7.mlp.up_proj,PushPop,4239,4239,1,1,221249,221249.0,221249.0,221249,221249,0.0,void cutlass::Kernel2<cutlass_80_tensorop_bf16_s16816gemm_relu_bf16_256x128_32x3_tn_align8>(T1::Params)
:model.layers.7.post_attention_layernorm,PushPop,4239,4239,1,1,20960,20960.0,20960.0,20960,20960,0.0,"void at::native::vectorized_elementwise_kernel<(int)4, void at::native::<unnamed>::pow_tensor_scalar_kernel_impl<float, float>(at::TensorIteratorBase &, T2)::[lambda(float) (instance 1)], std::array<char *, (unsigned long)2>>(int, T2, T3)"
:model.layers.7.post_attention_layernorm,PushPop,4239,4239,1,1,20352,20352.0,20352.0,20352,20352,0.0,"void at::native::elementwise_kernel<(int)128, (int)2, void at::native::gpu_kernel_impl_nocast<at::native::BinaryFunctor<float, float, float, at::native::binary_internal::MulFunctor<float>>>(at::TensorIteratorBase &, const T1 &)::[lambda(int) (instance 1)]>(int, T3)"
:model.layers.7.post_attention_layernorm,PushPop,4239,4239,1,1,17408,17408.0,17408.0,17408,17408,0.0,"void at::native::unrolled_elementwise_kernel<at::native::direct_copy_kernel_cuda(at::TensorIteratorBase &)::[lambda() (instance 3)]::operator ()() const::[lambda() (instance 7)]::operator ()() const::[lambda(float) (instance 1)], std::array<char *, (unsigned long)2>, (int)4, TrivialOffsetCalculator<(int)1, unsigned int>, TrivialOffsetCalculator<(int)1, unsigned int>, at::native::memory::LoadWithCast<(int)1>, at::native::memory::StoreWithCast<(int)1>>(int, T1, T2, T4, T5, T6, T7)"
:model.layers.7.post_attention_layernorm,PushPop,4239,4239,1,1,14528,14528.0,14528.0,14528,14528,0.0,"void at::native::vectorized_elementwise_kernel<(int)4, at::native::bfloat16_copy_kernel_cuda(at::TensorIteratorBase &)::[lambda(float) (instance 1)], std::array<char *, (unsigned long)2>>(int, T2, T3)"
:model.layers.7.post_attention_layernorm,PushPop,4239,4239,1,1,13152,13152.0,13152.0,13152,13152,0.0,"void at::native::elementwise_kernel<(int)128, (int)4, void at::native::gpu_kernel_impl_nocast<at::native::BinaryFunctor<c10::BFloat16, c10::BFloat16, c10::BFloat16, at::native::binary_internal::MulFunctor<float>>>(at::TensorIteratorBase &, const T1 &)::[lambda(int) (instance 1)]>(int, T3)"
:model.layers.7.post_attention_layernorm,PushPop,4239,4239,1,1,10848,10848.0,10848.0,10848,10848,0.0,"void at::native::reduce_kernel<(int)512, (int)1, at::native::ReduceOp<float, at::native::MeanOps<float, float, float, float>, unsigned int, float, (int)4, (int)4>>(T3)"
:model.layers.7.post_attention_layernorm,PushPop,4239,4239,1,1,1472,1472.0,1472.0,1472,1472,0.0,"void at::native::vectorized_elementwise_kernel<(int)4, at::native::rsqrt_kernel_cuda(at::TensorIteratorBase &)::[lambda() (instance 2)]::operator ()() const::[lambda() (instance 2)]::operator ()() const::[lambda(float) (instance 1)], std::array<char *, (unsigned long)2>>(int, T2, T3)"
:model.layers.7.post_attention_layernorm,PushPop,4239,4239,1,1,1440,1440.0,1440.0,1440,1440,0.0,"void at::native::vectorized_elementwise_kernel<(int)4, at::native::CUDAFunctorOnSelf_add<float>, std::array<char *, (unsigned long)2>>(int, T2, T3)"
:model.layers.7.self_attn.k_norm,PushPop,4239,4239,1,1,20640,20640.0,20640.0,20640,20640,0.0,"void at::native::vectorized_elementwise_kernel<(int)4, void at::native::<unnamed>::pow_tensor_scalar_kernel_impl<float, float>(at::TensorIteratorBase &, T2)::[lambda(float) (instance 1)], std::array<char *, (unsigned long)2>>(int, T2, T3)"
:model.layers.7.self_attn.k_norm,PushPop,4239,4239,1,1,19648,19648.0,19648.0,19648,19648,0.0,"void at::native::elementwise_kernel<(int)128, (int)2, void at::native::gpu_kernel_impl_nocast<at::native::BinaryFunctor<float, float, float, at::native::binary_internal::MulFunctor<float>>>(at::TensorIteratorBase &, const T1 &)::[lambda(int) (instance 1)]>(int, T3)"
:model.layers.7.self_attn.k_norm,PushPop,4239,4239,1,1,16448,16448.0,16448.0,16448,16448,0.0,"void at::native::unrolled_elementwise_kernel<at::native::direct_copy_kernel_cuda(at::TensorIteratorBase &)::[lambda() (instance 3)]::operator ()() const::[lambda() (instance 7)]::operator ()() const::[lambda(float) (instance 1)], std::array<char *, (unsigned long)2>, (int)4, TrivialOffsetCalculator<(int)1, unsigned int>, TrivialOffsetCalculator<(int)1, unsigned int>, at::native::memory::LoadWithCast<(int)1>, at::native::memory::StoreWithCast<(int)1>>(int, T1, T2, T4, T5, T6, T7)"
:model.layers.7.self_attn.k_norm,PushPop,4239,4239,1,1,14432,14432.0,14432.0,14432,14432,0.0,"void at::native::vectorized_elementwise_kernel<(int)4, at::native::bfloat16_copy_kernel_cuda(at::TensorIteratorBase &)::[lambda(float) (instance 1)], std::array<char *, (unsigned long)2>>(int, T2, T3)"
:model.layers.7.self_attn.k_norm,PushPop,4239,4239,1,1,13985,13985.0,13985.0,13985,13985,0.0,"void at::native::reduce_kernel<(int)512, (int)1, at::native::ReduceOp<float, at::native::MeanOps<float, float, float, float>, unsigned int, float, (int)4, (int)4>>(T3)"
:model.layers.7.self_attn.k_norm,PushPop,4239,4239,1,1,12672,12672.0,12672.0,12672,12672,0.0,"void at::native::elementwise_kernel<(int)128, (int)4, void at::native::gpu_kernel_impl_nocast<at::native::BinaryFunctor<c10::BFloat16, c10::BFloat16, c10::BFloat16, at::native::binary_internal::MulFunctor<float>>>(at::TensorIteratorBase &, const T1 &)::[lambda(int) (instance 1)]>(int, T3)"
:model.layers.7.self_attn.k_norm,PushPop,4239,4239,1,1,1504,1504.0,1504.0,1504,1504,0.0,"void at::native::vectorized_elementwise_kernel<(int)4, at::native::CUDAFunctorOnSelf_add<float>, std::array<char *, (unsigned long)2>>(int, T2, T3)"
:model.layers.7.self_attn.k_norm,PushPop,4239,4239,1,1,1472,1472.0,1472.0,1472,1472,0.0,"void at::native::vectorized_elementwise_kernel<(int)4, at::native::rsqrt_kernel_cuda(at::TensorIteratorBase &)::[lambda() (instance 2)]::operator ()() const::[lambda() (instance 2)]::operator ()() const::[lambda(float) (instance 1)], std::array<char *, (unsigned long)2>>(int, T2, T3)"
:model.layers.7.self_attn.k_proj,PushPop,4239,4239,1,1,74112,74112.0,74112.0,74112,74112,0.0,ampere_bf16_s16816gemm_bf16_256x128_ldg8_f2f_stages_32x3_tn
:model.layers.7.self_attn.o_proj,PushPop,4239,4239,1,1,122849,122849.0,122849.0,122849,122849,0.0,ampere_bf16_s1688gemm_bf16_128x128_ldg8_f2f_stages_32x1_tn
:model.layers.7.self_attn.q_norm,PushPop,4239,4239,1,1,41409,41409.0,41409.0,41409,41409,0.0,"void at::native::vectorized_elementwise_kernel<(int)4, void at::native::<unnamed>::pow_tensor_scalar_kernel_impl<float, float>(at::TensorIteratorBase &, T2)::[lambda(float) (instance 1)], std::array<char *, (unsigned long)2>>(int, T2, T3)"
:model.layers.7.self_attn.q_norm,PushPop,4239,4239,1,1,38464,38464.0,38464.0,38464,38464,0.0,"void at::native::elementwise_kernel<(int)128, (int)2, void at::native::gpu_kernel_impl_nocast<at::native::BinaryFunctor<float, float, float, at::native::binary_internal::MulFunctor<float>>>(at::TensorIteratorBase &, const T1 &)::[lambda(int) (instance 1)]>(int, T3)"
:model.layers.7.self_attn.q_norm,PushPop,4239,4239,1,1,32928,32928.0,32928.0,32928,32928,0.0,"void at::native::unrolled_elementwise_kernel<at::native::direct_copy_kernel_cuda(at::TensorIteratorBase &)::[lambda() (instance 3)]::operator ()() const::[lambda() (instance 7)]::operator ()() const::[lambda(float) (instance 1)], std::array<char *, (unsigned long)2>, (int)4, TrivialOffsetCalculator<(int)1, unsigned int>, TrivialOffsetCalculator<(int)1, unsigned int>, at::native::memory::LoadWithCast<(int)1>, at::native::memory::StoreWithCast<(int)1>>(int, T1, T2, T4, T5, T6, T7)"
:model.layers.7.self_attn.q_norm,PushPop,4239,4239,1,1,31328,31328.0,31328.0,31328,31328,0.0,"void at::native::vectorized_elementwise_kernel<(int)4, at::native::bfloat16_copy_kernel_cuda(at::TensorIteratorBase &)::[lambda(float) (instance 1)], std::array<char *, (unsigned long)2>>(int, T2, T3)"
:model.layers.7.self_attn.q_norm,PushPop,4239,4239,1,1,26592,26592.0,26592.0,26592,26592,0.0,"void at::native::reduce_kernel<(int)512, (int)1, at::native::ReduceOp<float, at::native::MeanOps<float, float, float, float>, unsigned int, float, (int)4, (int)4>>(T3)"
:model.layers.7.self_attn.q_norm,PushPop,4239,4239,1,1,23840,23840.0,23840.0,23840,23840,0.0,"void at::native::elementwise_kernel<(int)128, (int)4, void at::native::gpu_kernel_impl_nocast<at::native::BinaryFunctor<c10::BFloat16, c10::BFloat16, c10::BFloat16, at::native::binary_internal::MulFunctor<float>>>(at::TensorIteratorBase &, const T1 &)::[lambda(int) (instance 1)]>(int, T3)"
:model.layers.7.self_attn.q_norm,PushPop,4239,4239,1,1,1856,1856.0,1856.0,1856,1856,0.0,"void at::native::vectorized_elementwise_kernel<(int)4, at::native::CUDAFunctorOnSelf_add<float>, std::array<char *, (unsigned long)2>>(int, T2, T3)"
:model.layers.7.self_attn.q_norm,PushPop,4239,4239,1,1,1568,1568.0,1568.0,1568,1568,0.0,"void at::native::vectorized_elementwise_kernel<(int)4, at::native::rsqrt_kernel_cuda(at::TensorIteratorBase &)::[lambda() (instance 2)]::operator ()() const::[lambda() (instance 2)]::operator ()() const::[lambda(float) (instance 1)], std::array<char *, (unsigned long)2>>(int, T2, T3)"
:model.layers.7.self_attn.q_proj,PushPop,4239,4239,1,1,150432,150432.0,150432.0,150432,150432,0.0,void cutlass::Kernel2<cutlass_80_tensorop_bf16_s16816gemm_relu_bf16_256x128_32x3_tn_align8>(T1::Params)
:model.layers.7.self_attn.v_proj,PushPop,4239,4239,1,1,73984,73984.0,73984.0,73984,73984,0.0,ampere_bf16_s16816gemm_bf16_256x128_ldg8_f2f_stages_32x3_tn
:model.layers.8,PushPop,4239,4239,1,3,595939,198646.3,221025.0,150337,224577,41874.8,void cutlass::Kernel2<cutlass_80_tensorop_bf16_s16816gemm_relu_bf16_256x128_32x3_tn_align8>(T1::Params)
:model.layers.8,PushPop,4239,4239,1,1,312385,312385.0,312385.0,312385,312385,0.0,"void pytorch_flash::flash_fwd_kernel<Flash_fwd_kernel_traits<(int)128, (int)64, (int)64, (int)4, (bool)0, (bool)0, cutlass::bfloat16_t, Flash_kernel_traits<(int)128, (int)64, (int)64, (int)4, cutlass::bfloat16_t>>, (bool)0, (bool)1, (bool)0, (bool)0, (bool)1, (bool)1, (bool)0, (bool)0>(pytorch_flash::Flash_fwd_params)"
:model.layers.8,PushPop,4239,4239,1,2,302722,151361.0,151361.0,123073,179649,40005.3,ampere_bf16_s1688gemm_bf16_128x128_ldg8_f2f_stages_32x1_tn
:model.layers.8,PushPop,4239,4239,1,2,148001,74000.5,74000.5,73952,74049,68.6,ampere_bf16_s16816gemm_bf16_256x128_ldg8_f2f_stages_32x3_tn
:model.layers.8,PushPop,4239,4239,1,8,139616,17452.0,13552.0,12800,25376,5886.3,"void at::native::elementwise_kernel<(int)128, (int)4, void at::native::gpu_kernel_impl_nocast<at::native::BinaryFunctor<c10::BFloat16, c10::BFloat16, c10::BFloat16, at::native::binary_internal::MulFunctor<float>>>(at::TensorIteratorBase &, const T1 &)::[lambda(int) (instance 1)]>(int, T3)"
:model.layers.8,PushPop,4239,4239,1,4,103777,25944.3,24928.0,18048,35873,7371.4,"void at::native::<unnamed>::CatArrayBatchedCopy<at::native::<unnamed>::OpaqueType<(unsigned int)2>, unsigned int, (int)4, (int)64, (int)64>(T1 *, at::native::<unnamed>::CatArrInputTensorMetadata<T1, T2, T4, T5>, at::native::<unnamed>::TensorSizeStride<T2, (unsigned int)4>, int, T2)"
:model.layers.8,PushPop,4239,4239,1,4,103744,25936.0,20848.0,20736,41312,10250.9,"void at::native::vectorized_elementwise_kernel<(int)4, void at::native::<unnamed>::pow_tensor_scalar_kernel_impl<float, float>(at::TensorIteratorBase &, T2)::[lambda(float) (instance 1)], std::array<char *, (unsigned long)2>>(int, T2, T3)"
:model.layers.8,PushPop,4239,4239,1,4,99872,24968.0,20608.0,19936,38720,9174.4,"void at::native::elementwise_kernel<(int)128, (int)2, void at::native::gpu_kernel_impl_nocast<at::native::BinaryFunctor<float, float, float, at::native::binary_internal::MulFunctor<float>>>(at::TensorIteratorBase &, const T1 &)::[lambda(int) (instance 1)]>(int, T3)"
:model.layers.8,PushPop,4239,4239,1,4,83776,20944.0,17216.0,16352,32992,8042.7,"void at::native::unrolled_elementwise_kernel<at::native::direct_copy_kernel_cuda(at::TensorIteratorBase &)::[lambda() (instance 3)]::operator ()() const::[lambda() (instance 7)]::operator ()() const::[lambda(float) (instance 1)], std::array<char *, (unsigned long)2>, (int)4, TrivialOffsetCalculator<(int)1, unsigned int>, TrivialOffsetCalculator<(int)1, unsigned int>, at::native::memory::LoadWithCast<(int)1>, at::native::memory::StoreWithCast<(int)1>>(int, T1, T2, T4, T5, T6, T7)"
:model.layers.8,PushPop,4239,4239,1,4,75712,18928.0,14816.0,14464,31616,8460.3,"void at::native::vectorized_elementwise_kernel<(int)4, at::native::bfloat16_copy_kernel_cuda(at::TensorIteratorBase &)::[lambda(float) (instance 1)], std::array<char *, (unsigned long)2>>(int, T2, T3)"
:model.layers.8,PushPop,4239,4239,1,4,62240,15560.0,12464.0,10848,26464,7413.8,"void at::native::reduce_kernel<(int)512, (int)1, at::native::ReduceOp<float, at::native::MeanOps<float, float, float, float>, unsigned int, float, (int)4, (int)4>>(T3)"
:model.layers.8,PushPop,4239,4239,1,2,49920,24960.0,24960.0,17568,32352,10453.9,"void at::native::elementwise_kernel<(int)128, (int)4, void at::native::gpu_kernel_impl_nocast<at::native::CUDAFunctor_add<c10::BFloat16>>(at::TensorIteratorBase &, const T1 &)::[lambda(int) (instance 1)]>(int, T3)"
:model.layers.8,PushPop,4239,4239,1,1,46368,46368.0,46368.0,46368,46368,0.0,"void at::native::vectorized_elementwise_kernel<(int)4, at::native::BinaryFunctor<c10::BFloat16, c10::BFloat16, c10::BFloat16, at::native::binary_internal::MulFunctor<float>>, std::array<char *, (unsigned long)3>>(int, T2, T3)"
:model.layers.8,PushPop,4239,4239,1,1,31008,31008.0,31008.0,31008,31008,0.0,"void at::native::vectorized_elementwise_kernel<(int)4, at::native::<unnamed>::silu_kernel(at::TensorIteratorBase &)::[lambda() (instance 1)]::operator ()() const::[lambda() (instance 6)]::operator ()() const::[lambda(c10::BFloat16) (instance 1)], std::array<char *, (unsigned long)2>>(int, T2, T3)"
:model.layers.8,PushPop,4239,4239,1,2,28224,14112.0,14112.0,14016,14208,135.8,"void at::native::vectorized_elementwise_kernel<(int)4, at::native::CUDAFunctor_add<c10::BFloat16>, std::array<char *, (unsigned long)3>>(int, T2, T3)"
:model.layers.8,PushPop,4239,4239,1,2,20448,10224.0,10224.0,6720,13728,4955.4,"void at::native::elementwise_kernel<(int)128, (int)4, void at::native::gpu_kernel_impl_nocast<at::native::neg_kernel_cuda(at::TensorIteratorBase &)::[lambda() (instance 2)]::operator ()() const::[lambda() (instance 9)]::operator ()() const::[lambda(c10::BFloat16) (instance 1)]>(at::TensorIteratorBase &, const T1 &)::[lambda(int) (instance 1)]>(int, T3)"
:model.layers.8,PushPop,4239,4239,1,4,6368,1592.0,1584.0,1440,1760,131.6,"void at::native::vectorized_elementwise_kernel<(int)4, at::native::CUDAFunctorOnSelf_add<float>, std::array<char *, (unsigned long)2>>(int, T2, T3)"
:model.layers.8,PushPop,4239,4239,1,4,5920,1480.0,1472.0,1472,1504,16.0,"void at::native::vectorized_elementwise_kernel<(int)4, at::native::rsqrt_kernel_cuda(at::TensorIteratorBase &)::[lambda() (instance 2)]::operator ()() const::[lambda() (instance 2)]::operator ()() const::[lambda(float) (instance 1)], std::array<char *, (unsigned long)2>>(int, T2, T3)"
:model.layers.8.input_layernorm,PushPop,4239,4239,1,1,20736,20736.0,20736.0,20736,20736,0.0,"void at::native::vectorized_elementwise_kernel<(int)4, void at::native::<unnamed>::pow_tensor_scalar_kernel_impl<float, float>(at::TensorIteratorBase &, T2)::[lambda(float) (instance 1)], std::array<char *, (unsigned long)2>>(int, T2, T3)"
:model.layers.8.input_layernorm,PushPop,4239,4239,1,1,20448,20448.0,20448.0,20448,20448,0.0,"void at::native::elementwise_kernel<(int)128, (int)2, void at::native::gpu_kernel_impl_nocast<at::native::BinaryFunctor<float, float, float, at::native::binary_internal::MulFunctor<float>>>(at::TensorIteratorBase &, const T1 &)::[lambda(int) (instance 1)]>(int, T3)"
:model.layers.8.input_layernorm,PushPop,4239,4239,1,1,17312,17312.0,17312.0,17312,17312,0.0,"void at::native::unrolled_elementwise_kernel<at::native::direct_copy_kernel_cuda(at::TensorIteratorBase &)::[lambda() (instance 3)]::operator ()() const::[lambda() (instance 7)]::operator ()() const::[lambda(float) (instance 1)], std::array<char *, (unsigned long)2>, (int)4, TrivialOffsetCalculator<(int)1, unsigned int>, TrivialOffsetCalculator<(int)1, unsigned int>, at::native::memory::LoadWithCast<(int)1>, at::native::memory::StoreWithCast<(int)1>>(int, T1, T2, T4, T5, T6, T7)"
:model.layers.8.input_layernorm,PushPop,4239,4239,1,1,14816,14816.0,14816.0,14816,14816,0.0,"void at::native::vectorized_elementwise_kernel<(int)4, at::native::bfloat16_copy_kernel_cuda(at::TensorIteratorBase &)::[lambda(float) (instance 1)], std::array<char *, (unsigned long)2>>(int, T2, T3)"
:model.layers.8.input_layernorm,PushPop,4239,4239,1,1,12928,12928.0,12928.0,12928,12928,0.0,"void at::native::elementwise_kernel<(int)128, (int)4, void at::native::gpu_kernel_impl_nocast<at::native::BinaryFunctor<c10::BFloat16, c10::BFloat16, c10::BFloat16, at::native::binary_internal::MulFunctor<float>>>(at::TensorIteratorBase &, const T1 &)::[lambda(int) (instance 1)]>(int, T3)"
:model.layers.8.input_layernorm,PushPop,4239,4239,1,1,10944,10944.0,10944.0,10944,10944,0.0,"void at::native::reduce_kernel<(int)512, (int)1, at::native::ReduceOp<float, at::native::MeanOps<float, float, float, float>, unsigned int, float, (int)4, (int)4>>(T3)"
:model.layers.8.input_layernorm,PushPop,4239,4239,1,1,1600,1600.0,1600.0,1600,1600,0.0,"void at::native::vectorized_elementwise_kernel<(int)4, at::native::CUDAFunctorOnSelf_add<float>, std::array<char *, (unsigned long)2>>(int, T2, T3)"
:model.layers.8.input_layernorm,PushPop,4239,4239,1,1,1472,1472.0,1472.0,1472,1472,0.0,"void at::native::vectorized_elementwise_kernel<(int)4, at::native::rsqrt_kernel_cuda(at::TensorIteratorBase &)::[lambda() (instance 2)]::operator ()() const::[lambda() (instance 2)]::operator ()() const::[lambda(float) (instance 1)], std::array<char *, (unsigned long)2>>(int, T2, T3)"
:model.layers.8.mlp.act_fn,PushPop,4239,4239,1,1,31008,31008.0,31008.0,31008,31008,0.0,"void at::native::vectorized_elementwise_kernel<(int)4, at::native::<unnamed>::silu_kernel(at::TensorIteratorBase &)::[lambda() (instance 1)]::operator ()() const::[lambda() (instance 6)]::operator ()() const::[lambda(c10::BFloat16) (instance 1)], std::array<char *, (unsigned long)2>>(int, T2, T3)"
:model.layers.8.mlp.down_proj,PushPop,4239,4239,1,1,179649,179649.0,179649.0,179649,179649,0.0,ampere_bf16_s1688gemm_bf16_128x128_ldg8_f2f_stages_32x1_tn
:model.layers.8.mlp.gate_proj,PushPop,4239,4239,1,1,224577,224577.0,224577.0,224577,224577,0.0,void cutlass::Kernel2<cutlass_80_tensorop_bf16_s16816gemm_relu_bf16_256x128_32x3_tn_align8>(T1::Params)
:model.layers.8.mlp.up_proj,PushPop,4239,4239,1,1,221025,221025.0,221025.0,221025,221025,0.0,void cutlass::Kernel2<cutlass_80_tensorop_bf16_s16816gemm_relu_bf16_256x128_32x3_tn_align8>(T1::Params)
:model.layers.8.post_attention_layernorm,PushPop,4239,4239,1,1,20896,20896.0,20896.0,20896,20896,0.0,"void at::native::vectorized_elementwise_kernel<(int)4, void at::native::<unnamed>::pow_tensor_scalar_kernel_impl<float, float>(at::TensorIteratorBase &, T2)::[lambda(float) (instance 1)], std::array<char *, (unsigned long)2>>(int, T2, T3)"
:model.layers.8.post_attention_layernorm,PushPop,4239,4239,1,1,20768,20768.0,20768.0,20768,20768,0.0,"void at::native::elementwise_kernel<(int)128, (int)2, void at::native::gpu_kernel_impl_nocast<at::native::BinaryFunctor<float, float, float, at::native::binary_internal::MulFunctor<float>>>(at::TensorIteratorBase &, const T1 &)::[lambda(int) (instance 1)]>(int, T3)"
:model.layers.8.post_attention_layernorm,PushPop,4239,4239,1,1,17120,17120.0,17120.0,17120,17120,0.0,"void at::native::unrolled_elementwise_kernel<at::native::direct_copy_kernel_cuda(at::TensorIteratorBase &)::[lambda() (instance 3)]::operator ()() const::[lambda() (instance 7)]::operator ()() const::[lambda(float) (instance 1)], std::array<char *, (unsigned long)2>, (int)4, TrivialOffsetCalculator<(int)1, unsigned int>, TrivialOffsetCalculator<(int)1, unsigned int>, at::native::memory::LoadWithCast<(int)1>, at::native::memory::StoreWithCast<(int)1>>(int, T1, T2, T4, T5, T6, T7)"
:model.layers.8.post_attention_layernorm,PushPop,4239,4239,1,1,14464,14464.0,14464.0,14464,14464,0.0,"void at::native::vectorized_elementwise_kernel<(int)4, at::native::bfloat16_copy_kernel_cuda(at::TensorIteratorBase &)::[lambda(float) (instance 1)], std::array<char *, (unsigned long)2>>(int, T2, T3)"
:model.layers.8.post_attention_layernorm,PushPop,4239,4239,1,1,13184,13184.0,13184.0,13184,13184,0.0,"void at::native::elementwise_kernel<(int)128, (int)4, void at::native::gpu_kernel_impl_nocast<at::native::BinaryFunctor<c10::BFloat16, c10::BFloat16, c10::BFloat16, at::native::binary_internal::MulFunctor<float>>>(at::TensorIteratorBase &, const T1 &)::[lambda(int) (instance 1)]>(int, T3)"
:model.layers.8.post_attention_layernorm,PushPop,4239,4239,1,1,10848,10848.0,10848.0,10848,10848,0.0,"void at::native::reduce_kernel<(int)512, (int)1, at::native::ReduceOp<float, at::native::MeanOps<float, float, float, float>, unsigned int, float, (int)4, (int)4>>(T3)"
:model.layers.8.post_attention_layernorm,PushPop,4239,4239,1,1,1568,1568.0,1568.0,1568,1568,0.0,"void at::native::vectorized_elementwise_kernel<(int)4, at::native::CUDAFunctorOnSelf_add<float>, std::array<char *, (unsigned long)2>>(int, T2, T3)"
:model.layers.8.post_attention_layernorm,PushPop,4239,4239,1,1,1472,1472.0,1472.0,1472,1472,0.0,"void at::native::vectorized_elementwise_kernel<(int)4, at::native::rsqrt_kernel_cuda(at::TensorIteratorBase &)::[lambda() (instance 2)]::operator ()() const::[lambda() (instance 2)]::operator ()() const::[lambda(float) (instance 1)], std::array<char *, (unsigned long)2>>(int, T2, T3)"
:model.layers.8.self_attn.k_norm,PushPop,4239,4239,1,1,20800,20800.0,20800.0,20800,20800,0.0,"void at::native::vectorized_elementwise_kernel<(int)4, void at::native::<unnamed>::pow_tensor_scalar_kernel_impl<float, float>(at::TensorIteratorBase &, T2)::[lambda(float) (instance 1)], std::array<char *, (unsigned long)2>>(int, T2, T3)"
:model.layers.8.self_attn.k_norm,PushPop,4239,4239,1,1,19936,19936.0,19936.0,19936,19936,0.0,"void at::native::elementwise_kernel<(int)128, (int)2, void at::native::gpu_kernel_impl_nocast<at::native::BinaryFunctor<float, float, float, at::native::binary_internal::MulFunctor<float>>>(at::TensorIteratorBase &, const T1 &)::[lambda(int) (instance 1)]>(int, T3)"
:model.layers.8.self_attn.k_norm,PushPop,4239,4239,1,1,16352,16352.0,16352.0,16352,16352,0.0,"void at::native::unrolled_elementwise_kernel<at::native::direct_copy_kernel_cuda(at::TensorIteratorBase &)::[lambda() (instance 3)]::operator ()() const::[lambda() (instance 7)]::operator ()() const::[lambda(float) (instance 1)], std::array<char *, (unsigned long)2>, (int)4, TrivialOffsetCalculator<(int)1, unsigned int>, TrivialOffsetCalculator<(int)1, unsigned int>, at::native::memory::LoadWithCast<(int)1>, at::native::memory::StoreWithCast<(int)1>>(int, T1, T2, T4, T5, T6, T7)"
:model.layers.8.self_attn.k_norm,PushPop,4239,4239,1,1,14816,14816.0,14816.0,14816,14816,0.0,"void at::native::vectorized_elementwise_kernel<(int)4, at::native::bfloat16_copy_kernel_cuda(at::TensorIteratorBase &)::[lambda(float) (instance 1)], std::array<char *, (unsigned long)2>>(int, T2, T3)"
:model.layers.8.self_attn.k_norm,PushPop,4239,4239,1,1,13984,13984.0,13984.0,13984,13984,0.0,"void at::native::reduce_kernel<(int)512, (int)1, at::native::ReduceOp<float, at::native::MeanOps<float, float, float, float>, unsigned int, float, (int)4, (int)4>>(T3)"
:model.layers.8.self_attn.k_norm,PushPop,4239,4239,1,1,12800,12800.0,12800.0,12800,12800,0.0,"void at::native::elementwise_kernel<(int)128, (int)4, void at::native::gpu_kernel_impl_nocast<at::native::BinaryFunctor<c10::BFloat16, c10::BFloat16, c10::BFloat16, at::native::binary_internal::MulFunctor<float>>>(at::TensorIteratorBase &, const T1 &)::[lambda(int) (instance 1)]>(int, T3)"
:model.layers.8.self_attn.k_norm,PushPop,4239,4239,1,1,1472,1472.0,1472.0,1472,1472,0.0,"void at::native::vectorized_elementwise_kernel<(int)4, at::native::rsqrt_kernel_cuda(at::TensorIteratorBase &)::[lambda() (instance 2)]::operator ()() const::[lambda() (instance 2)]::operator ()() const::[lambda(float) (instance 1)], std::array<char *, (unsigned long)2>>(int, T2, T3)"
:model.layers.8.self_attn.k_norm,PushPop,4239,4239,1,1,1440,1440.0,1440.0,1440,1440,0.0,"void at::native::vectorized_elementwise_kernel<(int)4, at::native::CUDAFunctorOnSelf_add<float>, std::array<char *, (unsigned long)2>>(int, T2, T3)"
:model.layers.8.self_attn.k_proj,PushPop,4239,4239,1,1,74049,74049.0,74049.0,74049,74049,0.0,ampere_bf16_s16816gemm_bf16_256x128_ldg8_f2f_stages_32x3_tn
:model.layers.8.self_attn.o_proj,PushPop,4239,4239,1,1,123073,123073.0,123073.0,123073,123073,0.0,ampere_bf16_s1688gemm_bf16_128x128_ldg8_f2f_stages_32x1_tn
:model.layers.8.self_attn.q_norm,PushPop,4239,4239,1,1,41312,41312.0,41312.0,41312,41312,0.0,"void at::native::vectorized_elementwise_kernel<(int)4, void at::native::<unnamed>::pow_tensor_scalar_kernel_impl<float, float>(at::TensorIteratorBase &, T2)::[lambda(float) (instance 1)], std::array<char *, (unsigned long)2>>(int, T2, T3)"
:model.layers.8.self_attn.q_norm,PushPop,4239,4239,1,1,38720,38720.0,38720.0,38720,38720,0.0,"void at::native::elementwise_kernel<(int)128, (int)2, void at::native::gpu_kernel_impl_nocast<at::native::BinaryFunctor<float, float, float, at::native::binary_internal::MulFunctor<float>>>(at::TensorIteratorBase &, const T1 &)::[lambda(int) (instance 1)]>(int, T3)"
:model.layers.8.self_attn.q_norm,PushPop,4239,4239,1,1,32992,32992.0,32992.0,32992,32992,0.0,"void at::native::unrolled_elementwise_kernel<at::native::direct_copy_kernel_cuda(at::TensorIteratorBase &)::[lambda() (instance 3)]::operator ()() const::[lambda() (instance 7)]::operator ()() const::[lambda(float) (instance 1)], std::array<char *, (unsigned long)2>, (int)4, TrivialOffsetCalculator<(int)1, unsigned int>, TrivialOffsetCalculator<(int)1, unsigned int>, at::native::memory::LoadWithCast<(int)1>, at::native::memory::StoreWithCast<(int)1>>(int, T1, T2, T4, T5, T6, T7)"
:model.layers.8.self_attn.q_norm,PushPop,4239,4239,1,1,31616,31616.0,31616.0,31616,31616,0.0,"void at::native::vectorized_elementwise_kernel<(int)4, at::native::bfloat16_copy_kernel_cuda(at::TensorIteratorBase &)::[lambda(float) (instance 1)], std::array<char *, (unsigned long)2>>(int, T2, T3)"
:model.layers.8.self_attn.q_norm,PushPop,4239,4239,1,1,26464,26464.0,26464.0,26464,26464,0.0,"void at::native::reduce_kernel<(int)512, (int)1, at::native::ReduceOp<float, at::native::MeanOps<float, float, float, float>, unsigned int, float, (int)4, (int)4>>(T3)"
:model.layers.8.self_attn.q_norm,PushPop,4239,4239,1,1,23840,23840.0,23840.0,23840,23840,0.0,"void at::native::elementwise_kernel<(int)128, (int)4, void at::native::gpu_kernel_impl_nocast<at::native::BinaryFunctor<c10::BFloat16, c10::BFloat16, c10::BFloat16, at::native::binary_internal::MulFunctor<float>>>(at::TensorIteratorBase &, const T1 &)::[lambda(int) (instance 1)]>(int, T3)"
:model.layers.8.self_attn.q_norm,PushPop,4239,4239,1,1,1760,1760.0,1760.0,1760,1760,0.0,"void at::native::vectorized_elementwise_kernel<(int)4, at::native::CUDAFunctorOnSelf_add<float>, std::array<char *, (unsigned long)2>>(int, T2, T3)"
:model.layers.8.self_attn.q_norm,PushPop,4239,4239,1,1,1504,1504.0,1504.0,1504,1504,0.0,"void at::native::vectorized_elementwise_kernel<(int)4, at::native::rsqrt_kernel_cuda(at::TensorIteratorBase &)::[lambda() (instance 2)]::operator ()() const::[lambda() (instance 2)]::operator ()() const::[lambda(float) (instance 1)], std::array<char *, (unsigned long)2>>(int, T2, T3)"
:model.layers.8.self_attn.q_proj,PushPop,4239,4239,1,1,150337,150337.0,150337.0,150337,150337,0.0,void cutlass::Kernel2<cutlass_80_tensorop_bf16_s16816gemm_relu_bf16_256x128_32x3_tn_align8>(T1::Params)
:model.layers.8.self_attn.v_proj,PushPop,4239,4239,1,1,73952,73952.0,73952.0,73952,73952,0.0,ampere_bf16_s16816gemm_bf16_256x128_ldg8_f2f_stages_32x3_tn
:model.layers.9,PushPop,4239,4239,1,3,596161,198720.3,221440.0,150529,224192,41757.6,void cutlass::Kernel2<cutlass_80_tensorop_bf16_s16816gemm_relu_bf16_256x128_32x3_tn_align8>(T1::Params)
:model.layers.9,PushPop,4239,4239,1,1,311105,311105.0,311105.0,311105,311105,0.0,"void pytorch_flash::flash_fwd_kernel<Flash_fwd_kernel_traits<(int)128, (int)64, (int)64, (int)4, (bool)0, (bool)0, cutlass::bfloat16_t, Flash_kernel_traits<(int)128, (int)64, (int)64, (int)4, cutlass::bfloat16_t>>, (bool)0, (bool)1, (bool)0, (bool)0, (bool)1, (bool)1, (bool)0, (bool)0>(pytorch_flash::Flash_fwd_params)"
:model.layers.9,PushPop,4239,4239,1,2,302880,151440.0,151440.0,123392,179488,39665.9,ampere_bf16_s1688gemm_bf16_128x128_ldg8_f2f_stages_32x1_tn
:model.layers.9,PushPop,4239,4239,1,2,148001,74000.5,74000.5,73953,74048,67.2,ampere_bf16_s16816gemm_bf16_256x128_ldg8_f2f_stages_32x3_tn
:model.layers.9,PushPop,4239,4239,1,8,139968,17496.0,13664.0,12800,25184,5846.3,"void at::native::elementwise_kernel<(int)128, (int)4, void at::native::gpu_kernel_impl_nocast<at::native::BinaryFunctor<c10::BFloat16, c10::BFloat16, c10::BFloat16, at::native::binary_internal::MulFunctor<float>>>(at::TensorIteratorBase &, const T1 &)::[lambda(int) (instance 1)]>(int, T3)"
:model.layers.9,PushPop,4239,4239,1,4,103969,25992.3,24864.5,18144,36096,7444.1,"void at::native::<unnamed>::CatArrayBatchedCopy<at::native::<unnamed>::OpaqueType<(unsigned int)2>, unsigned int, (int)4, (int)64, (int)64>(T1 *, at::native::<unnamed>::CatArrInputTensorMetadata<T1, T2, T4, T5>, at::native::<unnamed>::TensorSizeStride<T2, (unsigned int)4>, int, T2)"
:model.layers.9,PushPop,4239,4239,1,4,103872,25968.0,21088.0,20704,40992,10017.9,"void at::native::vectorized_elementwise_kernel<(int)4, void at::native::<unnamed>::pow_tensor_scalar_kernel_impl<float, float>(at::TensorIteratorBase &, T2)::[lambda(float) (instance 1)], std::array<char *, (unsigned long)2>>(int, T2, T3)"
:model.layers.9,PushPop,4239,4239,1,4,99072,24768.0,20448.0,19648,38528,9182.4,"void at::native::elementwise_kernel<(int)128, (int)2, void at::native::gpu_kernel_impl_nocast<at::native::BinaryFunctor<float, float, float, at::native::binary_internal::MulFunctor<float>>>(at::TensorIteratorBase &, const T1 &)::[lambda(int) (instance 1)]>(int, T3)"
:model.layers.9,PushPop,4239,4239,1,4,84320,21080.0,17392.0,16288,33248,8128.7,"void at::native::unrolled_elementwise_kernel<at::native::direct_copy_kernel_cuda(at::TensorIteratorBase &)::[lambda() (instance 3)]::operator ()() const::[lambda() (instance 7)]::operator ()() const::[lambda(float) (instance 1)], std::array<char *, (unsigned long)2>, (int)4, TrivialOffsetCalculator<(int)1, unsigned int>, TrivialOffsetCalculator<(int)1, unsigned int>, at::native::memory::LoadWithCast<(int)1>, at::native::memory::StoreWithCast<(int)1>>(int, T1, T2, T4, T5, T6, T7)"
:model.layers.9,PushPop,4239,4239,1,4,75170,18792.5,14736.5,14496,31201,8273.2,"void at::native::vectorized_elementwise_kernel<(int)4, at::native::bfloat16_copy_kernel_cuda(at::TensorIteratorBase &)::[lambda(float) (instance 1)], std::array<char *, (unsigned long)2>>(int, T2, T3)"
:model.layers.9,PushPop,4239,4239,1,4,62560,15640.0,12528.0,10912,26592,7449.5,"void at::native::reduce_kernel<(int)512, (int)1, at::native::ReduceOp<float, at::native::MeanOps<float, float, float, float>, unsigned int, float, (int)4, (int)4>>(T3)"
:model.layers.9,PushPop,4239,4239,1,2,49824,24912.0,24912.0,17376,32448,10657.5,"void at::native::elementwise_kernel<(int)128, (int)4, void at::native::gpu_kernel_impl_nocast<at::native::CUDAFunctor_add<c10::BFloat16>>(at::TensorIteratorBase &, const T1 &)::[lambda(int) (instance 1)]>(int, T3)"
:model.layers.9,PushPop,4239,4239,1,1,46081,46081.0,46081.0,46081,46081,0.0,"void at::native::vectorized_elementwise_kernel<(int)4, at::native::BinaryFunctor<c10::BFloat16, c10::BFloat16, c10::BFloat16, at::native::binary_internal::MulFunctor<float>>, std::array<char *, (unsigned long)3>>(int, T2, T3)"
:model.layers.9,PushPop,4239,4239,1,1,31233,31233.0,31233.0,31233,31233,0.0,"void at::native::vectorized_elementwise_kernel<(int)4, at::native::<unnamed>::silu_kernel(at::TensorIteratorBase &)::[lambda() (instance 1)]::operator ()() const::[lambda() (instance 6)]::operator ()() const::[lambda(c10::BFloat16) (instance 1)], std::array<char *, (unsigned long)2>>(int, T2, T3)"
:model.layers.9,PushPop,4239,4239,1,2,28512,14256.0,14256.0,14176,14336,113.1,"void at::native::vectorized_elementwise_kernel<(int)4, at::native::CUDAFunctor_add<c10::BFloat16>, std::array<char *, (unsigned long)3>>(int, T2, T3)"
:model.layers.9,PushPop,4239,4239,1,2,20640,10320.0,10320.0,6912,13728,4819.6,"void at::native::elementwise_kernel<(int)128, (int)4, void at::native::gpu_kernel_impl_nocast<at::native::neg_kernel_cuda(at::TensorIteratorBase &)::[lambda() (instance 2)]::operator ()() const::[lambda() (instance 9)]::operator ()() const::[lambda(c10::BFloat16) (instance 1)]>(at::TensorIteratorBase &, const T1 &)::[lambda(int) (instance 1)]>(int, T3)"
:model.layers.9,PushPop,4239,4239,1,4,6368,1592.0,1552.0,1472,1792,139.2,"void at::native::vectorized_elementwise_kernel<(int)4, at::native::CUDAFunctorOnSelf_add<float>, std::array<char *, (unsigned long)2>>(int, T2, T3)"
:model.layers.9,PushPop,4239,4239,1,4,5984,1496.0,1472.0,1472,1568,48.0,"void at::native::vectorized_elementwise_kernel<(int)4, at::native::rsqrt_kernel_cuda(at::TensorIteratorBase &)::[lambda() (instance 2)]::operator ()() const::[lambda() (instance 2)]::operator ()() const::[lambda(float) (instance 1)], std::array<char *, (unsigned long)2>>(int, T2, T3)"
:model.layers.9.input_layernorm,PushPop,4239,4239,1,1,20992,20992.0,20992.0,20992,20992,0.0,"void at::native::vectorized_elementwise_kernel<(int)4, void at::native::<unnamed>::pow_tensor_scalar_kernel_impl<float, float>(at::TensorIteratorBase &, T2)::[lambda(float) (instance 1)], std::array<char *, (unsigned long)2>>(int, T2, T3)"
:model.layers.9.input_layernorm,PushPop,4239,4239,1,1,20640,20640.0,20640.0,20640,20640,0.0,"void at::native::elementwise_kernel<(int)128, (int)2, void at::native::gpu_kernel_impl_nocast<at::native::BinaryFunctor<float, float, float, at::native::binary_internal::MulFunctor<float>>>(at::TensorIteratorBase &, const T1 &)::[lambda(int) (instance 1)]>(int, T3)"
:model.layers.9.input_layernorm,PushPop,4239,4239,1,1,17408,17408.0,17408.0,17408,17408,0.0,"void at::native::unrolled_elementwise_kernel<at::native::direct_copy_kernel_cuda(at::TensorIteratorBase &)::[lambda() (instance 3)]::operator ()() const::[lambda() (instance 7)]::operator ()() const::[lambda(float) (instance 1)], std::array<char *, (unsigned long)2>, (int)4, TrivialOffsetCalculator<(int)1, unsigned int>, TrivialOffsetCalculator<(int)1, unsigned int>, at::native::memory::LoadWithCast<(int)1>, at::native::memory::StoreWithCast<(int)1>>(int, T1, T2, T4, T5, T6, T7)"
:model.layers.9.input_layernorm,PushPop,4239,4239,1,1,14688,14688.0,14688.0,14688,14688,0.0,"void at::native::vectorized_elementwise_kernel<(int)4, at::native::bfloat16_copy_kernel_cuda(at::TensorIteratorBase &)::[lambda(float) (instance 1)], std::array<char *, (unsigned long)2>>(int, T2, T3)"
:model.layers.9.input_layernorm,PushPop,4239,4239,1,1,13024,13024.0,13024.0,13024,13024,0.0,"void at::native::elementwise_kernel<(int)128, (int)4, void at::native::gpu_kernel_impl_nocast<at::native::BinaryFunctor<c10::BFloat16, c10::BFloat16, c10::BFloat16, at::native::binary_internal::MulFunctor<float>>>(at::TensorIteratorBase &, const T1 &)::[lambda(int) (instance 1)]>(int, T3)"
:model.layers.9.input_layernorm,PushPop,4239,4239,1,1,10976,10976.0,10976.0,10976,10976,0.0,"void at::native::reduce_kernel<(int)512, (int)1, at::native::ReduceOp<float, at::native::MeanOps<float, float, float, float>, unsigned int, float, (int)4, (int)4>>(T3)"
:model.layers.9.input_layernorm,PushPop,4239,4239,1,1,1536,1536.0,1536.0,1536,1536,0.0,"void at::native::vectorized_elementwise_kernel<(int)4, at::native::CUDAFunctorOnSelf_add<float>, std::array<char *, (unsigned long)2>>(int, T2, T3)"
:model.layers.9.input_layernorm,PushPop,4239,4239,1,1,1472,1472.0,1472.0,1472,1472,0.0,"void at::native::vectorized_elementwise_kernel<(int)4, at::native::rsqrt_kernel_cuda(at::TensorIteratorBase &)::[lambda() (instance 2)]::operator ()() const::[lambda() (instance 2)]::operator ()() const::[lambda(float) (instance 1)], std::array<char *, (unsigned long)2>>(int, T2, T3)"
:model.layers.9.mlp.act_fn,PushPop,4239,4239,1,1,31233,31233.0,31233.0,31233,31233,0.0,"void at::native::vectorized_elementwise_kernel<(int)4, at::native::<unnamed>::silu_kernel(at::TensorIteratorBase &)::[lambda() (instance 1)]::operator ()() const::[lambda() (instance 6)]::operator ()() const::[lambda(c10::BFloat16) (instance 1)], std::array<char *, (unsigned long)2>>(int, T2, T3)"
:model.layers.9.mlp.down_proj,PushPop,4239,4239,1,1,179488,179488.0,179488.0,179488,179488,0.0,ampere_bf16_s1688gemm_bf16_128x128_ldg8_f2f_stages_32x1_tn
:model.layers.9.mlp.gate_proj,PushPop,4239,4239,1,1,224192,224192.0,224192.0,224192,224192,0.0,void cutlass::Kernel2<cutlass_80_tensorop_bf16_s16816gemm_relu_bf16_256x128_32x3_tn_align8>(T1::Params)
:model.layers.9.mlp.up_proj,PushPop,4239,4239,1,1,221440,221440.0,221440.0,221440,221440,0.0,void cutlass::Kernel2<cutlass_80_tensorop_bf16_s16816gemm_relu_bf16_256x128_32x3_tn_align8>(T1::Params)
:model.layers.9.post_attention_layernorm,PushPop,4239,4239,1,1,21184,21184.0,21184.0,21184,21184,0.0,"void at::native::vectorized_elementwise_kernel<(int)4, void at::native::<unnamed>::pow_tensor_scalar_kernel_impl<float, float>(at::TensorIteratorBase &, T2)::[lambda(float) (instance 1)], std::array<char *, (unsigned long)2>>(int, T2, T3)"
:model.layers.9.post_attention_layernorm,PushPop,4239,4239,1,1,20256,20256.0,20256.0,20256,20256,0.0,"void at::native::elementwise_kernel<(int)128, (int)2, void at::native::gpu_kernel_impl_nocast<at::native::BinaryFunctor<float, float, float, at::native::binary_internal::MulFunctor<float>>>(at::TensorIteratorBase &, const T1 &)::[lambda(int) (instance 1)]>(int, T3)"
:model.layers.9.post_attention_layernorm,PushPop,4239,4239,1,1,17376,17376.0,17376.0,17376,17376,0.0,"void at::native::unrolled_elementwise_kernel<at::native::direct_copy_kernel_cuda(at::TensorIteratorBase &)::[lambda() (instance 3)]::operator ()() const::[lambda() (instance 7)]::operator ()() const::[lambda(float) (instance 1)], std::array<char *, (unsigned long)2>, (int)4, TrivialOffsetCalculator<(int)1, unsigned int>, TrivialOffsetCalculator<(int)1, unsigned int>, at::native::memory::LoadWithCast<(int)1>, at::native::memory::StoreWithCast<(int)1>>(int, T1, T2, T4, T5, T6, T7)"
:model.layers.9.post_attention_layernorm,PushPop,4239,4239,1,1,14785,14785.0,14785.0,14785,14785,0.0,"void at::native::vectorized_elementwise_kernel<(int)4, at::native::bfloat16_copy_kernel_cuda(at::TensorIteratorBase &)::[lambda(float) (instance 1)], std::array<char *, (unsigned long)2>>(int, T2, T3)"
:model.layers.9.post_attention_layernorm,PushPop,4239,4239,1,1,13312,13312.0,13312.0,13312,13312,0.0,"void at::native::elementwise_kernel<(int)128, (int)4, void at::native::gpu_kernel_impl_nocast<at::native::BinaryFunctor<c10::BFloat16, c10::BFloat16, c10::BFloat16, at::native::binary_internal::MulFunctor<float>>>(at::TensorIteratorBase &, const T1 &)::[lambda(int) (instance 1)]>(int, T3)"
:model.layers.9.post_attention_layernorm,PushPop,4239,4239,1,1,10912,10912.0,10912.0,10912,10912,0.0,"void at::native::reduce_kernel<(int)512, (int)1, at::native::ReduceOp<float, at::native::MeanOps<float, float, float, float>, unsigned int, float, (int)4, (int)4>>(T3)"
:model.layers.9.post_attention_layernorm,PushPop,4239,4239,1,1,1568,1568.0,1568.0,1568,1568,0.0,"void at::native::vectorized_elementwise_kernel<(int)4, at::native::CUDAFunctorOnSelf_add<float>, std::array<char *, (unsigned long)2>>(int, T2, T3)"
:model.layers.9.post_attention_layernorm,PushPop,4239,4239,1,1,1472,1472.0,1472.0,1472,1472,0.0,"void at::native::vectorized_elementwise_kernel<(int)4, at::native::rsqrt_kernel_cuda(at::TensorIteratorBase &)::[lambda() (instance 2)]::operator ()() const::[lambda() (instance 2)]::operator ()() const::[lambda(float) (instance 1)], std::array<char *, (unsigned long)2>>(int, T2, T3)"
:model.layers.9.self_attn.k_norm,PushPop,4239,4239,1,1,20704,20704.0,20704.0,20704,20704,0.0,"void at::native::vectorized_elementwise_kernel<(int)4, void at::native::<unnamed>::pow_tensor_scalar_kernel_impl<float, float>(at::TensorIteratorBase &, T2)::[lambda(float) (instance 1)], std::array<char *, (unsigned long)2>>(int, T2, T3)"
:model.layers.9.self_attn.k_norm,PushPop,4239,4239,1,1,19648,19648.0,19648.0,19648,19648,0.0,"void at::native::elementwise_kernel<(int)128, (int)2, void at::native::gpu_kernel_impl_nocast<at::native::BinaryFunctor<float, float, float, at::native::binary_internal::MulFunctor<float>>>(at::TensorIteratorBase &, const T1 &)::[lambda(int) (instance 1)]>(int, T3)"
:model.layers.9.self_attn.k_norm,PushPop,4239,4239,1,1,16288,16288.0,16288.0,16288,16288,0.0,"void at::native::unrolled_elementwise_kernel<at::native::direct_copy_kernel_cuda(at::TensorIteratorBase &)::[lambda() (instance 3)]::operator ()() const::[lambda() (instance 7)]::operator ()() const::[lambda(float) (instance 1)], std::array<char *, (unsigned long)2>, (int)4, TrivialOffsetCalculator<(int)1, unsigned int>, TrivialOffsetCalculator<(int)1, unsigned int>, at::native::memory::LoadWithCast<(int)1>, at::native::memory::StoreWithCast<(int)1>>(int, T1, T2, T4, T5, T6, T7)"
:model.layers.9.self_attn.k_norm,PushPop,4239,4239,1,1,14496,14496.0,14496.0,14496,14496,0.0,"void at::native::vectorized_elementwise_kernel<(int)4, at::native::bfloat16_copy_kernel_cuda(at::TensorIteratorBase &)::[lambda(float) (instance 1)], std::array<char *, (unsigned long)2>>(int, T2, T3)"
:model.layers.9.self_attn.k_norm,PushPop,4239,4239,1,1,14080,14080.0,14080.0,14080,14080,0.0,"void at::native::reduce_kernel<(int)512, (int)1, at::native::ReduceOp<float, at::native::MeanOps<float, float, float, float>, unsigned int, float, (int)4, (int)4>>(T3)"
:model.layers.9.self_attn.k_norm,PushPop,4239,4239,1,1,12800,12800.0,12800.0,12800,12800,0.0,"void at::native::elementwise_kernel<(int)128, (int)4, void at::native::gpu_kernel_impl_nocast<at::native::BinaryFunctor<c10::BFloat16, c10::BFloat16, c10::BFloat16, at::native::binary_internal::MulFunctor<float>>>(at::TensorIteratorBase &, const T1 &)::[lambda(int) (instance 1)]>(int, T3)"
:model.layers.9.self_attn.k_norm,PushPop,4239,4239,1,1,1472,1472.0,1472.0,1472,1472,0.0,"void at::native::vectorized_elementwise_kernel<(int)4, at::native::CUDAFunctorOnSelf_add<float>, std::array<char *, (unsigned long)2>>(int, T2, T3)"
:model.layers.9.self_attn.k_norm,PushPop,4239,4239,1,1,1472,1472.0,1472.0,1472,1472,0.0,"void at::native::vectorized_elementwise_kernel<(int)4, at::native::rsqrt_kernel_cuda(at::TensorIteratorBase &)::[lambda() (instance 2)]::operator ()() const::[lambda() (instance 2)]::operator ()() const::[lambda(float) (instance 1)], std::array<char *, (unsigned long)2>>(int, T2, T3)"
:model.layers.9.self_attn.k_proj,PushPop,4239,4239,1,1,74048,74048.0,74048.0,74048,74048,0.0,ampere_bf16_s16816gemm_bf16_256x128_ldg8_f2f_stages_32x3_tn
:model.layers.9.self_attn.o_proj,PushPop,4239,4239,1,1,123392,123392.0,123392.0,123392,123392,0.0,ampere_bf16_s1688gemm_bf16_128x128_ldg8_f2f_stages_32x1_tn
:model.layers.9.self_attn.q_norm,PushPop,4239,4239,1,1,40992,40992.0,40992.0,40992,40992,0.0,"void at::native::vectorized_elementwise_kernel<(int)4, void at::native::<unnamed>::pow_tensor_scalar_kernel_impl<float, float>(at::TensorIteratorBase &, T2)::[lambda(float) (instance 1)], std::array<char *, (unsigned long)2>>(int, T2, T3)"
:model.layers.9.self_attn.q_norm,PushPop,4239,4239,1,1,38528,38528.0,38528.0,38528,38528,0.0,"void at::native::elementwise_kernel<(int)128, (int)2, void at::native::gpu_kernel_impl_nocast<at::native::BinaryFunctor<float, float, float, at::native::binary_internal::MulFunctor<float>>>(at::TensorIteratorBase &, const T1 &)::[lambda(int) (instance 1)]>(int, T3)"
:model.layers.9.self_attn.q_norm,PushPop,4239,4239,1,1,33248,33248.0,33248.0,33248,33248,0.0,"void at::native::unrolled_elementwise_kernel<at::native::direct_copy_kernel_cuda(at::TensorIteratorBase &)::[lambda() (instance 3)]::operator ()() const::[lambda() (instance 7)]::operator ()() const::[lambda(float) (instance 1)], std::array<char *, (unsigned long)2>, (int)4, TrivialOffsetCalculator<(int)1, unsigned int>, TrivialOffsetCalculator<(int)1, unsigned int>, at::native::memory::LoadWithCast<(int)1>, at::native::memory::StoreWithCast<(int)1>>(int, T1, T2, T4, T5, T6, T7)"
:model.layers.9.self_attn.q_norm,PushPop,4239,4239,1,1,31201,31201.0,31201.0,31201,31201,0.0,"void at::native::vectorized_elementwise_kernel<(int)4, at::native::bfloat16_copy_kernel_cuda(at::TensorIteratorBase &)::[lambda(float) (instance 1)], std::array<char *, (unsigned long)2>>(int, T2, T3)"
:model.layers.9.self_attn.q_norm,PushPop,4239,4239,1,1,26592,26592.0,26592.0,26592,26592,0.0,"void at::native::reduce_kernel<(int)512, (int)1, at::native::ReduceOp<float, at::native::MeanOps<float, float, float, float>, unsigned int, float, (int)4, (int)4>>(T3)"
:model.layers.9.self_attn.q_norm,PushPop,4239,4239,1,1,24032,24032.0,24032.0,24032,24032,0.0,"void at::native::elementwise_kernel<(int)128, (int)4, void at::native::gpu_kernel_impl_nocast<at::native::BinaryFunctor<c10::BFloat16, c10::BFloat16, c10::BFloat16, at::native::binary_internal::MulFunctor<float>>>(at::TensorIteratorBase &, const T1 &)::[lambda(int) (instance 1)]>(int, T3)"
:model.layers.9.self_attn.q_norm,PushPop,4239,4239,1,1,1792,1792.0,1792.0,1792,1792,0.0,"void at::native::vectorized_elementwise_kernel<(int)4, at::native::CUDAFunctorOnSelf_add<float>, std::array<char *, (unsigned long)2>>(int, T2, T3)"
:model.layers.9.self_attn.q_norm,PushPop,4239,4239,1,1,1568,1568.0,1568.0,1568,1568,0.0,"void at::native::vectorized_elementwise_kernel<(int)4, at::native::rsqrt_kernel_cuda(at::TensorIteratorBase &)::[lambda() (instance 2)]::operator ()() const::[lambda() (instance 2)]::operator ()() const::[lambda(float) (instance 1)], std::array<char *, (unsigned long)2>>(int, T2, T3)"
:model.layers.9.self_attn.q_proj,PushPop,4239,4239,1,1,150529,150529.0,150529.0,150529,150529,0.0,void cutlass::Kernel2<cutlass_80_tensorop_bf16_s16816gemm_relu_bf16_256x128_32x3_tn_align8>(T1::Params)
:model.layers.9.self_attn.v_proj,PushPop,4239,4239,1,1,73953,73953.0,73953.0,73953,73953,0.0,ampere_bf16_s16816gemm_bf16_256x128_ldg8_f2f_stages_32x3_tn
:model.norm,PushPop,4239,4239,1,1,20737,20737.0,20737.0,20737,20737,0.0,"void at::native::vectorized_elementwise_kernel<(int)4, void at::native::<unnamed>::pow_tensor_scalar_kernel_impl<float, float>(at::TensorIteratorBase &, T2)::[lambda(float) (instance 1)], std::array<char *, (unsigned long)2>>(int, T2, T3)"
:model.norm,PushPop,4239,4239,1,1,20448,20448.0,20448.0,20448,20448,0.0,"void at::native::elementwise_kernel<(int)128, (int)2, void at::native::gpu_kernel_impl_nocast<at::native::BinaryFunctor<float, float, float, at::native::binary_internal::MulFunctor<float>>>(at::TensorIteratorBase &, const T1 &)::[lambda(int) (instance 1)]>(int, T3)"
:model.norm,PushPop,4239,4239,1,1,17344,17344.0,17344.0,17344,17344,0.0,"void at::native::unrolled_elementwise_kernel<at::native::direct_copy_kernel_cuda(at::TensorIteratorBase &)::[lambda() (instance 3)]::operator ()() const::[lambda() (instance 7)]::operator ()() const::[lambda(float) (instance 1)], std::array<char *, (unsigned long)2>, (int)4, TrivialOffsetCalculator<(int)1, unsigned int>, TrivialOffsetCalculator<(int)1, unsigned int>, at::native::memory::LoadWithCast<(int)1>, at::native::memory::StoreWithCast<(int)1>>(int, T1, T2, T4, T5, T6, T7)"
:model.norm,PushPop,4239,4239,1,1,14816,14816.0,14816.0,14816,14816,0.0,"void at::native::vectorized_elementwise_kernel<(int)4, at::native::bfloat16_copy_kernel_cuda(at::TensorIteratorBase &)::[lambda(float) (instance 1)], std::array<char *, (unsigned long)2>>(int, T2, T3)"
:model.norm,PushPop,4239,4239,1,1,13344,13344.0,13344.0,13344,13344,0.0,"void at::native::elementwise_kernel<(int)128, (int)4, void at::native::gpu_kernel_impl_nocast<at::native::BinaryFunctor<c10::BFloat16, c10::BFloat16, c10::BFloat16, at::native::binary_internal::MulFunctor<float>>>(at::TensorIteratorBase &, const T1 &)::[lambda(int) (instance 1)]>(int, T3)"
:model.norm,PushPop,4239,4239,1,1,10880,10880.0,10880.0,10880,10880,0.0,"void at::native::reduce_kernel<(int)512, (int)1, at::native::ReduceOp<float, at::native::MeanOps<float, float, float, float>, unsigned int, float, (int)4, (int)4>>(T3)"
:model.norm,PushPop,4239,4239,1,1,1600,1600.0,1600.0,1600,1600,0.0,"void at::native::vectorized_elementwise_kernel<(int)4, at::native::CUDAFunctorOnSelf_add<float>, std::array<char *, (unsigned long)2>>(int, T2, T3)"
:model.norm,PushPop,4239,4239,1,1,1472,1472.0,1472.0,1472,1472,0.0,"void at::native::vectorized_elementwise_kernel<(int)4, at::native::rsqrt_kernel_cuda(at::TensorIteratorBase &)::[lambda() (instance 2)]::operator ()() const::[lambda() (instance 2)]::operator ()() const::[lambda(float) (instance 1)], std::array<char *, (unsigned long)2>>(int, T2, T3)"
:model.rotary_emb,PushPop,4239,4239,1,1,4640,4640.0,4640.0,4640,4640,0.0,"void at::native::<unnamed>::CatArrayBatchedCopy<at::native::<unnamed>::OpaqueType<(unsigned int)4>, unsigned int, (int)3, (int)64, (int)64>(T1 *, at::native::<unnamed>::CatArrInputTensorMetadata<T1, T2, T4, T5>, at::native::<unnamed>::TensorSizeStride<T2, (unsigned int)4>, int, T2)"
:model.rotary_emb,PushPop,4239,4239,1,2,3648,1824.0,1824.0,1792,1856,45.3,"void at::native::vectorized_elementwise_kernel<(int)4, at::native::AUnaryFunctor<float, float, float, at::native::binary_internal::MulFunctor<float>>, std::array<char *, (unsigned long)2>>(int, T2, T3)"
:model.rotary_emb,PushPop,4239,4239,1,2,3552,1776.0,1776.0,1760,1792,22.6,"void at::native::vectorized_elementwise_kernel<(int)4, at::native::bfloat16_copy_kernel_cuda(at::TensorIteratorBase &)::[lambda(float) (instance 1)], std::array<char *, (unsigned long)2>>(int, T2, T3)"
:model.rotary_emb,PushPop,4239,4239,1,1,2688,2688.0,2688.0,2688,2688,0.0,"void at::native::vectorized_elementwise_kernel<(int)4, at::native::cos_kernel_cuda(at::TensorIteratorBase &)::[lambda() (instance 2)]::operator ()() const::[lambda() (instance 2)]::operator ()() const::[lambda(float) (instance 1)], std::array<char *, (unsigned long)2>>(int, T2, T3)"
:model.rotary_emb,PushPop,4239,4239,1,1,2688,2688.0,2688.0,2688,2688,0.0,"void at::native::vectorized_elementwise_kernel<(int)4, at::native::sin_kernel_cuda(at::TensorIteratorBase &)::[lambda() (instance 2)]::operator ()() const::[lambda() (instance 2)]::operator ()() const::[lambda(float) (instance 1)], std::array<char *, (unsigned long)2>>(int, T2, T3)"
:model.rotary_emb,PushPop,4239,4239,1,1,2560,2560.0,2560.0,2560,2560,0.0,"void at::native::unrolled_elementwise_kernel<at::native::direct_copy_kernel_cuda(at::TensorIteratorBase &)::[lambda() (instance 3)]::operator ()() const::[lambda() (instance 7)]::operator ()() const::[lambda(float) (instance 1)], std::array<char *, (unsigned long)2>, (int)4, TrivialOffsetCalculator<(int)1, unsigned int>, TrivialOffsetCalculator<(int)1, unsigned int>, at::native::memory::LoadWithCast<(int)1>, at::native::memory::StoreWithCast<(int)1>>(int, T1, T2, T4, T5, T6, T7)"
:model.rotary_emb,PushPop,4239,4239,1,1,1888,1888.0,1888.0,1888,1888,0.0,"void gemmk1_kernel<int, float, (int)256, (int)5, (bool)0, (bool)0, (bool)0, (bool)0, cublasGemvTensorStridedBatched<const float>, cublasGemvTensorStridedBatched<const float>, cublasGemvTensorStridedBatched<float>, float, (int)0>(cublasGemmk1Params<T2, T9, T10, T11, T12, biasType<T11::value_type, T12>::type>)"
:prefill_S2048,PushPop,4239,4239,1,84,16692415,198719.2,221393.0,150113,224609,34305.7,void cutlass::Kernel2<cutlass_80_tensorop_bf16_s16816gemm_relu_bf16_256x128_32x3_tn_align8>(T1::Params)
:prefill_S2048,PushPop,4239,4239,1,28,8768672,313166.9,314769.0,296609,322369,6835.8,"void pytorch_flash::flash_fwd_kernel<Flash_fwd_kernel_traits<(int)128, (int)64, (int)64, (int)4, (bool)0, (bool)0, cutlass::bfloat16_t, Flash_kernel_traits<(int)128, (int)64, (int)64, (int)4, cutlass::bfloat16_t>>, (bool)0, (bool)1, (bool)0, (bool)0, (bool)1, (bool)1, (bool)0, (bool)0>(pytorch_flash::Flash_fwd_params)"
:prefill_S2048,PushPop,4239,4239,1,56,8483485,151490.8,151520.5,122784,180161,28579.2,ampere_bf16_s1688gemm_bf16_128x128_ldg8_f2f_stages_32x1_tn
:prefill_S2048,PushPop,4239,4239,1,56,4144946,74016.9,74016.0,73728,74176,75.8,ampere_bf16_s16816gemm_bf16_256x128_ldg8_f2f_stages_32x3_tn
:prefill_S2048,PushPop,4239,4239,1,225,3928779,17461.2,13696.0,12224,25536,5465.5,"void at::native::elementwise_kernel<(int)128, (int)4, void at::native::gpu_kernel_impl_nocast<at::native::BinaryFunctor<c10::BFloat16, c10::BFloat16, c10::BFloat16, at::native::binary_internal::MulFunctor<float>>>(at::TensorIteratorBase &, const T1 &)::[lambda(int) (instance 1)]>(int, T3)"
:prefill_S2048,PushPop,4239,4239,1,113,2925127,25886.1,20928.0,20448,41888,8819.3,"void at::native::vectorized_elementwise_kernel<(int)4, void at::native::<unnamed>::pow_tensor_scalar_kernel_impl<float, float>(at::TensorIteratorBase &, T2)::[lambda(float) (instance 1)], std::array<char *, (unsigned long)2>>(int, T2, T3)"
:prefill_S2048,PushPop,4239,4239,1,112,2909329,25976.2,24928.0,18048,36096,6352.8,"void at::native::<unnamed>::CatArrayBatchedCopy<at::native::<unnamed>::OpaqueType<(unsigned int)2>, unsigned int, (int)4, (int)64, (int)64>(T1 *, at::native::<unnamed>::CatArrInputTensorMetadata<T1, T2, T4, T5>, at::native::<unnamed>::TensorSizeStride<T2, (unsigned int)4>, int, T2)"
:prefill_S2048,PushPop,4239,4239,1,113,2811117,24877.1,20448.0,19552,39457,8026.4,"void at::native::elementwise_kernel<(int)128, (int)2, void at::native::gpu_kernel_impl_nocast<at::native::BinaryFunctor<float, float, float, at::native::binary_internal::MulFunctor<float>>>(at::TensorIteratorBase &, const T1 &)::[lambda(int) (instance 1)]>(int, T3)"
:prefill_S2048,PushPop,4239,4239,1,114,2374881,20832.3,17312.0,2560,33280,7142.9,"void at::native::unrolled_elementwise_kernel<at::native::direct_copy_kernel_cuda(at::TensorIteratorBase &)::[lambda() (instance 3)]::operator ()() const::[lambda() (instance 7)]::operator ()() const::[lambda(float) (instance 1)], std::array<char *, (unsigned long)2>, (int)4, TrivialOffsetCalculator<(int)1, unsigned int>, TrivialOffsetCalculator<(int)1, unsigned int>, at::native::memory::LoadWithCast<(int)1>, at::native::memory::StoreWithCast<(int)1>>(int, T1, T2, T4, T5, T6, T7)"
:prefill_S2048,PushPop,4239,4239,1,115,2133769,18554.5,14752.0,1760,31936,7615.2,"void at::native::vectorized_elementwise_kernel<(int)4, at::native::bfloat16_copy_kernel_cuda(at::TensorIteratorBase &)::[lambda(float) (instance 1)], std::array<char *, (unsigned long)2>>(int, T2, T3)"
:prefill_S2048,PushPop,4239,4239,1,113,1753930,15521.5,11168.0,10208,26752,6530.4,"void at::native::reduce_kernel<(int)512, (int)1, at::native::ReduceOp<float, at::native::MeanOps<float, float, float, float>, unsigned int, float, (int)4, (int)4>>(T3)"
:prefill_S2048,PushPop,4239,4239,1,56,1393826,24889.8,24928.5,17056,32736,7593.1,"void at::native::elementwise_kernel<(int)128, (int)4, void at::native::gpu_kernel_impl_nocast<at::native::CUDAFunctor_add<c10::BFloat16>>(at::TensorIteratorBase &, const T1 &)::[lambda(int) (instance 1)]>(int, T3)"
:prefill_S2048,PushPop,4239,4239,1,28,1286792,45956.9,45920.5,45536,46465,234.1,"void at::native::vectorized_elementwise_kernel<(int)4, at::native::BinaryFunctor<c10::BFloat16, c10::BFloat16, c10::BFloat16, at::native::binary_internal::MulFunctor<float>>, std::array<char *, (unsigned long)3>>(int, T2, T3)"
:prefill_S2048,PushPop,4239,4239,1,28,878180,31363.6,31344.0,31008,31808,205.1,"void at::native::vectorized_elementwise_kernel<(int)4, at::native::<unnamed>::silu_kernel(at::TensorIteratorBase &)::[lambda() (instance 1)]::operator ()() const::[lambda() (instance 6)]::operator ()() const::[lambda(c10::BFloat16) (instance 1)], std::array<char *, (unsigned long)2>>(int, T2, T3)"
:prefill_S2048,PushPop,4239,4239,1,56,781348,13952.6,13968.0,13152,14464,277.9,"void at::native::vectorized_elementwise_kernel<(int)4, at::native::CUDAFunctor_add<c10::BFloat16>, std::array<char *, (unsigned long)3>>(int, T2, T3)"
:prefill_S2048,PushPop,4239,4239,1,56,574912,10266.3,10160.0,6720,13728,3336.5,"void at::native::elementwise_kernel<(int)128, (int)4, void at::native::gpu_kernel_impl_nocast<at::native::neg_kernel_cuda(at::TensorIteratorBase &)::[lambda() (instance 2)]::operator ()() const::[lambda() (instance 9)]::operator ()() const::[lambda(c10::BFloat16) (instance 1)]>(at::TensorIteratorBase &, const T1 &)::[lambda(int) (instance 1)]>(int, T3)"
:prefill_S2048,PushPop,4239,4239,1,1,357889,357889.0,357889.0,357889,357889,0.0,"void gemv2T_kernel_val<int, int, __nv_bfloat16, __nv_bfloat16, __nv_bfloat16, float, (int)128, (int)16, (int)4, (int)4, (bool)0, (bool)0, cublasGemvParamsEx<int, cublasGemvTensorStridedBatched<const __nv_bfloat16>, cublasGemvTensorStridedBatched<const __nv_bfloat16>, cublasGemvTensorStridedBatched<__nv_bfloat16>, float>>(T13, T6, T6)"
:prefill_S2048,PushPop,4239,4239,1,113,180961,1601.4,1568.0,1408,2016,157.2,"void at::native::vectorized_elementwise_kernel<(int)4, at::native::CUDAFunctorOnSelf_add<float>, std::array<char *, (unsigned long)2>>(int, T2, T3)"
:prefill_S2048,PushPop,4239,4239,1,113,167488,1482.2,1472.0,1440,1568,25.8,"void at::native::vectorized_elementwise_kernel<(int)4, at::native::rsqrt_kernel_cuda(at::TensorIteratorBase &)::[lambda() (instance 2)]::operator ()() const::[lambda() (instance 2)]::operator ()() const::[lambda(float) (instance 1)], std::array<char *, (unsigned long)2>>(int, T2, T3)"
:prefill_S2048,PushPop,4239,4239,1,1,8800,8800.0,8800.0,8800,8800,0.0,"void at::native::vectorized_gather_kernel<(int)16, long>(char *, char *, T2 *, int, long, long, long, long, bool)"
:prefill_S2048,PushPop,4239,4239,1,1,4640,4640.0,4640.0,4640,4640,0.0,"void at::native::<unnamed>::CatArrayBatchedCopy<at::native::<unnamed>::OpaqueType<(unsigned int)4>, unsigned int, (int)3, (int)64, (int)64>(T1 *, at::native::<unnamed>::CatArrInputTensorMetadata<T1, T2, T4, T5>, at::native::<unnamed>::TensorSizeStride<T2, (unsigned int)4>, int, T2)"
:prefill_S2048,PushPop,4239,4239,1,2,3648,1824.0,1824.0,1792,1856,45.3,"void at::native::vectorized_elementwise_kernel<(int)4, at::native::AUnaryFunctor<float, float, float, at::native::binary_internal::MulFunctor<float>>, std::array<char *, (unsigned long)2>>(int, T2, T3)"
:prefill_S2048,PushPop,4239,4239,1,1,3392,3392.0,3392.0,3392,3392,0.0,"void at::native::unrolled_elementwise_kernel<at::native::direct_copy_kernel_cuda(at::TensorIteratorBase &)::[lambda() (instance 3)]::operator ()() const::[lambda() (instance 11)]::operator ()() const::[lambda(bool) (instance 1)], std::array<char *, (unsigned long)2>, (int)4, TrivialOffsetCalculator<(int)1, unsigned int>, TrivialOffsetCalculator<(int)1, unsigned int>, at::native::memory::LoadWithCast<(int)1>, at::native::memory::StoreWithCast<(int)1>>(int, T1, T2, T4, T5, T6, T7)"
:prefill_S2048,PushPop,4239,4239,1,1,3264,3264.0,3264.0,3264,3264,0.0,"void at::native::reduce_kernel<(int)512, (int)1, at::native::ReduceOp<long, at::native::func_wrapper_t<long, at::native::sum_functor<long, long, long>::operator ()(at::TensorIterator &)::[lambda(long, long) (instance 1)]>, unsigned int, long, (int)4, (int)4>>(T3)"
:prefill_S2048,PushPop,4239,4239,1,1,2720,2720.0,2720.0,2720,2720,0.0,"void at::native::unrolled_elementwise_kernel<at::native::direct_copy_kernel_cuda(at::TensorIteratorBase &)::[lambda() (instance 3)]::operator ()() const::[lambda() (instance 4)]::operator ()() const::[lambda(long) (instance 1)], std::array<char *, (unsigned long)2>, (int)4, TrivialOffsetCalculator<(int)1, unsigned int>, TrivialOffsetCalculator<(int)1, unsigned int>, at::native::memory::LoadWithCast<(int)1>, at::native::memory::StoreWithCast<(int)1>>(int, T1, T2, T4, T5, T6, T7)"
:prefill_S2048,PushPop,4239,4239,1,1,2688,2688.0,2688.0,2688,2688,0.0,"void at::native::vectorized_elementwise_kernel<(int)4, at::native::cos_kernel_cuda(at::TensorIteratorBase &)::[lambda() (instance 2)]::operator ()() const::[lambda() (instance 2)]::operator ()() const::[lambda(float) (instance 1)], std::array<char *, (unsigned long)2>>(int, T2, T3)"
:prefill_S2048,PushPop,4239,4239,1,1,2688,2688.0,2688.0,2688,2688,0.0,"void at::native::vectorized_elementwise_kernel<(int)4, at::native::sin_kernel_cuda(at::TensorIteratorBase &)::[lambda() (instance 2)]::operator ()() const::[lambda() (instance 2)]::operator ()() const::[lambda(float) (instance 1)], std::array<char *, (unsigned long)2>>(int, T2, T3)"
:prefill_S2048,PushPop,4239,4239,1,1,1888,1888.0,1888.0,1888,1888,0.0,"void gemmk1_kernel<int, float, (int)256, (int)5, (bool)0, (bool)0, (bool)0, (bool)0, cublasGemvTensorStridedBatched<const float>, cublasGemvTensorStridedBatched<const float>, cublasGemvTensorStridedBatched<float>, float, (int)0>(cublasGemmk1Params<T2, T9, T10, T11, T12, biasType<T11::value_type, T12>::type>)"
:prefill_S2048,PushPop,4239,4239,1,1,1440,1440.0,1440.0,1440,1440,0.0,"void at::native::vectorized_elementwise_kernel<(int)2, at::native::CUDAFunctorOnSelf_add<long>, std::array<char *, (unsigned long)2>>(int, T2, T3)"
:prefill_S2048,PushPop,4239,4239,1,1,1312,1312.0,1312.0,1312,1312,0.0,"void at::native::vectorized_elementwise_kernel<(int)4, at::native::AUnaryFunctor<long, long, bool, at::native::<unnamed>::CompareEqFunctor<long>>, std::array<char *, (unsigned long)2>>(int, T2, T3)"
:prefill_S2048,PushPop,4239,4239,1,1,1280,1280.0,1280.0,1280,1280,0.0,"void <unnamed>::elementwise_kernel_with_index<int, at::native::arange_cuda_out(const c10::Scalar &, const c10::Scalar &, const c10::Scalar &, at::Tensor &)::[lambda() (instance 1)]::operator ()() const::[lambda() (instance 4)]::operator ()() const::[lambda(long) (instance 1)]>(T1, T2, function_traits<T2>::result_type *)"
